coin,fundingRate_avg_5d,isNew
SOPH,-246.26016442999995,False
TRUMP,-86.63417349999999,False
MOVE,-56.868011779999996,False
TRX,-52.9850644,False
EIGEN,-35.574470960000006,False
BRETT,-35.04141839,False
ME,-29.727320609999996,False
UMA,-29.43191516,False
STABLE,-28.85985431,False
CHIP,-28.40883184,False
LAYER,-28.02437223,False
XLM,-24.70367231,False
kNEIRO,-21.020525929999998,False
IO,-19.993407900000005,False
ALT,-18.926085120000003,False
GAS,-17.540995530000004,False
MOODENG,-17.44003872,False
ZORA,-15.116509310000001,False
MINA,-14.438786069999999,False
IP,-12.36553278,False
AVAX,-9.55854189,False
POL,-9.51720053,False
AIXBT,-8.90801991,False
SKR,-8.353765220000001,False
kLUNC,-7.286680419999999,False
2Z,-6.932568369999998,False
0G,-6.84129939,False
NOT,-6.707966350000001,False
ZEC,-6.3511751999999975,False
ETC,-5.53063622,False
STRK,-5.496775899999999,False
IOTA,-5.21760419,False
JUP,-3.9474465299999983,False
SEI,-3.833398629999999,False
SNX,-2.972060679999999,False
ZK,-2.6807074599999985,False
W,-2.3280583299999984,False
HYPER,-2.195825399999999,False
FIL,-2.12828361,False
APE,-2.0846755999999997,False
ZEN,-2.0104747499999993,False
SAND,-1.9854299099999997,False
XAI,-1.585344649999999,False
ORDI,-1.41394211,False
RENDER,-0.7214115499999989,False
TIA,-0.28291587999999956,False
OP,-0.21841891999999913,False
HMSTR,-0.17528613999999862,False
