coin,fundingRate_avg_5d,isNew
AXS,-937.7329318,True
0G,-742.88102885,False
RESOLV,-706.62083239,False
BERA,-438.36250705,False
KAITO,-174.19741873000004,False
DASH,-165.75571552,True
YZY,-165.18660971,False
AVNT,-156.39031046,False
MOODENG,-147.40552520999998,False
ZORA,-88.67815306,False
BLAST,-87.31170767,False
ME,-86.06437346000003,False
LAYER,-61.30725639,False
SUPER,-51.21835636,False
DYM,-49.34063211,False
MANTA,-47.96389226,False
REZ,-46.365646319999996,False
MOVE,-46.12571503,False
WCT,-45.89876679,False
IP,-44.71242773,False
IO,-42.50401713000001,False
ACE,-41.55040279999999,False
XAI,-40.03509873,False
WLFI,-39.821835799999995,False
FOGO,-37.99078191000001,False
ANIME,-37.24137047999999,False
SKY,-34.34249376,False
ZETA,-30.8719044,False
POPCAT,-30.272011569999997,False
SAND,-26.65466885,False
SOPH,-25.75592278,False
STRK,-23.840276489999997,False
APT,-23.47817751,False
POL,-22.79602901,False
kLUNC,-22.387729059999998,False
AIXBT,-22.1248911,False
kPEPE,-21.446579480000004,False
ATOM,-20.67336056,False
LINEA,-20.602609689999998,False
kFLOKI,-16.65540114,False
EIGEN,-16.52634517,False
HEMI,-14.800898190000002,False
TRUMP,-13.96885076,False
AVAX,-13.76785475,False
PROVE,-12.260078440000001,False
TURBO,-11.964743799999999,False
NIL,-11.780640720000001,False
ICP,-10.85518322,False
ETC,-10.79393987,False
SPX,-10.647420109999999,False
ZEC,-9.95619333,False
SAGA,-9.91622656,False
CAKE,-9.094659009999999,False
GOAT,-9.04718273,False
BABY,-8.94654347,False
RSR,-8.739768049999999,False
ENA,-8.34303714,False
STX,-8.2820982,False
2Z,-7.528229390000001,False
MERL,-7.14655327,False
BCH,-6.5529610699999985,False
PNUT,-6.30223673,False
RENDER,-5.854039359999999,False
BRETT,-5.10584338,False
LTC,-5.03563271,False
PENGU,-4.641410079999999,False
PAXG,-4.60032933,False
XLM,-3.90036591,False
SNX,-3.3365825299999994,False
BTC,-2.9053175099999997,False
VVV,-2.8075748899999993,False
SOL,-2.63423566,False
NOT,-1.9557663599999988,False
S,-1.575933489999999,False
STABLE,-1.4447181799999989,False
CRV,-1.02250516,False
TNSR,-0.9674923599999989,False
VIRTUAL,-0.8461546799999999,False
