coin,fundingRate_avg_5d,isNew
ACE,-277.30960572892565,False
POLYX,-56.269273586776855,False
GMT,-51.76031987107439,False
ZORA,-27.7994270677686,False
GAS,-26.866461728925614,False
ME,-26.75557026446281,False
ZETA,-26.64793809917355,False
kNEIRO,-25.036782247933886,False
NEO,-23.60227650247934,False
YGG,-22.73576698512397,False
W,-19.796341021487603,False
TURBO,-19.408098545454546,False
SOPH,-17.57266497520661,False
SUPER,-16.31455232727273,False
ATOM,-13.99943780826446,False
SEI,-11.147186876033057,False
AERO,-10.999897973553717,False
OP,-10.578518082644626,False
MERL,-9.42572669752066,False
S,-9.160906829752067,False
WCT,-8.988696089256198,False
HYPER,-8.96098553057851,False
TIA,-8.383934647933884,False
MOVE,-7.123794168595041,False
KAS,-6.733972720661157,False
VIRTUAL,-6.391668842975206,False
TRB,-6.257754505785123,False
MINA,-5.5290781586776845,False
AIXBT,-5.231033999999999,False
UMA,-4.579576690909089,False
SKR,-3.743342023140494,False
BSV,-3.088056376859503,False
CAKE,-2.8837246710743787,False
2Z,-2.548339021487603,False
REZ,-2.2968329057851222,False
FIL,-2.1968385917355375,False
XAI,-1.948710505785123,False
MORPHO,-1.6925080165289241,False
BLUR,-1.241622128925618,False
IO,-1.1906534082644622,False
