coin,fundingRate_avg_5d,isNew
TNSR,-464.58461148000004,False
LAYER,-192.8012167834711,False
ACE,-153.30868687933884,False
VVV,-110.83363543140499,False
CHIP,-68.91136604628097,False
STABLE,-61.702285676033064,False
AXS,-51.17220822148761,False
TRUMP,-49.69724213553719,False
ME,-46.17302779,False
KAITO,-44.68435530247933,False
0G,-44.204630915702474,False
RESOLV,-42.40717520330578,False
BLUR,-39.749460704132225,False
MINA,-38.840213246280996,False
kNEIRO,-36.526730410000006,False
kLUNC,-36.511358558677685,False
S,-35.75581724628099,False
GAS,-34.63683149752067,False
XAI,-33.90972932,False
ATOM,-32.709210148760334,False
ANIME,-32.479546115702476,False
BABY,-29.101520707438016,False
PROVE,-27.300929494214877,False
ADA,-27.24651758677686,False
AVNT,-26.244808690909093,False
AIXBT,-25.524209099999997,False
kSHIB,-22.7099220892562,False
HYPER,-21.502242426446283,False
USUAL,-19.5572994446281,False
RSR,-19.32151065123967,False
IO,-18.793813500000002,False
STRK,-18.74479984,False
YGG,-16.96883383140496,False
INIT,-14.84725667107438,False
BIO,-13.532972152066113,False
XLM,-12.42105585,False
MEME,-11.12329741487603,False
ICP,-11.119605907438016,False
DOT,-10.673196307438015,False
ARK,-10.364322327272726,False
IP,-9.663150208264463,False
AVAX,-9.197667699173552,False
IOTA,-9.09530433,False
BIGTIME,-8.16236601322314,False
UMA,-7.244952159999999,False
ALT,-6.887515690000002,False
ZORA,-6.7725464033057845,False
2Z,-6.585455246280991,False
BERA,-6.348427021487602,False
SUSHI,-5.835495719008266,False
MORPHO,-5.381120310743801,False
SAGA,-5.19807669,False
OP,-4.099353490909091,False
SUI,-4.0342818942148755,False
BCH,-4.033073593388429,False
TRX,-3.141882595041322,False
REZ,-2.8878858399999987,False
ARB,-1.9826891702479335,False
VIRTUAL,-1.7829705818181811,False
PENGU,-1.6084542599999991,False
MET,-1.1535493785123963,False
TIA,-0.7191923801652892,False
WIF,-0.7067068462809909,False
INJ,-0.6273716528925615,False
CRV,-0.5645486975206612,False
APT,-0.006907368595040904,False
