coin,fundingRate_avg_5d,isNew
ME,-267.55244745999994,False
STABLE,-83.38565160000002,False
CELO,-73.74316263000001,False
ZETA,-33.97832012,False
ATOM,-26.53243327,False
HMSTR,-26.051105579999998,False
MINA,-25.41170515,False
MANTA,-21.753661280000006,False
HYPER,-20.38079262,False
kNEIRO,-19.56149318,False
IOTA,-16.05563606,False
DYDX,-14.260443420000001,False
TRX,-13.040785700000004,False
0G,-12.24072833,False
PYTH,-12.08231395,False
TRUMP,-9.188396849999997,False
BLUR,-8.09675412,False
W,-3.8052987399999996,False
TIA,-3.797535919999999,False
INJ,-3.3156490499999998,False
AIXBT,-3.2071973299999996,False
GAS,-3.0143692899999994,False
ALT,-2.87179737,False
BCH,-2.42684631,False
