coin,fundingRate_avg_5d,isNew
BLUR,-425.13375146,False
TNSR,-210.62138119999995,False
BLAST,-197.03881067,False
0G,-163.21091653999997,False
TRUMP,-148.03773003,False
AXS,-100.19077062999999,False
STABLE,-90.95725905,False
YZY,-88.64239547,False
POL,-84.74480429,False
MINA,-71.61594117000001,False
DYM,-70.36442917000002,False
REZ,-70.25714837000001,False
JTO,-64.5566302,False
COMP,-55.471990440000006,False
BERA,-47.040574389999996,False
IMX,-46.33802531,False
APT,-45.82724139,False
TURBO,-44.927689400000006,False
ALT,-43.89470655,False
EIGEN,-41.150646040000005,False
GAS,-40.83706213,False
W,-39.18512834,False
WLFI,-38.17204237,False
FET,-37.672918010000004,False
DASH,-36.37078416,False
NEO,-34.746031190000004,False
DOT,-33.913599780000006,False
SUPER,-30.26169813,False
2Z,-25.82040952,False
MOVE,-24.988146009999998,False
STX,-24.337226910000002,False
SEI,-22.801266029999997,False
BSV,-22.424172849999998,False
STRK,-21.826623320000003,False
HYPER,-20.573467360000002,False
OP,-19.247173430000004,False
SAND,-18.5828581,False
XAI,-15.847637890000001,False
IOTA,-15.4579544,False
kNEIRO,-15.234704340000002,False
ARK,-15.14999514,False
HBAR,-14.647458760000001,False
GMT,-14.281836070000002,False
ICP,-13.97747644,False
SOPH,-13.850947730000003,False
BABY,-13.728086539999998,False
IP,-13.3120318,False
kLUNC,-12.97308696,False
APE,-12.944834499999999,False
PROVE,-12.5673369,False
ZETA,-12.51160286,False
POLYX,-12.16340673,False
RESOLV,-11.859533279999999,False
S,-11.824726879999998,False
IO,-10.73768826,False
ZEC,-9.88671339,False
KAITO,-8.66245959,False
USTC,-7.732217669999999,False
ARB,-7.65776789,False
AVNT,-7.6367949899999985,False
AIXBT,-7.466586729999999,False
ADA,-7.3270187600000005,False
BANANA,-7.045858529999999,False
MERL,-6.874364009999997,False
TIA,-6.6651263,False
ANIME,-6.513210379999999,False
JUP,-6.48949414,False
INJ,-6.381317629999999,False
PENGU,-4.785223,False
kSHIB,-4.60930687,False
KAS,-3.5007514999999985,False
SUSHI,-2.4116418699999995,False
kFLOKI,-2.1980679599999995,False
USUAL,-1.1052046699999984,False
MEW,-1.0536936799999994,False
XRP,-0.82563803,False
TST,-0.017671109999999497,False
SUI,-0.013921099999999857,False
