coin,fundingRate_avg_5d,isNew
HYPER,-349.42782761,False
YZY,-258.61136877000007,False
STABLE,-233.41425003999998,False
SKR,-171.73986789000003,False
CHIP,-111.18090821999999,True
BLAST,-98.86108220000001,False
AXS,-87.95930161999999,False
APE,-81.54612825000001,False
BIO,-78.26272622000002,False
TRUMP,-52.48065849,False
kNEIRO,-32.192390450000005,False
AVNT,-31.763946880000002,False
COMP,-31.740273709999997,False
2Z,-29.740926350000002,False
REZ,-29.522932290000004,False
MORPHO,-29.44299875,False
AZTEC,-27.569896130000004,False
ALT,-26.726391349999997,False
TRX,-23.857273810000002,False
BANANA,-19.155981829999998,False
BABY,-18.449817790000004,False
BLUR,-18.23143099,False
INJ,-18.17447201,False
0G,-17.66584889,False
USTC,-17.39826885,False
MINA,-16.987281769999996,False
WLD,-15.05291682,False
JUP,-13.93561167,False
kLUNC,-13.30748317,False
EIGEN,-12.301985550000001,False
STRK,-12.174173499999998,False
CAKE,-11.805960039999999,False
UMA,-11.50489052,False
JTO,-10.53439129,False
PNUT,-10.28455098,False
XAI,-10.241215989999999,False
AERO,-10.03227685,False
POL,-9.93351004,False
PROVE,-9.760026270000001,False
DYM,-9.0410938,False
MET,-8.133011759999997,False
S,-8.00636333,False
W,-7.459783860000001,False
MOVE,-7.255982459999999,False
WLFI,-6.054182729999999,False
TIA,-5.613902210000001,False
MON,-5.444165529999999,False
ZK,-4.7188652699999984,False
DOT,-4.65658386,False
KAITO,-4.60024757,False
IMX,-3.09368379,False
SNX,-3.0378183500000002,False
SUI,-2.5200906699999996,False
ACE,-2.5176167,False
BERA,-2.4197054499999986,False
INIT,-2.2557131399999983,False
MERL,-1.8161735699999995,False
USUAL,-1.5437032599999987,False
GMX,-1.1990439799999997,False
SOL,-1.17531241,False
SAND,-1.1469686999999984,False
TAO,-1.14376619,False
