coin,fundingRate_avg_5d,isNew
POLYX,-661.6396485719007,False
REZ,-550.1998262082644,False
SUPER,-504.667179292562,False
ZETA,-226.3649671041322,False
GAS,-205.32247264462805,False
BERA,-186.1497987371901,False
FTT,-166.39353145785125,False
ALT,-160.268279553719,False
2Z,-112.70192986115703,False
BLAST,-100.26340821818181,False
JTO,-95.41100096528925,False
ME,-89.56334984132232,False
NIL,-76.63957198016529,False
TURBO,-72.64409254214875,False
SOPH,-72.41770083966942,False
BSV,-51.91648967603306,False
STABLE,-49.77278157024793,False
AVNT,-48.55761681322314,False
MOODENG,-46.290252981818185,False
MOVE,-39.309545811570246,False
APT,-37.252773104132224,False
0G,-36.52789323966943,False
TRUMP,-35.88315579173554,False
XAI,-35.501869190082644,False
BLUR,-33.59644321983472,False
LAYER,-33.52327405289255,False
CELO,-32.82440921652892,False
AXS,-32.58594174545454,False
EIGEN,-30.938832247933885,False
ZORA,-30.397397642975204,False
IO,-29.190693163636354,False
STRK,-28.85674603636364,False
BANANA,-26.124385477685955,False
PROVE,-23.255452175206614,False
DYM,-22.951878357024796,False
MEW,-22.579009319008268,False
AERO,-22.317428479338847,False
kNEIRO,-20.228235084297523,False
KAS,-19.271567067768594,False
kLUNC,-18.71809072066116,False
IMX,-18.637501616528922,False
W,-18.48677387107438,False
S,-17.99314063140496,False
FET,-16.68973371570248,False
ANIME,-16.406556942148757,False
OP,-16.095984535537195,False
HYPER,-15.770733699173556,False
SEI,-15.217208846280995,False
AIXBT,-14.383977193388432,False
MERL,-11.874232849586777,False
DOT,-10.957201299173553,False
ACE,-9.624592452892564,False
kFLOKI,-9.5360346446281,False
kBONK,-8.576449765289256,False
HEMI,-7.619497229752061,False
ENA,-7.429979335537189,False
MEME,-6.9320920661157,False
POL,-5.867205471074381,False
MINA,-5.573190912396692,False
INIT,-5.077146138842975,False
BABY,-4.71429607933884,False
TIA,-4.484979550413223,False
PENGU,-4.400719209917354,False
ZEC,-4.253626502479339,False
kSHIB,-3.707176978512396,False
ALGO,-3.5896489090909087,False
DOOD,-3.538765616528926,False
SNX,-3.080553183471075,False
BTC,-2.6977440793388427,False
STX,-2.655038717355371,False
VVV,-2.2006857520661147,False
XRP,-2.114073242975207,False
VIRTUAL,-2.048508624793388,False
SOL,-2.0036986909090904,False
DASH,-1.0523047735537185,False
SCR,-0.7262503338842962,False
ARK,-0.10754094545454503,False
HBAR,-0.07079093553719007,False
