coin,fundingRate_avg_5d,isNew
XAI,-396.58765991,False
TURBO,-219.30836514,False
RESOLV,-179.07250765,False
BLAST,-163.69621835,False
TRUMP,-137.93243347,False
DOOD,-132.45536392000002,False
DYM,-102.27001576,False
WIF,-89.34195593,False
VVV,-75.73188995000001,False
POLYX,-72.04234147,False
COMP,-66.34895832,False
ACE,-58.21177242000001,False
SOPH,-54.22104273,False
UMA,-45.99365146,False
MOODENG,-44.636680739999996,False
DOT,-37.954208910000006,False
GRASS,-37.052054469999995,False
ZORA,-35.06232413,False
FTT,-34.23356900000001,False
ZETA,-31.640749890000002,False
POL,-31.421097270000004,False
MEME,-28.856078020000005,False
ZRO,-26.335707030000005,False
ALT,-26.20418001,False
kLUNC,-23.59009965,False
ANIME,-23.120060679999998,False
LAYER,-22.30801963,False
SEI,-21.25225932,False
FIL,-19.915513980000004,False
YGG,-19.18169608,False
ATOM,-18.733571710000003,False
HYPER,-18.000583090000003,False
BLUR,-17.91212461,False
SCR,-17.4593662,False
STRK,-17.43381401,False
ARK,-17.076402359999996,False
APT,-14.656387389999999,False
NEO,-14.62695744,False
BIGTIME,-14.285259040000001,False
kPEPE,-14.057578610000002,False
BANANA,-13.773054540000002,False
JTO,-13.005054389999998,False
HBAR,-12.64816031,False
BABY,-10.67209411,False
kNEIRO,-10.511578060000001,False
kSHIB,-10.06115273,False
SUI,-9.51614568,False
OP,-8.647401149999999,False
W,-8.563565029999998,False
MERL,-8.26142679,False
BSV,-8.237743400000001,False
SOL,-7.802604270000001,False
PYTH,-7.757498299999999,False
S,-7.55950186,False
KAITO,-7.3609396700000005,False
MELANIA,-7.233200619999999,False
EIGEN,-6.8397510599999976,False
ZEN,-6.477715590000001,False
REZ,-6.31169242,False
STX,-6.25093817,False
MEW,-6.01932231,False
CRV,-5.96383647,False
APE,-5.72756686,False
BCH,-5.4331447200000005,False
MORPHO,-5.28442109,False
TIA,-4.84719489,False
MANTA,-4.844466880000001,False
KAS,-4.784143329999998,False
BRETT,-4.76347922,False
GAS,-4.75175761,False
INIT,-4.66331957,False
SNX,-4.473109309999998,False
RENDER,-4.32441853,False
IMX,-3.9021711999999997,False
kBONK,-3.85908806,False
BTC,-3.7528117399999985,False
LTC,-3.2519967000000003,False
XRP,-3.24289141,False
HYPE,-3.165343509999999,False
IP,-3.0624916199999994,False
ARB,-2.982417189999999,False
SAND,-2.27489024,False
CELO,-2.175735069999999,False
MINA,-1.6928678099999985,False
PNUT,-1.39739885,False
