coin,fundingRate_avg_5d,isNew
0G,-1308.65802717,False
GAS,-881.73433688,False
KAITO,-402.63536316,False
LAYER,-392.98588079,False
BANANA,-381.22424343,False
AVNT,-345.14738209,False
MOVE,-299.19831537999994,False
POLYX,-283.96325042,False
ANIME,-249.14386445000005,False
TNSR,-245.68113792000003,False
MERL,-179.84427314,False
RESOLV,-163.02222030000001,False
GMT,-137.0489444,False
INIT,-115.5475901,False
BLAST,-90.20299677,False
BIGTIME,-81.67068377,False
NIL,-81.38809347000002,False
ARK,-62.26215479000001,False
SUPER,-61.153998,False
BIO,-60.886215019999995,False
2Z,-59.29050218,False
HMSTR,-54.569024970000015,False
MOODENG,-53.69125691000001,False
DYM,-50.84652721,False
USTC,-47.721875360000006,False
SOPH,-47.69196725999999,False
ZORA,-47.146310510000006,False
VVV,-45.494736610000004,False
TST,-43.20312061,False
TURBO,-37.92531916,False
IMX,-37.7232464,False
FXS,-32.12728467,False
OM,-30.912715780000003,False
REZ,-29.244099300000002,False
IO,-28.81251162,False
HYPER,-28.6104958,False
MANTA,-26.57724651,False
ME,-24.343967000000003,False
WCT,-24.25029924,False
kLUNC,-20.266695079999998,False
BABY,-18.994929230000004,False
XAI,-17.52999151,False
PROVE,-15.96909748,False
IP,-15.819884020000003,False
BLUR,-15.77595116,False
CELO,-15.509743519999999,False
CFX,-14.519902940000001,False
UMA,-13.043356759999996,False
CC,-12.63144696,False
NOT,-11.74961061,False
ETC,-11.61949833,False
DOT,-10.32364321,False
ZETA,-9.733797369999998,False
SUSHI,-9.534349689999999,False
STX,-9.28978071,False
kFLOKI,-8.95292586,False
ADA,-8.56546084,False
NEO,-8.32446813,False
ZRO,-7.6862846099999995,False
MEME,-7.512639509999996,False
SKY,-7.009910410000001,False
GMX,-6.919347339999999,False
TRUMP,-6.140098620000001,False
SEI,-5.250696550000001,False
BSV,-5.0448350899999985,False
JUP,-4.76531371,False
S,-4.280465229999999,False
EIGEN,-4.24426599,False
BERA,-4.192229399999999,False
FET,-3.7846922999999997,False
USUAL,-2.3310206699999996,False
MEW,-1.5834692799999985,False
PAXG,-0.7889387400000001,False
RSR,-0.3244054299999999,False
YGG,-0.2697087199999998,False
