coin,fundingRate_avg_5d,isNew
BLAST,-167.41837300999998,False
CHIP,-81.08933586,False
IO,-66.21724734,False
STABLE,-66.12314304000002,False
kLUNC,-55.57502701999999,False
WIF,-54.99671591,False
COMP,-51.68710834,False
HYPER,-50.04899345,False
BABY,-33.85207392,False
STX,-28.507552659999998,False
XAI,-26.834671519999997,False
MEGA,-24.27663691,False
2Z,-24.266091330000002,False
BIO,-18.727109750000004,False
KAITO,-18.55136152,False
REZ,-14.988052669999998,False
TRUMP,-12.520486960000003,False
BERA,-12.3753396,False
APE,-12.31868138,False
kNEIRO,-12.01548829,False
BANANA,-11.08528068,False
APT,-9.56725882,False
WLD,-9.467894139999999,False
FTT,-8.636607369999998,False
ARB,-6.91770557,False
ATOM,-6.35462299,False
USTC,-6.12914424,False
MINA,-5.646853679999999,False
0G,-5.303888,False
DYM,-4.0877561799999995,False
ICP,-3.444007869999998,False
EIGEN,-3.0641618599999996,False
SUI,-2.9743047,False
ORDI,-1.7465680700000004,False
MERL,-0.9751807199999996,False
XRP,-0.38928345,False
TIA,-0.30413698000000006,False
WLFI,-0.2744778099999992,False
