coin,fundingRate_avg_5d,isNew
POLYX,-171.38337531,False
CHIP,-136.43263241,False
STABLE,-131.45372508,False
kLUNC,-47.14632656999999,False
SAGA,-36.31936296,False
MOVE,-30.815466640000004,False
SKY,-24.811799909999998,False
BLAST,-20.59444902,False
COMP,-20.57702465,False
WLD,-20.27313295,False
INJ,-18.980714669999998,False
W,-18.43403665,False
TRUMP,-18.3792903,False
BIO,-16.55397786,False
BSV,-14.704025730000001,False
APE,-13.844239029999997,False
ICP,-12.7626776,False
EIGEN,-11.466951689999998,False
0G,-11.42304146,False
BLUR,-11.40792024,False
NOT,-9.356848,False
ATOM,-8.6269575,False
BABY,-7.38470117,False
KAITO,-7.147186179999999,False
AXS,-7.078255199999999,False
PENGU,-6.916233159999999,False
APT,-6.60135861,False
TURBO,-5.55690381,False
MON,-5.538784479999997,False
POL,-3.6961491399999997,False
BCH,-3.5713220599999995,False
JTO,-3.4944004999999994,False
GALA,-3.1493835199999993,False
MERL,-2.7713793000000013,False
BERA,-2.58934504,False
SAND,-2.4612745699999996,False
INIT,-2.09426853,False
SEI,-1.1133054799999995,False
MEGA,-0.41651683000000045,False
