coin,fundingRate_avg_5d,isNew
POLYX,-379.91621476363633,False
AVNT,-216.75433239,False
0G,-137.3092551,False
IP,-125.29666909090909,False
REZ,-117.61012890247936,False
kLUNC,-107.90645898842976,False
KAITO,-91.63201265000001,False
RESOLV,-91.60877967000002,False
BLAST,-77.93434197024794,False
ANIME,-56.69736320330579,False
SOPH,-53.46488975,False
ZORA,-48.46337286,False
USTC,-46.055060013223134,False
GAS,-45.354440280991724,False
MANTA,-33.61193538842976,False
TNSR,-25.54938776528926,False
ZETA,-25.35950643966942,False
SUPER,-24.775136975206614,False
PROVE,-23.234655350000004,False
USUAL,-22.880849236363634,False
kNEIRO,-21.15106271404959,False
CELO,-20.405466535537194,False
UMA,-18.47339061818182,False
WCT,-18.39911929,False
TRUMP,-17.420343054545462,False
DOOD,-17.03288852,False
ZEC,-16.835941090000006,False
XAI,-16.020994591735537,False
HYPER,-14.664720339999999,False
MINA,-14.086476009917353,False
MEME,-14.065739424793387,False
LAYER,-13.673352961983468,False
NEO,-12.809979669421491,False
IMX,-12.512241024793392,False
MELANIA,-11.875014009917356,False
ATOM,-11.251074684297521,False
SCR,-10.435305114049585,False
MERL,-10.077540198347105,False
ACE,-9.867339292561983,False
TURBO,-9.48291574214876,False
VVV,-8.873961808264465,False
BSV,-8.788602485950413,False
DYM,-6.943632823140498,False
XLM,-5.722978224793385,False
FTT,-2.4474462644628074,False
DOT,-2.192131358677686,False
MOODENG,-1.9405535702479313,False
FET,-1.6725381123966927,False
ADA,-1.4673369223140496,False
ETC,-1.3013848760330566,False
BLUR,-0.5876490347107424,False
