coin,fundingRate_avg_5d,isNew
VVV,-105.79845258842975,False
STABLE,-75.73753523305787,False
CHIP,-57.22044235041322,False
TRUMP,-51.733289117355376,False
kNEIRO,-39.94028559999999,False
ACE,-36.63700157355372,False
0G,-34.79283551404959,False
BLUR,-34.09044423471074,False
AXS,-33.41151382809918,False
LAYER,-29.498825801652888,False
HYPER,-29.339437963636367,False
IO,-29.18572558,False
GAS,-27.805803768595037,False
ADA,-27.726459163636363,False
KAITO,-27.614292069421488,False
ME,-26.99094408,False
XAI,-25.72808277,False
ANIME,-23.617302436363634,False
MINA,-23.376670304132226,False
ATOM,-22.32119165950413,False
TRX,-20.66714438677686,False
kSHIB,-20.44534987438017,False
BABY,-19.707933798347103,False
kLUNC,-18.63998554710744,False
DOT,-12.524827914049585,False
USUAL,-12.1723979107438,False
UMA,-11.27204753,False
ICP,-10.919906142148761,False
BRETT,-10.90667669,False
IP,-10.346328852892563,False
STRK,-9.45867059,False
AVAX,-9.431886932231405,False
RESOLV,-8.957899983471073,False
INIT,-8.782962059504131,False
AVNT,-8.332116714049585,False
EIGEN,-7.665197829999999,False
OP,-7.409864638016527,False
S,-6.93100321983471,False
SUSHI,-6.628022330578512,False
BCH,-6.601048046280992,False
ARK,-6.3654025983471065,False
XLM,-5.30310909,False
IOTA,-4.96227355,False
AIXBT,-4.52406769,False
REZ,-4.463890139999999,False
POLYX,-4.344254856198346,False
YGG,-4.253420171900826,False
MORPHO,-4.194919299173554,False
ARB,-3.218084459504132,False
ALT,-2.7500516199999994,False
MEME,-2.724013943801652,False
APT,-2.6090574049586777,False
BERA,-2.422921160330577,False
SAGA,-1.7880656499999996,False
ZORA,-1.672801636363635,False
PROVE,-1.1853416628099158,False
RSR,-1.0972348859504113,False
MOVE,-0.7865282799999986,False
SEI,-0.46563454214875927,False
MON,-0.18407366280991663,False
PENGU,-0.09464084999999964,False
