coin,fundingRate_avg_5d,isNew
ANIME,-480.31842703999996,False
GMT,-459.20121188,False
AVNT,-370.30329450999994,False
POLYX,-286.24054163,False
HYPER,-284.76225732000006,False
0G,-174.46216345,False
BABY,-171.89560536,False
BLAST,-168.54939485999995,False
IP,-142.07933206000004,False
VVV,-105.38000848000001,False
BERA,-79.69583083,False
TNSR,-74.53513379,False
FTT,-72.11448007000001,False
REZ,-51.07409887000001,False
kLUNC,-49.5394571,False
CELO,-48.84399558999999,False
ZETA,-42.105329090000005,False
WCT,-39.749143860000004,False
ACE,-34.59729296,False
FOGO,-23.170839479999998,False
ZK,-22.572491330000002,False
TRUMP,-21.18320716,False
XAI,-20.477797210000006,False
FET,-19.06091028,False
STRK,-17.90639411,False
SKY,-17.063076940000002,False
MEW,-16.279855559999998,False
ZORA,-16.052352520000003,False
SCR,-15.60060151,False
AR,-15.525207839999998,False
PROVE,-15.33939802,False
ATOM,-13.51982703,False
USTC,-12.31391667,False
GAS,-12.104627130000003,False
SUPER,-10.990830359999999,False
GMX,-10.238874150000001,False
IO,-10.03809714,False
2Z,-8.834042440000001,False
MINA,-7.861003539999998,False
WLFI,-6.479698999999999,False
SAND,-5.763074059999999,False
EIGEN,-5.680604499999999,False
ARK,-5.5004550999999955,False
MOODENG,-5.055952259999998,False
USUAL,-4.86183723,False
SOPH,-1.901593059999998,False
MON,-1.7274062999999986,False
OP,-1.4276186599999996,False
NOT,-1.3618471199999989,False
BIO,-0.7280925099999986,False
BIGTIME,-0.3536455799999995,False
APT,-0.06879081999999996,False
