coin,fundingRate_avg_5d,isNew
TNSR,-397.17763204,False
ACE,-153.30868687933884,False
VVV,-112.22313142809918,False
STABLE,-77.38448835371902,False
CHIP,-64.11004986446282,False
TRUMP,-52.948251887603305,False
AXS,-50.048236512396684,False
0G,-43.57604372231404,False
KAITO,-43.39327899173553,False
BLUR,-40.13049246942148,False
kNEIRO,-38.548239839999994,False
RESOLV,-36.0546794876033,False
XAI,-33.72516269,False
MINA,-33.47235528595041,False
ATOM,-32.59922002314049,False
kLUNC,-31.174379236363635,False
ANIME,-30.281940842975207,False
ME,-30.269709149999997,False
GAS,-28.503027371900824,False
ADA,-27.005798578512394,False
S,-23.07782688595041,False
IO,-21.52364339,False
AVNT,-21.082526211570247,False
HYPER,-20.909815209917358,False
LAYER,-20.443138879338843,False
BABY,-19.7228496892562,False
kSHIB,-18.36770375206612,False
RSR,-17.40067576859504,False
STRK,-16.49333603,False
INIT,-15.04694123305785,False
AIXBT,-14.721371989999996,False
USUAL,-13.891377054545455,False
YGG,-12.854195226446281,False
PROVE,-11.893126938842975,False
ICP,-11.351019768595041,False
XLM,-10.636938769999999,False
DOT,-10.271131854545457,False
ARK,-9.832084998347106,False
IOTA,-9.39857407,False
AVAX,-8.955124294214874,False
IP,-8.518333319008267,False
UMA,-6.935819059999999,False
MEME,-6.8293814280991745,False
ALT,-6.37765376,False
TRX,-6.079605064462808,False
SAGA,-6.069749249999999,False
BCH,-6.062108231404959,False
SUSHI,-5.842870046280991,False
REZ,-5.701334309999999,False
BERA,-4.8263987404958675,False
BIGTIME,-4.559961530578512,False
OP,-4.510850509090908,False
MORPHO,-4.466860829752066,False
SUI,-4.171405576859504,False
ARB,-2.0961347900826444,False
BRETT,-2.05482663,False
ZORA,-1.672801636363635,False
APT,-1.401502988429752,False
WIF,-0.8958178710743796,False
PENGU,-0.6924181399999997,False
TIA,-0.6576407107438016,False
CRV,-0.40973415867768614,False
VIRTUAL,-0.02692795041322248,False
