coin,fundingRate_avg_5d,isNew
TRUMP,-68.95503569,False
STABLE,-62.067239680000014,False
VVV,-57.91192419,False
kNEIRO,-39.054721140000005,False
0G,-31.73219115,False
CHIP,-31.709120960000003,False
LAYER,-28.473206889999997,False
IO,-27.894614,False
TRX,-27.86468838,False
MOVE,-27.25717654,False
BRETT,-25.2545033,False
ME,-23.12706868,False
HYPER,-22.029988910000004,False
ADA,-21.64025432,False
BLUR,-21.10488765,False
EIGEN,-19.411132160000005,False
KAITO,-19.374505869999997,False
GAS,-19.15800466,False
MINA,-17.336817449999998,False
XAI,-15.604463939999999,False
IP,-15.16115173,False
AVAX,-13.65812626,False
kSHIB,-13.625482850000001,False
ATOM,-11.185538149999998,False
BABY,-8.51406081,False
DOT,-7.9581548600000005,False
INIT,-6.97520548,False
ICP,-6.82836744,False
POLYX,-5.81205925,False
XLM,-5.48419143,False
BCH,-4.534365070000001,False
OP,-4.06115425,False
SUSHI,-3.7903176800000002,False
IOTA,-3.6004468699999994,False
kLUNC,-3.0403273599999996,False
UMA,-2.8000807099999996,False
USUAL,-2.3321382999999978,False
NOT,-1.9708561899999992,False
RENDER,-1.6477304499999992,False
ZORA,-1.6248172099999987,False
STRK,-1.0122953799999999,False
ANIME,-1.000537269999999,False
ORDI,-0.7091876999999999,False
SAGA,-0.6262969299999991,False
SEI,-0.6068570299999996,False
ARB,-0.40474485,False
REZ,-0.40108535999999884,False
PENGU,-0.08460334999999893,False
ARK,-0.022911779999999486,False
