coin,fundingRate_avg_5d,isNew
ACE,-255.95137480661154,False
POLYX,-60.93186756694213,False
GMT,-43.81361347438016,False
ME,-29.480626720661157,False
kNEIRO,-27.475580727272728,False
ZETA,-25.518942783471072,False
ZORA,-25.041427943801654,False
NEO,-23.036911170247937,False
TURBO,-22.755499428099174,False
SUPER,-22.395847130578513,False
W,-22.392335166942146,False
AERO,-21.169848932231407,False
GAS,-20.0190803107438,False
SOPH,-17.700613824793386,False
OP,-17.592493705785124,False
YGG,-17.516236095867768,False
ATOM,-17.412194806611573,False
UMA,-17.145237788429757,False
kBONK,-16.947726575206616,False
S,-16.47433038347108,False
TRB,-12.125747652892564,False
WCT,-12.097295752066115,False
HYPER,-11.342745550413222,False
SEI,-10.38477801322314,False
MERL,-9.097189775206612,False
MOODENG,-8.495719487603308,False
STABLE,-8.25288649586777,False
MINA,-6.765306733884296,False
VIRTUAL,-6.481822274380163,False
TIA,-6.412645785123966,False
ZK,-4.723174809917354,False
XAI,-4.682351761983471,False
MEME,-3.758956542148758,False
AIXBT,-3.3649346380165284,False
POPCAT,-3.1951766975206595,False
MOVE,-2.9851104495867777,False
IO,-2.9062675537190086,False
KAS,-2.5721691173553713,False
REZ,-2.2968329057851227,False
TRX,-2.1006074578512384,False
kFLOKI,-1.9394618280991722,False
PYTH,-1.3544864033057853,False
MET,-0.6258346710743778,False
