coin,fundingRate_avg_5d,isNew
BLUR,-426.16836221,False
SUPER,-358.49217774999994,False
REZ,-259.99978350999993,False
TNSR,-203.70049720999998,False
BLAST,-168.14308999999997,False
ALT,-129.51869437000002,False
TRUMP,-80.4975307,False
DYM,-76.54026932,False
MINA,-66.20700544,False
POL,-65.04017125,False
AXS,-63.71231511999999,False
SOPH,-62.95708924,False
STABLE,-57.30483721,False
BERA,-54.20810567,False
NIL,-54.07775833,False
TURBO,-49.79350075,False
JTO,-45.600863280000006,False
DASH,-41.083350259999996,False
APT,-37.88913233,False
0G,-35.17195115,False
COMP,-33.4454829,False
W,-32.71621728,False
EIGEN,-30.53332675,False
FTT,-29.25231763999999,False
IMX,-28.808141110000005,False
BSV,-28.00345919,False
ANIME,-26.05452125,False
MOVE,-25.37118504,False
ZEC,-24.39032492,False
NEO,-23.100880660000005,False
GAS,-23.02139096,False
STRK,-22.981127810000004,False
LAYER,-20.861425350000008,False
MOODENG,-17.978088140000008,False
OP,-17.78418335,False
2Z,-16.18956332,False
ME,-16.04123389000001,False
BANANA,-15.888666809999998,False
HYPER,-15.712392250000002,False
POLYX,-15.45053614,False
kLUNC,-14.77678994,False
MERL,-14.621312350000004,False
WLFI,-14.15808574,False
ICP,-13.91800042,False
ZETA,-13.675687139999999,False
S,-12.9272415,False
SEI,-11.68691821,False
AIXBT,-11.15811424,False
ARK,-8.91866477,False
TIA,-8.54667794,False
HBAR,-8.280710469999997,False
XAI,-8.05193066,False
PROVE,-7.822031029999999,False
AVNT,-7.684270539999999,False
KAS,-7.109339329999999,False
GMT,-6.821267459999999,False
FET,-6.616552100000006,False
ARB,-5.896107069999999,False
IO,-5.439188390000001,False
STX,-4.667292959999999,False
ADA,-4.54647723,False
DOT,-4.04697765,False
kNEIRO,-3.99786252,False
APE,-3.4564864899999996,False
INJ,-3.04805514,False
JUP,-2.95958863,False
USTC,-2.871787879999999,False
RESOLV,-2.1902314099999978,False
KAITO,-2.1453561199999998,False
BABY,-1.4885970199999996,False
SAND,-1.2351337199999992,False
INIT,-1.189973,False
VVV,-0.6523163199999992,False
IP,-0.5755049899999993,False
BRETT,-0.273130959999999,False
TST,-0.012486649999999233,False
