coin,fundingRate_avg_5d,isNew
VVV,-90.66858166611571,False
STABLE,-69.44046642644628,False
TRUMP,-61.9732433355372,False
CHIP,-44.67620126280992,False
kNEIRO,-39.35564247,False
0G,-33.69954407603307,False
IO,-29.499857719999998,False
LAYER,-29.48518047272728,False
BLUR,-28.217358704132234,False
HYPER,-26.821911699173558,False
ADA,-26.682192595041325,False
ME,-25.655727359999997,False
KAITO,-23.214083256198347,False
TRX,-23.019636595041327,False
MINA,-21.633942872727275,False
XAI,-21.175959719999998,False
ANIME,-20.560965947107437,False
GAS,-19.786760766942148,False
BABY,-18.01361948429752,False
BRETT,-18.00116709,False
kSHIB,-17.90149872396694,False
ATOM,-16.97434539173554,False
MOVE,-16.776871679999996,False
AVAX,-13.504293649586778,False
AXS,-13.279213775206609,False
kLUNC,-12.694825487603305,False
DOT,-11.7631908,False
EIGEN,-11.388168630000003,False
USUAL,-11.17574954380165,False
IP,-9.903963332231404,False
ICP,-8.760133209917354,False
INIT,-7.345480809917355,False
UMA,-6.42152822,False
BCH,-6.01828868429752,False
AVNT,-5.987581626446279,False
OP,-5.791599431404959,False
SUSHI,-5.455882928925619,False
POLYX,-4.600353818181817,False
REZ,-4.447861529999999,False
ARK,-4.323820889256199,False
IOTA,-3.414848019999999,False
XLM,-3.4100198,False
STRK,-2.9058328899999997,False
SAGA,-2.88266123,False
ARB,-2.160390476033058,False
APT,-1.61620986446281,False
ALT,-1.4538125199999992,False
ZORA,-1.3487518611570228,False
AIXBT,-1.0781669299999994,False
MON,-0.5677327041322311,False
MORPHO,-0.5111098016528924,False
YGG,-0.3847008297520647,False
SEI,-0.2794027338842969,False
