coin,fundingRate_avg_5d,isNew
STABLE,-244.20678831,False
TRX,-65.60327281,False
SNX,-58.36252837,False
MOVE,-56.61751957999999,False
SEI,-53.395729550000006,False
BSV,-51.75399824,False
ZK,-48.57102669,False
UMA,-47.90571636999999,False
AVNT,-45.451595069999996,False
MEME,-39.864445899999986,False
ZEC,-34.94204714,False
GMT,-34.54046319,False
ME,-33.69602109,False
JTO,-30.09633123,False
kNEIRO,-29.566700900000004,False
PROVE,-26.58489618,False
STX,-26.445695399999998,False
IO,-25.77556489,False
MERL,-24.614943729999997,False
kLUNC,-23.45928949,False
W,-22.104450370000006,False
STRK,-21.74220685,False
MON,-21.22625599,False
SAGA,-20.98898263,False
POPCAT,-20.191744520000004,False
MOODENG,-18.926858919999997,False
ALT,-17.420536039999998,False
CAKE,-16.923592190000004,False
ADA,-16.03848252,False
ICP,-14.733971789999998,False
SOL,-14.27425867,False
AERO,-14.05440603,False
TON,-13.182507170000003,False
WIF,-12.757736959999999,False
COMP,-12.01088126,False
JUP,-11.34667397,False
SUSHI,-10.869113809999998,False
TURBO,-9.941029039999998,False
APT,-9.62148395,False
ZEN,-9.060827159999999,False
kSHIB,-9.013460379999998,False
2Z,-8.80397009,False
ATOM,-7.402262049999998,False
PUMP,-6.93292461,False
WLD,-6.906135799999999,False
INJ,-6.72244298,False
CHIP,-6.427244849999998,False
OP,-6.235884839999999,False
ETC,-5.6359328799999995,False
FIL,-5.142642679999999,False
DASH,-4.857817849999998,False
AVAX,-4.28756886,False
XRP,-4.07305544,False
MEGA,-3.9662411100000003,False
YGG,-3.7260922799999987,False
kFLOKI,-3.537795349999999,False
XLM,-2.5816216399999994,False
CRV,-2.403522079999999,False
kBONK,-2.1911519399999992,False
DOGE,-1.6319573399999998,False
PENDLE,-1.161860699999999,False
ORDI,-0.9089616899999993,False
DOT,-0.8479548599999998,False
TIA,-0.8206258499999997,False
AXS,-0.1525283899999997,False
MINA,-0.08720725999999979,False
ONDO,-0.044397869999999555,False
