coin,fundingRate_avg_5d,isNew
ZORA,-167.95470328000002,False
kLUNC,-56.757836530000006,False
TRX,-51.70296321000001,False
ALT,-46.71513746999999,False
BSV,-39.50440625,False
STABLE,-26.263371330000002,False
POLYX,-23.621622509999998,False
IO,-23.5902639,False
BIO,-21.475595520000002,False
JTO,-20.388359069999996,False
TRUMP,-18.34809375,False
BCH,-15.265808180000004,False
XLM,-15.206780380000001,False
S,-14.376531669999999,False
ETC,-13.836703970000002,False
SNX,-13.594071680000003,False
ATOM,-13.488956790000001,False
APT,-13.12788857,False
ME,-12.880077660000001,False
SEI,-12.3887278,False
MEME,-12.139328409999997,False
0G,-11.951641030000001,False
2Z,-10.72342187,False
SUSHI,-10.544936139999999,False
HYPER,-10.025191470000003,False
COMP,-9.995091379999998,False
STRK,-8.935206570000002,False
STX,-7.669352989999998,False
DOT,-7.510147289999998,False
BABY,-7.276833449999999,False
AXS,-6.668457289999999,False
OP,-5.812733769999998,False
CHIP,-5.212304390000001,False
MOVE,-4.450593919999998,False
AIXBT,-4.41573131,False
XRP,-3.89983666,False
ZK,-3.85636224,False
DASH,-3.54522164,False
JUP,-2.998249429999999,False
ADA,-2.93826022,False
kNEIRO,-2.07632148,False
MORPHO,-1.7572275299999995,False
IP,-1.6800796699999991,False
NXPC,-1.0768886999999994,False
