coin,fundingRate_avg_5d,isNew
YZY,-388.17783736859496,False
ZETA,-285.2203135933884,False
BLUR,-256.6835623933884,False
FTT,-193.39117599669424,False
SUPER,-173.36539899173556,False
MOVE,-138.4894651041322,False
BLAST,-137.7892160429752,False
COMP,-127.8594317057851,False
STABLE,-113.31396137851242,False
SAGA,-97.55259653553723,False
ALT,-88.58133574214874,False
FET,-77.20529929586777,False
WLD,-64.99992831074383,False
ACE,-63.342316224793386,False
MEME,-54.99999302479338,False
IP,-49.61770205950413,False
kNEIRO,-45.67861819834711,False
AXS,-31.06058032066116,False
kLUNC,-29.29771212892562,False
KAITO,-28.911994125619835,False
BOME,-28.426568499173563,False
BIO,-28.324371153719014,False
0G,-27.456408634710744,False
XAI,-26.7072302677686,False
JTO,-21.2978376,False
BANANA,-19.35425640000001,False
BERA,-17.444884085950417,False
TRUMP,-17.417235788429757,False
OP,-17.228513533884296,False
PROVE,-16.59996688264463,False
UMA,-16.295305666115706,False
W,-14.787441074380167,False
TIA,-14.722588839669424,False
S,-14.19003006942149,False
IO,-13.225026297520662,False
PNUT,-13.013118277685951,False
AERO,-12.597493923966944,False
2Z,-12.59105134214876,False
SAND,-12.325702978512396,False
USUAL,-12.30084195371901,False
ETH,-11.615256119008265,False
USTC,-10.661702608264463,False
ARB,-10.638414039669422,False
ANIME,-10.269544195041322,False
TURBO,-10.053485672727268,False
TAO,-9.578538743801655,False
DYM,-9.341619114049587,False
PYTH,-9.073153348760332,False
EIGEN,-8.998765021487603,False
DASH,-7.788757080991735,False
INIT,-7.207983560330577,False
AVNT,-7.0396236,False
GAS,-6.657822257851238,False
APE,-6.191141583471076,False
JUP,-5.656187930578511,False
STRK,-4.0700871272727275,False
BTC,-4.010114429752067,False
TON,-2.665447190082644,False
MOODENG,-2.5079351504132226,False
REZ,-2.4663772760330565,False
LAYER,-1.997568138842975,False
IOTA,-1.3918467173553708,False
ENA,-1.3519112528925612,False
YGG,-1.3342384958677682,False
SOL,-1.2286645685950413,False
IMX,-1.1266728297520658,False
ARK,-1.0305343636363626,False
DOT,-0.6449778049586775,False
MANTA,-0.604028062809916,False
APT,-0.5122905917355373,False
TNSR,-0.035310039669420895,False
