coin,fundingRate_avg_5d,isNew
ZORA,-219.18932476999996,False
IO,-119.85653190000001,False
ALT,-90.02808658,False
ME,-36.11568127999999,False
TRX,-35.24754995000001,False
kLUNC,-34.898687329999994,False
TRUMP,-34.61704457,False
BCH,-33.48781779,False
0G,-31.49498714,False
COMP,-29.042172539999992,False
JUP,-26.387196850000002,False
POLYX,-24.910387139999997,False
2Z,-23.18090837,False
BSV,-23.065534059999997,False
CHIP,-19.063041150000004,False
OP,-18.34118357,False
JTO,-18.175130470000003,False
MOVE,-17.76031965,False
XLM,-17.0222641,False
HYPER,-16.792803929999998,False
S,-16.67732669,False
HEMI,-16.480788790000002,False
ETC,-14.23498321,False
APT,-13.90153819,False
BABY,-12.03564578,False
STRK,-11.55838638,False
MON,-11.484985609999999,False
ATOM,-11.272286969999998,False
SNX,-10.128799639999999,False
STX,-9.30958707,False
STABLE,-8.747635259999997,False
kNEIRO,-8.258875439999999,False
ONDO,-7.28125433,False
AXS,-7.280250579999999,False
ADA,-6.3293540399999975,False
SUSHI,-6.156815619999999,False
INJ,-5.426043279999998,False
MINA,-5.17617742,False
PROVE,-4.855979709999999,False
DASH,-4.29137873,False
AIXBT,-3.6552019799999993,False
ZK,-3.4505924699999997,False
SEI,-3.2482379299999993,False
PENGU,-1.9806776099999992,False
XRP,-1.7902468900000001,False
SAND,-1.7394797699999995,False
VIRTUAL,-1.5439061999999992,False
NXPC,-1.4026891599999998,False
GMT,-0.9231090899999997,False
ZETA,-0.8885727899999989,False
MEME,-0.4078780099999996,False
BLUR,-0.28917270999999983,False
