coin,fundingRate_avg_5d,isNew
MOVE,-36.63962637,False
IOTA,-35.5260149355372,False
kNEIRO,-30.919403147107435,False
SNX,-29.30730034710744,False
SAND,-28.0641711,False
STABLE,-27.3110056661157,False
TRUMP,-25.043232539999998,False
POLYX,-24.58431666446281,False
ALT,-23.37540008,False
BIGTIME,-17.61810838016529,False
ATOM,-16.964094743801652,False
BLUR,-16.56178197024793,False
XAI,-15.865897705785127,False
kBONK,-15.213578140000003,False
PENGU,-13.367688327272727,False
ANIME,-12.919309537190081,False
TRX,-12.72869700495868,False
ME,-12.34540501487603,False
STX,-11.233771874380164,False
SUPER,-10.022300072727273,False
AVNT,-9.812320700826445,False
NXPC,-8.70539381,False
KAS,-8.700424036363636,False
PROVE,-8.436404876033057,False
OP,-8.103116558677685,False
IO,-6.112318958677685,False
MINA,-5.728539014876033,False
ZETA,-5.718064661157024,False
UMA,-5.21604783,False
HYPER,-3.66724698,False
W,-3.5927833299999996,False
0G,-2.7044273499999982,False
NEO,-2.6736417719008263,False
YGG,-2.470254842975206,False
CELO,-2.1616487305785124,False
RENDER,-1.7664974380165281,False
ICP,-1.7327576826446274,False
TNSR,-1.4994455499999997,False
ADA,-1.4548347371900825,False
S,-1.449271775206611,False
