coin,fundingRate_avg_5d,isNew
PROVE,-438.93208443999987,False
ALT,-243.79137670000003,False
CHIP,-186.19738576000003,False
GMT,-169.22029041,False
SUPER,-134.24538232,False
ME,-69.47592499999999,False
TST,-62.99190732000002,False
FOGO,-55.946906540000015,False
STABLE,-50.35444443,False
BLAST,-49.38046602,False
LAYER,-20.981585539999998,False
COMP,-20.84400682,False
MERL,-20.026120660000004,False
POL,-19.15715421,False
TRUMP,-16.956442919999997,False
OP,-16.8608027,False
MINA,-14.00689106,False
SAGA,-13.710194240000002,False
JTO,-11.48569298,False
BSV,-10.677858190000002,False
BLUR,-8.879830959999998,False
ZORA,-8.738643119999999,False
BCH,-8.709862139999998,False
SNX,-7.956645219999999,False
ICP,-7.407448699999999,False
CAKE,-6.968787319999998,False
STX,-4.138437889999999,False
DASH,-3.9551801499999995,False
STRK,-3.7396002,False
kFLOKI,-3.700371460000001,False
kLUNC,-3.2491212299999996,False
WLD,-2.796410269999998,False
TON,-1.42178523,False
SKY,-1.0876868599999996,False
SUI,-0.9250282599999995,False
YGG,-0.8187336899999998,False
SUSHI,-0.5196110799999999,False
kSHIB,-0.5157318599999992,False
IO,-0.4643471599999988,False
ETC,-0.4626228999999996,False
W,-0.19067307999999905,False
ZEC,-0.05215922999999951,False
