coin,fundingRate_avg_5d,isNew
ZORA,-178.6554855272727,False
kLUNC,-59.463132664462826,False
ALT,-57.57117320330578,False
TRX,-43.646206978512396,False
IO,-36.787063269421495,False
BSV,-36.627108565289255,False
POLYX,-26.624544555371898,False
STABLE,-24.885433338842972,False
BIO,-21.051651917355372,False
BCH,-19.33062901487604,False
JTO,-18.339450218181817,False
TRUMP,-17.0418654446281,False
ME,-16.748647973553727,False
XLM,-15.25751063801653,False
ETC,-14.78273890909091,False
S,-14.73083554710744,False
2Z,-13.406526257851239,False
0G,-13.32244980495868,False
COMP,-13.012336393388432,False
ATOM,-12.102620528925621,False
APT,-11.733830320661157,False
SNX,-11.33582442644628,False
HYPER,-10.958943163636365,False
MOVE,-10.950444515702483,False
CHIP,-9.714138476033058,False
SUSHI,-9.502085662809918,False
JUP,-7.291696581818181,False
STRK,-7.1907386677685965,False
MEME,-7.06510506446281,False
OP,-6.82042523305785,False
DOT,-5.970558267768595,False
AXS,-5.366614185123964,False
BABY,-4.551107414876033,False
STX,-4.367966945454545,False
SEI,-4.285190013223141,False
ADA,-3.7869776826446273,False
XRP,-3.74682068429752,False
kNEIRO,-2.6680679504132225,False
MORPHO,-2.1677843504132226,False
NXPC,-1.5977516033057846,False
ZK,-1.4098083371900825,False
IP,-1.393327953719008,False
AIXBT,-1.2227417950413224,False
INIT,-0.5316827702479349,False
ONDO,-0.30995920661156984,False
DASH,-0.16062220165289237,False
