coin,fundingRate_avg_5d,isNew
ALT,-360.56942122000004,False
SUPER,-296.78536681,False
GMT,-192.27638484,False
CHIP,-103.54740626,False
ME,-98.98950088,False
BLAST,-89.44123665999999,False
SAGA,-57.003409989999994,False
COMP,-38.08132892,False
FOGO,-29.578842260000002,False
STABLE,-29.523668860000004,False
BCH,-25.46127945,False
OP,-24.736617210000002,False
TON,-24.55438293,False
MINA,-22.55863958,False
ETC,-20.57915698,False
kSHIB,-19.76383312,False
TRUMP,-16.88082952,False
BLUR,-16.59006176,False
TST,-15.069380510000002,False
MEGA,-13.500123599999998,False
PURR,-12.586546850000007,False
DASH,-11.518423989999999,False
SUSHI,-10.88754631,False
VVV,-10.80946843,False
SEI,-10.147068619999999,False
AIXBT,-9.53439787,False
POL,-9.01560585,False
SNX,-8.37557324,False
kLUNC,-7.370397550000001,False
SAND,-7.30805044,False
ADA,-7.2252991,False
MOVE,-6.03068841,False
STRK,-5.990006969999998,False
STX,-4.89041454,False
0G,-4.738189829999998,False
MERL,-4.5819793199999985,False
BTC,-3.9572343699999997,False
NOT,-3.7102052899999993,False
KAITO,-3.569269299999999,False
SOL,-3.5152974799999996,False
BOME,-3.115794029999999,False
HYPER,-2.9989327099999987,False
AXS,-2.670001279999999,False
BSV,-2.6113326399999988,False
SPX,-1.7051675799999988,False
kNEIRO,-1.4549907399999997,False
MOODENG,-1.4335674299999994,False
JUP,-1.26390959,False
PNUT,-1.1190162700000001,False
PENDLE,-0.9910684399999999,False
UNI,-0.9059380299999992,False
ZEC,-0.8835051299999996,False
SUI,-0.8107898299999999,False
ICP,-0.7431341599999991,False
INIT,-0.5229792999999993,False
W,-0.5214681999999997,False
