coin,fundingRate_avg_5d,isNew
kBONK,-159.5207163570248,False
STABLE,-59.243901719008264,False
POLYX,-47.371625028099174,False
0G,-39.70618196033058,False
SUPER,-37.53266017190083,False
ACE,-29.93932276363636,False
kNEIRO,-29.07943247603306,False
TRB,-27.689891593388435,False
XAI,-27.30252077355372,False
MINA,-25.47090612892562,False
W,-22.08878234380165,False
ATOM,-21.902834330578514,False
TRX,-21.80544774545455,False
ZETA,-20.55341352396694,False
OP,-18.30018225123967,False
NEO,-18.189512320661155,False
MEME,-16.85292889586777,False
MOVE,-16.05357817190083,False
TURBO,-15.875824016528922,False
WCT,-15.799505593388432,False
UMA,-15.369361358677688,False
VIRTUAL,-15.14397162644628,False
MET,-13.131552029752068,False
ME,-12.94827038677686,False
AERO,-12.869260254545456,False
S,-12.26047934876033,False
MOODENG,-11.5980372892562,False
POPCAT,-11.526617226446282,False
IO,-11.490783034710743,False
BCH,-11.448056677685951,False
STRK,-10.466400942148763,False
TRUMP,-9.205085464462808,False
GMT,-9.10915043305785,False
HYPER,-8.970053216528925,False
CELO,-8.580896370247933,False
BSV,-8.567841074380167,False
ALT,-7.10829476033058,False
RENDER,-6.877613553719009,False
GAS,-6.368780628099172,False
AVNT,-5.041917907438015,False
SEI,-4.88045228429752,False
ZK,-4.598506978512395,False
SOPH,-4.428418185123966,False
TIA,-3.5547746975206604,False
ZORA,-3.4716632925619817,False
PYTH,-3.2751417421487603,False
SPX,-3.225636158677685,False
AIXBT,-2.924755497520661,False
SNX,-2.4662216231404948,False
MORPHO,-1.6720002049586773,False
NOT,-1.6220211471074375,False
KAS,-1.516037454545454,False
BIO,-1.3114501884297516,False
kFLOKI,-1.2522376561983457,False
MERL,-0.7751767438016525,False
PENGU,-0.20071114710743812,False
