coin,fundingRate_avg_5d,isNew
YZY,-373.10699602,False
ZORA,-255.75478240999996,False
GAS,-170.34292383000002,False
0G,-168.1321838,False
ANIME,-164.05749753999999,False
BERA,-153.22675326,False
STABLE,-147.80075889,False
ARK,-142.12842820999998,False
PROVE,-139.12806908,False
SOPH,-105.57740924000001,False
SKR,-102.48983409000002,False
WCT,-100.55811466,False
WLFI,-76.56137216,False
AVNT,-62.70822932,False
HYPER,-59.13987763,False
POLYX,-52.31197155,False
BSV,-51.09120496,False
RESOLV,-50.83945862,False
AXS,-45.91071323999999,False
FET,-41.20206943,False
DYM,-37.48058345,False
INIT,-37.345134140000006,False
BABY,-35.741363559999996,False
ZETA,-35.71528869000001,False
SOL,-35.31961117,False
XAI,-32.318019799999995,False
JTO,-31.94592858,False
STRK,-29.816119999999994,False
2Z,-28.730246459999996,False
ICP,-26.323693420000005,False
MANTA,-25.193897240000002,False
LINEA,-24.73017204,False
PYTH,-22.65235041,False
TRX,-22.571911710000002,False
IMX,-22.47023804,False
W,-21.7319467,False
YGG,-21.508949219999998,False
USTC,-20.74679272,False
kLUNC,-20.48379781,False
LAYER,-19.70290367,False
SKY,-17.897623890000002,False
TAO,-15.78479657,False
RSR,-15.738554720000002,False
ZEN,-15.47680081,False
SUSHI,-15.011383470000002,False
XRP,-14.363539129999996,False
STX,-12.93780168,False
MON,-11.69244577,False
NEO,-11.55110317,False
APT,-11.5281381,False
MEME,-10.63960838,False
AR,-10.27401854,False
OM,-9.43968986,False
JUP,-9.42317507,False
ENS,-9.030746780000001,False
DASH,-7.94588064,False
BANANA,-7.794742900000002,False
kSHIB,-7.645150569999999,False
IP,-7.598010819999997,False
SEI,-7.568404939999999,False
KAS,-7.493742729999999,False
SNX,-6.6214525900000005,False
kFLOKI,-6.4923207,False
TIA,-5.76494067,False
TON,-4.891591299999999,False
ARB,-4.417220509999999,False
FIL,-2.71369762,False
ETH,-2.5650907899999997,False
NXPC,-2.5478897999999996,False
BTC,-2.48564124,False
BLUR,-2.3931290699999983,False
DOOD,-2.1404870199999975,False
ADA,-2.0339106699999996,False
OP,-1.923839809999998,False
CAKE,-1.8462444599999994,False
ONDO,-1.07593094,False
GMX,-0.8968772699999996,False
SUI,-0.8442552200000002,False
DOGE,-0.74073757,False
GMT,-0.7250717699999989,False
FOGO,-0.6010768899999996,False
