coin,fundingRate_avg_5d,isNew
LAYER,-322.90820218999994,False
TNSR,-216.72001071000005,False
0G,-163.40927068000002,False
FOGO,-81.69856612000001,False
ZORA,-72.3346926,False
ME,-70.32396453999999,False
CHIP,-67.21608736000002,False
AIXBT,-61.79627317,False
USUAL,-54.57198293,False
AVNT,-53.18235639,False
TRUMP,-52.872251659999996,False
kNEIRO,-52.022526549999995,False
SUSHI,-48.48286605,False
S,-48.05894994,False
PROVE,-42.112822539999996,False
STABLE,-41.742383309999994,False
MINA,-39.92960424,False
2Z,-36.37261061999999,False
BIO,-34.867727300000006,False
VVV,-32.80259817999999,False
AXS,-31.841100579999996,False
MERL,-31.067332699999994,False
IOTA,-30.449017590000004,False
STRK,-26.838888,False
ADA,-25.021303340000003,False
SNX,-24.83421383,False
BSV,-24.33107374,False
XAI,-22.696483290000003,False
TRX,-21.242540099999996,False
kSHIB,-21.04435678,False
kLUNC,-21.01210465,False
ANIME,-17.986612349999998,False
KAITO,-14.85932155,False
GAS,-14.08274536,False
BABY,-13.965024100000003,False
kFLOKI,-13.80228301,False
MEME,-13.61327433,False
YGG,-13.553248619999996,False
ATOM,-12.37160127,False
SKY,-12.20770459,False
STX,-12.041907719999998,False
VIRTUAL,-11.773801350000001,False
INJ,-10.90254708,False
NOT,-10.22047377,False
BERA,-9.70281617,False
DOT,-9.29626384,False
POPCAT,-9.165468279999999,False
ARB,-8.55975808,False
SOL,-8.328737899999998,False
ZETA,-8.312599789999998,False
PENGU,-8.257364339999999,False
KAS,-7.671476559999998,False
RESOLV,-6.794566249999998,False
IO,-6.420647109999999,False
HYPER,-6.401348829999999,False
RUNE,-6.389809719999999,False
W,-6.34454753,False
FIL,-6.2691742999999995,False
XRP,-5.79164845,False
RENDER,-5.772169859999999,False
ETH,-4.981138940000001,False
MNT,-4.819120549999999,False
AVAX,-4.756863229999999,False
BIGTIME,-4.066218989999998,False
NIL,-4.004270459999998,False
SOPH,-3.735609289999999,False
ETC,-3.5458450599999978,False
DOGE,-3.4998747700000004,False
POLYX,-3.065642299999999,False
WLFI,-3.03722413,False
BOME,-2.839441579999999,False
MON,-2.7920090999999987,False
APT,-2.4805538699999996,False
INIT,-2.3558720599999994,False
SUPER,-2.0838514299999984,False
ALT,-1.9263466299999996,False
CELO,-1.8845701899999991,False
TIA,-1.4430099799999996,False
