coin,fundingRate_avg_5d,isNew
kBONK,-88.1240232,False
STABLE,-59.37010363636363,False
MOVE,-55.091415160000004,False
0G,-39.774136139999996,False
POLYX,-36.821844813223144,False
kNEIRO,-31.14496156363636,False
SNX,-28.201770971900824,False
TRUMP,-27.965286759999994,False
MINA,-27.82289228429752,False
XAI,-26.69708604297521,False
SUPER,-26.46712445950413,False
ALT,-20.50796446,False
BIGTIME,-18.274062971900833,False
SAND,-17.544382000000002,False
BLUR,-17.037754036363634,False
ZETA,-17.011817920661155,False
ATOM,-16.72048421157025,False
IO,-15.740127996694216,False
ME,-15.185497646280993,False
PENGU,-15.091366740495868,False
TRX,-13.477279547107436,False
CELO,-13.124462221487606,False
STX,-12.763679087603306,False
AVNT,-11.727970532231407,False
OP,-9.724655543801653,False
ANIME,-9.370952082644628,False
PROVE,-8.88400105785124,False
MEME,-8.615754654545453,False
KAS,-8.10300434380165,False
S,-8.091810366942148,False
W,-7.16631656,False
RENDER,-6.469140545454544,False
LIT,-6.118812218181817,False
HYPER,-5.411719949999999,False
NXPC,-5.2743974599999985,False
WCT,-4.7273996999999985,False
CRV,-4.391520485950414,False
TRB,-4.334881619999999,False
POPCAT,-4.1508449700000005,False
STRK,-3.991386128925619,False
SEI,-3.9235482545454543,False
BCH,-3.6851437685950406,False
SUSHI,-2.70478067,False
TNSR,-2.092463969999998,False
YGG,-1.7667052165289248,False
NEO,-0.6578224264462805,False
MORPHO,-0.5712598710743793,False
MOODENG,-0.5199002082644623,False
WLFI,-0.24566080661157003,False
NOT,-0.2352957719008254,False
