coin,fundingRate_avg_5d,isNew
BLUR,-671.11357472,False
VINE,-73.70902856000001,False
STABLE,-61.80406154,False
BANANA,-44.119058910000014,False
0G,-38.98693626,False
kNEIRO,-34.179661419999995,False
MINA,-31.53414361,False
ZETA,-31.44460911,False
ATOM,-25.34476999,False
SNX,-25.216901730000004,False
W,-22.395910900000004,False
IOTA,-21.35818451,False
HYPER,-19.28164549,False
ME,-19.277176429999997,False
AIXBT,-18.04917189,False
ANIME,-17.428969730000002,False
STX,-14.602007500000001,False
INJ,-14.554396169999999,False
KAS,-13.4507391,False
ZORA,-12.09345229,False
SAND,-9.37348251,False
MEME,-6.023333659999998,False
OP,-5.282204079999999,False
BIO,-5.28015716,False
UMA,-2.9575913499999995,False
CELO,-2.8384976899999996,False
SEI,-2.7842908100000003,False
POLYX,-2.307927119999999,False
ALT,-1.88289411,False
FIL,-1.784326589999999,False
TRUMP,-1.5001499999999985,False
XAI,-1.3037091899999986,False
CHIP,-0.38779643999999913,False
APE,-0.12404159999999932,False
