coin,fundingRate_avg_5d,isNew
MOVE,-367.9134017652892,False
BERA,-348.282082492562,False
IP,-327.5609707140496,False
AVNT,-303.99287558677685,False
BLUR,-272.7219843173554,False
XAI,-253.31578473719009,False
KAITO,-215.63112625785124,False
ANIME,-168.7071155107438,False
BLAST,-127.30968234049585,False
ME,-127.0656374280992,False
VVV,-116.66151357024795,False
GMT,-113.91459548429758,False
LAYER,-61.85002778181818,False
HYPER,-49.033174046281,False
POLYX,-46.02962560661157,False
IO,-42.86553749752067,False
REZ,-39.83761453884297,False
0G,-37.261317361983465,False
ZORA,-34.30852479669421,False
FTT,-25.305898135537195,False
MEME,-25.136007709090915,False
BSV,-21.67857109090909,False
ZEC,-20.436322730578517,False
USUAL,-17.813411494214876,False
ACE,-17.442291560330574,False
kLUNC,-17.10981698181818,False
ATOM,-11.733492952066115,False
TRUMP,-10.070854363636364,False
IMX,-9.574651041322314,False
WLFI,-9.002469560330578,False
MELANIA,-8.571216932231405,False
MEW,-8.379732019834709,False
ZEREBRO,-7.1481245256198385,False
WCT,-5.932031642975206,False
ZETA,-4.826308968595039,False
FIL,-4.145384757024794,False
SCR,-3.884897831404958,False
FOGO,-3.7317954743801636,False
ADA,-3.5034331338842977,False
NEO,-3.348747461157025,False
TURBO,-3.2573531504132225,False
APT,-3.1929722181818176,False
BCH,-3.1493886842975214,False
USTC,-2.595800846280991,False
GMX,-2.215045636363636,False
STX,-1.6243219140495861,False
TRX,-1.619177404958677,False
TNSR,-0.9944728462809902,False
STABLE,-0.8055297818181797,False
AR,-0.7155175239669409,False
SOPH,-0.5640824628099164,False
2Z,-0.3711829190082642,False
