coin,fundingRate_avg_5d,isNew
TNSR,-468.42252589,False
LAYER,-392.8368126,False
0G,-153.96232389,False
ME,-82.0252966,False
FOGO,-73.06067833,False
CHIP,-71.53757348,False
S,-61.038980659999986,False
kNEIRO,-50.71924076,False
AVNT,-49.28644129,False
TRUMP,-48.32712347,False
AIXBT,-47.42137305,False
MINA,-46.12640853,False
SUSHI,-44.616785320000005,False
USUAL,-43.97524599,False
STABLE,-43.162446470000006,False
2Z,-43.07975645,False
PROVE,-42.069699250000006,False
ZORA,-40.786001549999995,False
VVV,-32.70085735,False
BIO,-31.352798469999996,False
kLUNC,-30.625547650000005,False
KAITO,-28.73520973,False
MERL,-28.242385269999996,False
AXS,-28.06622021,False
IOTA,-27.4770832,False
ADA,-25.31678106,False
kSHIB,-22.89626531,False
BABY,-22.697341770000005,False
XAI,-22.6178893,False
SNX,-21.2384156,False
STRK,-19.245658680000002,False
RESOLV,-18.643621840000005,False
ANIME,-17.98125196,False
MEME,-15.82589338,False
YGG,-15.246230310000003,False
GAS,-14.714617299999999,False
VIRTUAL,-14.21850711,False
TRX,-13.722348740000001,False
ATOM,-12.81452658,False
kFLOKI,-12.592567890000002,False
BIGTIME,-11.280612620000001,False
BERA,-10.463701010000001,False
STX,-10.34302471,False
ARB,-8.55858132,False
SOL,-8.538152999999998,False
HYPER,-8.42231879,False
NOT,-8.402959189999999,False
AVAX,-8.148273139999999,False
SKY,-7.953909909999999,False
PENGU,-7.839946690000001,False
DOT,-7.64421471,False
IO,-7.286830799999998,False
ZETA,-6.669920939999999,False
RUNE,-6.050166269999999,False
INIT,-6.02894809,False
INJ,-5.448922939999999,False
RENDER,-5.380228479999999,False
ETC,-5.028859039999999,False
MNT,-4.819120549999999,False
KAS,-4.614230719999999,False
W,-4.48718225,False
SUPER,-4.258833869999999,False
XLM,-3.60406548,False
IP,-3.3351298299999983,False
NIL,-3.2590703999999984,False
ALT,-3.1483074999999996,False
DOGE,-3.0773952999999996,False
CRV,-2.8743990899999994,False
XRP,-2.82746155,False
ETH,-1.97807151,False
FIL,-1.9025698000000002,False
ARK,-1.6072008499999997,False
TIA,-1.5449194399999997,False
BOME,-0.20208589999999918,False
RSR,-0.16297833999999828,False
MORPHO,-0.12641774999999977,False
