coin,fundingRate_avg_5d,isNew
YZY,-269.80687288,False
BLUR,-210.38892511000003,False
SUPER,-195.6500667,False
MOVE,-146.55448756,False
BLAST,-132.46048267999998,False
BIO,-111.46900199000001,False
COMP,-108.78681336000002,False
WLD,-91.48002665000001,False
FET,-81.90550068000002,False
STABLE,-79.42336198000002,False
FTT,-76.56921893000003,False
UMA,-75.44291434,False
IP,-61.444363530000004,False
kNEIRO,-61.428832050000004,False
AXS,-51.083748009999994,False
ALT,-44.98348549,False
MEME,-43.868300260000005,False
AERO,-36.35654478,False
BOME,-34.10088785000001,False
USTC,-32.590341190000004,False
2Z,-28.653223429999997,False
0G,-28.252627169999997,False
JTO,-23.68848029,False
KAITO,-21.813326370000002,False
AVNT,-21.719684159999996,False
W,-21.193300139999998,False
ZETA,-20.16210579,False
SAND,-19.98417997,False
JUP,-19.2415225,False
MET,-19.12526124,False
XAI,-17.304266749999996,False
PNUT,-15.479492320000004,False
TRUMP,-15.299904290000006,False
TAO,-14.406724470000004,False
DYM,-14.36766874,False
INIT,-13.286212429999999,False
MORPHO,-13.2334254,False
PYTH,-11.70887953,False
EIGEN,-11.25543054,False
IMX,-11.053550499999998,False
ARB,-11.02152467,False
S,-10.93560148,False
PROVE,-10.702343850000002,False
DASH,-9.08818172,False
DOT,-8.957562820000001,False
BABY,-8.64427164,False
ACE,-8.404088499999997,False
kLUNC,-8.3221752,False
OP,-8.008088319999999,False
BANANA,-7.544994569999999,False
BERA,-7.48165977,False
STRK,-7.386581649999998,False
MERL,-7.378932710000001,False
TON,-6.614892809999998,False
TURBO,-5.662136230000001,False
GAS,-5.441379119999998,False
MANTA,-5.163579809999998,False
ETH,-5.14751178,False
REZ,-5.05378416,False
TIA,-5.023783349999999,False
USUAL,-4.949722659999999,False
YGG,-4.695529359999998,False
ARK,-3.377700509999998,False
IO,-3.2040393499999986,False
ANIME,-2.7741613299999983,False
BTC,-2.6331610999999997,False
SAGA,-2.3879898699999997,False
ADA,-2.16949357,False
LAYER,-2.045729369999999,False
ENA,-1.3986836499999988,False
ONDO,-0.9896741399999991,False
GMX,-0.09135657999999963,False
