coin,fundingRate_avg_5d,isNew
YZY,-225.56984743000004,False
0G,-199.65985888,False
TRUMP,-170.85512906000002,False
BLAST,-156.59450606,False
STABLE,-149.81125773000002,False
DOT,-92.51708144,False
FET,-83.99568851,False
REZ,-76.73586187,False
JTO,-75.72121224000001,False
AXS,-66.38242736000002,False
COMP,-65.58888524000001,False
POL,-64.33054628000001,False
BERA,-58.181770150000006,False
IMX,-44.10331354,False
SUPER,-43.412099170000005,False
W,-42.101397309999996,False
BLUR,-39.53995432999999,False
GAS,-39.12461718,False
MINA,-39.033173000000005,False
POLYX,-36.4874586,False
APT,-35.98010641,False
EIGEN,-33.90854015,False
NEO,-33.46330877,False
WLFI,-30.565157669999998,False
TURBO,-29.550577389999997,False
SEI,-28.2511241,False
2Z,-27.811512990000004,False
AVNT,-27.49308991,False
STX,-24.346053340000005,False
HYPER,-24.3204391,False
MOVE,-23.775381680000002,False
SAND,-23.730029700000003,False
PROVE,-21.75924213,False
ARK,-21.17049202,False
DASH,-21.142472429999998,False
RESOLV,-20.148697150000004,False
KAITO,-19.4653259,False
ZETA,-19.41154461,False
IOTA,-19.32885678,False
kNEIRO,-18.5578629,False
BABY,-18.375276759999995,False
kLUNC,-17.852228839999995,False
APE,-17.642974340000002,False
IP,-17.61584316,False
ALT,-17.38910516,False
OP,-16.23797327,False
HBAR,-14.996654260000003,False
BSV,-14.98816801,False
MEW,-14.632644869999996,False
XAI,-14.52617218,False
GMT,-14.4934784,False
ME,-13.730325449999999,False
DYM,-13.483589829999998,False
S,-13.108886669999999,False
STRK,-11.37101947,False
IO,-10.58363928,False
TNSR,-9.07684263,False
USTC,-9.016404469999998,False
ARB,-8.49278934,False
ICP,-7.26860927,False
NOT,-7.24712172,False
ADA,-6.923736099999999,False
XLM,-5.8466846100000005,False
USUAL,-5.442509889999999,False
BANANA,-4.844260289999997,False
INJ,-4.71372607,False
kFLOKI,-4.12654765,False
AIXBT,-3.541121229999999,False
ZEN,-3.24713636,False
SUSHI,-3.149714209999999,False
SUI,-3.1257344399999996,False
ANIME,-3.01061636,False
JUP,-2.7115222199999995,False
BIGTIME,-2.2505016699999985,False
TIA,-2.164842009999999,False
CHILLGUY,-1.8401759699999993,False
PENGU,-1.5730003499999994,False
kSHIB,-1.5470254899999993,False
SAGA,-1.3047384899999974,False
PYTH,-1.2665609499999997,False
MELANIA,-1.0463761599999983,False
TST,-0.5346571099999989,False
GRIFFAIN,-0.42491766999999875,False
