coin,fundingRate_avg_5d,isNew
YZY,-625.12377547,False
ZETA,-296.60984342,False
BLUR,-217.48161313999995,False
FTT,-182.49803264999997,False
BIO,-125.82821368,False
COMP,-125.78856299999998,False
BLAST,-123.30974288,False
SAGA,-119.84917642000003,False
MOVE,-97.99788931999998,False
FET,-89.92952855,False
STABLE,-82.82654314000001,False
ALT,-82.78593688999999,False
ACE,-60.89666424,False
0G,-39.69876291,False
kLUNC,-38.00551915,False
TURBO,-36.19322553,False
XAI,-35.40782875,False
BERA,-34.572318200000005,False
KAITO,-31.451163049999995,False
WLD,-30.804933469999998,False
DOT,-30.23783807999999,False
IP,-27.9013665,False
W,-23.1301084,False
TRUMP,-22.98837233,False
JTO,-22.808509819999998,False
OP,-19.00492074,False
BANANA,-18.439824820000005,False
AERO,-17.64304515,False
PROVE,-17.18540742,False
S,-16.65149491,False
EIGEN,-16.62897003,False
UMA,-16.075121950000003,False
AVNT,-15.899047410000003,False
RESOLV,-15.77506056000001,False
USUAL,-15.668470340000002,False
TIA,-14.811474429999999,False
SAND,-14.45614109,False
ETH,-14.22506397,False
MEME,-14.190388239999999,False
AXS,-13.45750912,False
APE,-12.88437882,False
ANIME,-12.46171101,False
REZ,-12.339291470000004,False
IO,-11.90228865,False
INIT,-10.869088259999998,False
SUPER,-10.749109109999994,False
DYM,-10.15763464,False
GAS,-9.966176809999999,False
WCT,-8.582685190000003,False
kNEIRO,-8.22575169,False
MEW,-8.202696829999999,False
HYPER,-8.19223739,False
BTC,-6.1171656699999994,False
ARB,-6.003605410000001,False
STRK,-5.8838146,False
PNUT,-4.66233115,False
SEI,-3.442650069999999,False
TAO,-3.0730401199999995,False
BIGTIME,-2.7621491799999975,False
INJ,-2.6876307799999997,False
SUI,-2.53793406,False
2Z,-2.4941610699999996,False
BOME,-2.1155670099999972,False
ARK,-1.8668822899999993,False
PYTH,-1.8391284199999995,False
DASH,-1.5061097199999975,False
SOL,-0.7848835899999999,False
APT,-0.78365062,False
ME,-0.22248428999999836,False
HYPE,-0.052726440000000055,False
