coin,fundingRate_avg_5d,isNew
RESOLV,-990.8318740099998,False
WCT,-899.9360181799999,False
ZORA,-479.57549728,False
TNSR,-478.0882960199999,False
KAITO,-316.50301575000003,False
BIO,-167.0364538,False
LAYER,-106.54409713999999,False
BSV,-95.01532321,False
ME,-90.1359981,False
IP,-88.38329073,False
OM,-86.49010873000002,False
REZ,-84.693651,False
YZY,-80.91159911,False
MOVE,-68.22907624,False
BLAST,-67.59973375,False
IO,-56.75034381,False
MORPHO,-48.00389699,False
MEW,-45.942077690000005,False
TURBO,-43.45169583,False
DYM,-43.226439729999996,False
BERA,-42.53574731,False
MOODENG,-40.11201591,False
ZETA,-38.337227500000004,False
GAS,-37.24132011,False
PROVE,-36.202665890000006,False
ZEN,-35.67031047,False
USUAL,-35.27514833,False
POPCAT,-35.267646850000006,False
GOAT,-34.17893799,False
ZK,-32.54993058000001,False
XAI,-32.43286412999999,False
CAKE,-23.65833786,False
AIXBT,-22.543894310000002,False
MERL,-18.887081220000002,False
APT,-18.55235505,False
HYPER,-18.28961199,False
ANIME,-18.250754820000008,False
TST,-17.40699089,False
STX,-17.085212000000002,False
MANTA,-16.12312018,False
BRETT,-15.062753569999998,False
SUPER,-13.320572070000004,False
BANANA,-12.587764490000001,False
SAND,-12.52653063,False
SOPH,-12.065282319999998,False
COMP,-12.017503090000002,False
kFLOKI,-11.79371502,False
YGG,-11.652876120000002,False
ETHFI,-11.57874827,False
MAV,-11.40241239,False
INIT,-10.80186621,False
kLUNC,-10.61801206,False
ALGO,-10.53188666,False
PROMPT,-9.740563009999999,False
MAVIA,-8.899538040000001,False
GMT,-7.797086929999999,False
APE,-7.567745749999999,False
VVV,-7.5550787900000005,False
GRASS,-7.0536505499999995,False
BABY,-6.914578249999999,False
PYTH,-6.59678808,False
GMX,-6.508798259999999,False
W,-6.370075629999999,False
SEI,-6.05976942,False
FXS,-5.92238926,False
INJ,-5.413127389999998,False
DOOD,-5.2045999699999985,False
OP,-3.853249519999999,False
XLM,-3.64029903,False
RSR,-3.35369154,False
ETC,-2.9065701899999987,False
FIL,-2.7572063499999997,False
MINA,-2.6387806399999985,False
NXPC,-2.48375638,False
BLUR,-2.4157254899999994,False
ALT,-2.393880239999999,False
SUSHI,-2.003581359999999,False
ACE,-1.8552774799999985,False
ADA,-1.70630054,False
ATOM,-1.2976735499999994,False
CELO,-1.036084619999999,False
NEO,-1.0230519299999998,False
EIGEN,-0.6081914699999994,False
