coin,fundingRate_avg_5d,isNew
AXS,-897.54283144,False
0G,-246.58791910000002,False
YZY,-209.59550782,False
GAS,-207.79455183000002,False
RESOLV,-117.17078087000002,False
JTO,-102.14371554,False
ZETA,-91.91460441,False
SKR,-76.26380591,False
FOGO,-74.34383437,False
2Z,-66.20715071,False
POLYX,-58.092168490000006,False
MANTA,-46.856401229999996,False
ZORA,-45.161320790000005,False
INIT,-43.22544109,False
DYM,-37.87389796,False
MERL,-35.54043325,False
FET,-35.25214894999999,False
DOT,-27.47074023,False
TRX,-25.34800827,False
XAI,-25.157102319999996,False
ATOM,-23.987356890000004,False
CC,-22.5359687,False
EIGEN,-21.58758847,False
DASH,-21.525802730000002,False
POPCAT,-21.373435669999996,False
APT,-20.62945617,False
kFLOKI,-20.37692435,False
SOPH,-19.02355837,False
STRK,-18.97602296,False
BANANA,-18.08759617,False
YGG,-15.632336070000001,False
IMX,-15.494039029999998,False
SEI,-15.265214689999997,False
MEME,-14.43070424,False
OP,-14.373677369999998,False
NEO,-11.868990429999998,False
SKY,-11.67223718,False
AVAX,-11.46055908,False
BSV,-11.282070429999997,False
RSR,-11.13630768,False
WLD,-11.06187177,False
HEMI,-9.92037807,False
DOGE,-8.616083420000002,False
ENS,-8.268431869999999,False
PYTH,-7.96029157,False
SUSHI,-7.6190421200000005,False
STABLE,-7.07366204,False
CAKE,-6.535604589999999,False
ADA,-5.02302196,False
FIL,-4.891935859999999,False
kBONK,-4.813547730000001,False
GMT,-4.8082347899999975,False
BLUR,-4.456366759999999,False
PROVE,-4.17311508,False
W,-3.6619208999999997,False
MON,-3.5744121500000006,False
ETC,-2.81645753,False
KAS,-2.7467432599999997,False
SOL,-2.52110537,False
AAVE,-2.48180874,False
kLUNC,-2.38792198,False
XRP,-2.2652900099999993,False
MINA,-2.166469909999999,False
SAGA,-1.8950712399999996,False
TIA,-1.0573319999999997,False
WLFI,-0.20517307000000004,False
TON,-0.11185351999999976,False
