coin,fundingRate_avg_5d,isNew
BLUR,-402.50555219504133,False
TNSR,-209.17442708429752,False
BLAST,-196.65640228760333,False
0G,-169.6858391801653,False
TRUMP,-155.5651673157025,False
YZY,-120.52283976198348,False
STABLE,-114.28381355702479,False
AXS,-94.82960338512395,False
POL,-83.03454935206611,False
REZ,-74.68520367272727,False
DYM,-73.82017611570248,False
MINA,-71.02909749421488,False
JTO,-70.41489407603308,False
COMP,-57.461091857851244,False
FET,-55.55961367933884,False
DOT,-51.08965933884298,False
BERA,-47.03220905454545,False
TURBO,-46.31509590743802,False
APT,-45.13148669752066,False
IMX,-44.817270565289256,False
W,-41.20240878347108,False
GAS,-40.35585613884297,False
EIGEN,-38.92693145454546,False
ALT,-38.89932225123967,False
WLFI,-38.165615781818175,False
DASH,-35.97970329917354,False
NEO,-35.29521282644628,False
2Z,-28.918283950413226,False
MOVE,-27.214474085950414,False
STX,-26.208726178512396,False
BSV,-25.673581398347107,False
SUPER,-25.51910060826446,False
SEI,-24.56688860826446,False
STRK,-20.098301117355376,False
SAND,-19.791852426446283,False
OP,-18.765420783471072,False
HYPER,-18.54220295206612,False
IP,-18.399236132231405,False
XAI,-17.43397752396694,False
HBAR,-16.386520433057854,False
kNEIRO,-16.280052406611574,False
IOTA,-16.22525896859504,False
kLUNC,-15.233910763636366,False
GMT,-14.860463276033059,False
ARK,-14.782203897520663,False
PROVE,-14.076973219834711,False
BABY,-13.4837887338843,False
ICP,-13.41863026115703,False
ZETA,-12.707165504132233,False
S,-12.563820049586775,False
RESOLV,-11.702809061157025,False
POLYX,-11.607937537190082,False
APE,-10.89313094876033,False
IO,-10.854776628099172,False
AVNT,-10.340185269421488,False
KAITO,-10.039466776859502,False
ARB,-8.06353294214876,False
ADA,-7.857097388429753,False
USTC,-7.577819176859506,False
SOPH,-6.468715576859505,False
BANANA,-6.0921543074380144,False
AIXBT,-6.090970621487603,False
JUP,-5.946717312396695,False
INJ,-5.40487294214876,False
MERL,-5.173412747107437,False
ANIME,-5.149689074380165,False
ZEC,-5.144718317355369,False
kSHIB,-4.477636353719007,False
TIA,-4.440462099173554,False
MEW,-4.194767990082645,False
PENGU,-3.828036743801652,False
TST,-2.8950373785123964,False
KAS,-2.8263901090909087,False
kFLOKI,-1.884253557024793,False
SUSHI,-1.578815523966942,False
USUAL,-1.047564238016528,False
XLM,-1.0449876396694215,False
SUI,-0.465719246280992,False
XRP,-0.4627770446280992,False
NOT,-0.3882410280991723,False
