coin,fundingRate_avg_5d,isNew
BERA,-562.7611413322313,False
MOVE,-366.6537000099173,False
IP,-353.8110925983471,False
XAI,-334.90947553388423,False
BLUR,-323.30133456198354,False
AVNT,-318.3542483,False
KAITO,-261.35445231074385,False
ME,-127.0656374280992,False
BLAST,-120.67780560991736,False
VVV,-101.04053098512398,False
ANIME,-90.03528072396695,False
GMT,-79.28014439008268,False
LAYER,-65.69781579173552,False
IO,-47.876846806611574,False
BSV,-27.204922066115703,False
ZORA,-26.393382869999996,False
ZEC,-25.725134300000004,False
FTT,-25.30589813553719,False
ACE,-24.078097983471075,False
POLYX,-24.044324201652895,False
MEME,-22.769944740495866,False
0G,-22.297377689999998,False
USUAL,-16.90811327603306,False
ATOM,-14.774912102479341,False
kLUNC,-14.382503196694216,False
WLFI,-14.116592539999997,False
REZ,-9.910282115702477,False
MELANIA,-8.551197074380166,False
TRUMP,-7.982754882644629,False
IMX,-7.733701566942147,False
HYPER,-7.633800530000002,False
ZEREBRO,-7.148124525619836,False
PURR,-7.0501515272727255,False
FOGO,-6.90670082,False
MEW,-6.635992482644627,False
WCT,-4.0472462899999995,False
kNEIRO,-3.951148770247933,False
STABLE,-3.837657449999998,False
FIL,-3.1318165586776856,False
BCH,-3.0891314677685946,False
NEO,-2.7810473355371905,False
ADA,-2.168610396694215,False
APT,-1.7546547867768596,False
TURBO,-1.3123109851239667,False
GMX,-1.0621709950413218,False
SAND,-0.6217138512396688,False
ZETA,-0.49799586446280875,False
SCR,-0.24553121652892496,False
