coin,fundingRate_avg_5d,isNew
BLUR,-428.89802785,False
TNSR,-209.73338364999998,False
BLAST,-205.32982217,False
REZ,-136.20078733000003,False
TRUMP,-115.26150236999997,False
SUPER,-112.37508018000001,False
ALT,-92.52430917000002,False
POL,-77.68153234,False
AXS,-76.14223390000001,False
0G,-70.60744544,False
DYM,-69.80267081000002,False
MINA,-69.09441751000001,False
STABLE,-56.17502861999999,False
BERA,-51.176297410000004,False
COMP,-45.064538850000005,False
TURBO,-44.25067572,False
JTO,-43.92373646,False
SOPH,-42.44396879,False
APT,-37.94933908,False
W,-36.715696750000006,False
GAS,-36.61491952,False
DASH,-36.43372549,False
EIGEN,-33.15946233,False
IMX,-33.05633158,False
WLFI,-30.014617219999995,False
NEO,-28.93509833,False
MOVE,-22.7444494,False
ZEC,-22.603084900000002,False
STRK,-21.59007266,False
BSV,-20.90333538,False
HYPER,-19.23458385,False
OP,-19.1815311,False
2Z,-19.12786807,False
SEI,-17.856200039999997,False
ICP,-17.30080582,False
STX,-15.993656870000002,False
ARK,-15.678468419999996,False
DOT,-14.958935160000001,False
ZETA,-14.189377919999998,False
POLYX,-13.665113820000002,False
GMT,-13.017941079999998,False
FET,-12.314926259999998,False
ANIME,-11.83460305,False
BANANA,-10.585887679999999,False
AIXBT,-10.52662555,False
HBAR,-10.40608941,False
SAND,-10.080142219999999,False
kNEIRO,-10.069330189999999,False
IOTA,-9.464437589999998,False
kLUNC,-9.23667978,False
TIA,-9.097798739999998,False
RESOLV,-8.488074999999998,False
IP,-8.47026446,False
APE,-7.82329685,False
S,-7.454728609999999,False
USTC,-7.452114479999997,False
MERL,-7.299971529999999,False
ARB,-7.1509245099999985,False
PROVE,-6.97535367,False
BABY,-6.78732976,False
IO,-6.714971430000001,False
JUP,-6.689553559999999,False
KAITO,-6.23710248,False
XAI,-5.4603496300000005,False
INJ,-4.42830921,False
KAS,-4.339355789999999,False
ADA,-3.2640782,False
FTT,-3.1358989599999982,False
MOODENG,-2.3188873400000003,False
USUAL,-1.8566506099999978,False
kSHIB,-1.8252890799999995,False
SUSHI,-0.15505345999999937,False
