coin,fundingRate_avg_5d,isNew
ALT,-296.54567131000005,False
ZORA,-166.71809204,False
IO,-121.13265001,False
CHIP,-64.79990708,False
0G,-51.13740447,False
ME,-48.146909830000006,False
TRUMP,-43.47732467,False
COMP,-35.6504479,False
JUP,-31.526973549999994,False
BCH,-29.111456839999995,False
TRX,-27.436673319999997,False
MOVE,-26.050912130000004,False
kLUNC,-22.399559439999997,False
2Z,-21.61763162,False
HYPER,-18.71764092,False
ETC,-17.96131858,False
STX,-17.82693288,False
STABLE,-17.07066091,False
S,-16.963146509999994,False
STRK,-16.93836301,False
HEMI,-16.79782195,False
OP,-14.68252285,False
MON,-14.598095429999999,False
kNEIRO,-14.361165899999998,False
MINA,-13.273224269999998,False
ADA,-13.24545507,False
POLYX,-12.68310322,False
BSV,-12.55762206,False
APT,-12.49240751,False
TON,-11.36770235,False
INJ,-11.32741,False
SNX,-10.5001375,False
BABY,-10.077364569999999,False
SEI,-9.592970149999998,False
SUSHI,-9.54919424,False
AXS,-8.64373582,False
MEGA,-7.972022669999998,False
DASH,-7.961064639999998,False
CRV,-7.378616619999999,False
GMT,-7.167729839999999,False
SAND,-6.451298349999999,False
ZETA,-5.997398950000001,False
JTO,-5.82920403,False
XLM,-5.82787105,False
PENGU,-5.6680609099999995,False
TURBO,-5.503326189999998,False
AIXBT,-5.14738695,False
ONDO,-4.470503209999999,False
PENDLE,-4.208525919999999,False
VIRTUAL,-3.79463417,False
PROVE,-3.694464299999998,False
XRP,-3.2668069400000004,False
MERL,-2.9523258599999984,False
BLUR,-2.7051230399999997,False
DOT,-2.49190902,False
ZK,-1.84858776,False
NOT,-1.7710318299999996,False
KAITO,-1.4877582499999997,False
INIT,-1.3194071099999993,False
SAGA,-0.7335069199999992,False
SUPER,-0.3281057999999994,False
kBONK,-0.2575615199999993,False
LAYER,-0.0334281599999988,False
