coin,fundingRate_avg_5d,isNew
AVNT,-254.12187242,False
BLAST,-139.9787251933884,False
ANIME,-125.95272793388428,False
POLYX,-122.20144471735539,False
IP,-106.94144435702478,False
0G,-99.06101971000001,False
kLUNC,-85.63733503140496,False
BABY,-80.77466351999999,False
ZK,-77.68368289586778,False
KAITO,-70.64796628000002,False
SOPH,-50.53105916999999,False
VVV,-40.8128262446281,False
ACE,-39.56863765289256,False
GAS,-39.29916195371901,False
REZ,-37.11066852892562,False
ZETA,-33.9590811570248,False
BERA,-33.94210485619835,False
TNSR,-26.44691709421488,False
XAI,-23.362803441322313,False
USTC,-21.131019689256203,False
MINA,-20.785569451239667,False
WCT,-14.36764246,False
SUPER,-13.347890003305787,False
ATOM,-12.781005788429752,False
LAYER,-11.852145342148761,False
USUAL,-11.212010876033059,False
PROVE,-10.829489409999999,False
SCR,-10.303307117355372,False
BSV,-10.222497203305782,False
CELO,-8.632806247933885,False
TRUMP,-7.320809464462808,False
RESOLV,-6.475270820000002,False
MELANIA,-6.368361451239667,False
ZRO,-4.388405980165288,False
DOOD,-3.186470439999996,False
MEME,-2.989457147107436,False
UMA,-2.6756051702479335,False
ZORA,-2.182055409999999,False
MANTA,-2.043212806611569,False
SKY,-1.425479029999999,False
HYPER,-1.1486754399999992,False
2Z,-0.7853602799999998,False
