coin,fundingRate_avg_5d,isNew
ME,-257.5773270942149,False
BLUR,-224.98722036694213,False
STABLE,-80.6279398909091,False
ZETA,-36.902897980165285,False
CELO,-36.56674202975206,False
HMSTR,-29.862725613223137,False
MINA,-28.560227276033054,False
ATOM,-25.991693196694214,False
kNEIRO,-22.59963730909091,False
HYPER,-20.43642480991736,False
IOTA,-14.273081385123968,False
DYDX,-13.005497077685954,False
MANTA,-11.249859143801656,False
0G,-10.117512585123967,False
TRX,-7.516832925619835,False
TRUMP,-6.632515269421487,False
AIXBT,-4.651517285950413,False
W,-3.6315542876033033,False
MEME,-3.080244049586776,False
PYTH,-3.0054836033057843,False
SNX,-1.4890110446280989,False
TIA,-1.147669319008264,False
BCH,-0.7496786280991735,False
INJ,-0.13800909421487592,False
