coin,fundingRate_avg_5d,isNew
TNSR,-1124.14237964,False
RESOLV,-760.15702781,False
WCT,-470.93555819000005,False
DYM,-385.28886299,False
ZORA,-359.64526677000003,False
KAITO,-330.39281043000005,False
XAI,-178.97193335999998,False
BSV,-166.12146158000002,False
0G,-148.65739637,False
LAYER,-143.51974251,False
AVNT,-103.40670679,False
YZY,-97.63773506000001,False
REZ,-92.17581300999998,False
BLAST,-85.06184621,False
BIO,-83.73805253,False
2Z,-79.99770627,False
MOVE,-65.01323717000001,False
ME,-63.8597284,False
IP,-58.07525074000001,False
IO,-56.75365655,False
MEW,-54.81585622,False
BERA,-52.515503579999994,False
OM,-47.42387038,False
MANTA,-47.00230049,False
SUPER,-44.218949190000004,False
TURBO,-41.88209071000001,False
MORPHO,-41.445871909999994,False
WLFI,-41.120991249999996,False
ZK,-37.901308730000004,False
GAS,-37.72438739,False
MOODENG,-35.89846029,False
GOAT,-29.912627460000007,False
APT,-29.90076642,False
ANIME,-28.94684549,False
PROVE,-26.709605,False
AIXBT,-26.0089729,False
ZRO,-25.62909258,False
BABY,-24.979671439999997,False
MAV,-22.226893269999998,False
ZEN,-21.511314420000005,False
HYPER,-20.083816940000006,False
USUAL,-19.489686730000003,False
SKY,-18.9103945,False
SAGA,-18.0397308,False
ZETA,-15.491146770000002,False
NIL,-14.2026756,False
STX,-13.48793114,False
CAKE,-13.25016211,False
CC,-12.231616470000002,False
GMX,-12.062106819999999,False
MET,-12.02044864,False
FXS,-10.32125757,False
SAND,-9.92443541,False
POPCAT,-9.04930703,False
SOPH,-8.97422434,False
kLUNC,-8.35788169,False
GRASS,-8.18969918,False
kFLOKI,-7.1303370500000005,False
COMP,-6.848226359999999,False
RSR,-6.244338239999999,False
ATOM,-6.200609779999999,False
ALGO,-5.90993546,False
INJ,-5.40776481,False
VVV,-5.044251819999999,False
ZEC,-4.712180659999999,False
SEI,-4.57404714,False
ALT,-4.3596030699999995,False
DOOD,-4.349848809999998,False
PROMPT,-4.292466429999998,False
BRETT,-3.7922806499999977,False
OP,-3.752360599999999,False
TST,-2.8744925299999986,False
YGG,-2.8294997099999977,False
HEMI,-2.613735069999999,False
MELANIA,-2.5077996599999985,False
INIT,-2.4648632499999987,False
EIGEN,-2.31753027,False
SOL,-2.03320257,False
DOT,-1.8466525299999996,False
AR,-1.75002973,False
ACE,-1.512172369999999,False
W,-1.2526150299999992,False
WLD,-0.6793525999999988,False
IMX,-0.5437813799999985,False
GMT,-0.5095976699999992,False
MERL,-0.20345683999999972,False
kNEIRO,-0.026933349999999252,False
