coin,fundingRate_avg_5d,isNew
TNSR,-192.7701948,False
IP,-107.82395869,False
0G,-97.56375029000002,False
FOGO,-79.34933559999999,False
TRUMP,-76.07778293000001,False
ZORA,-75.28791125000001,False
LAYER,-69.24859205,False
GAS,-63.903521100000006,False
STABLE,-63.01740548999999,False
S,-60.95719584000001,False
BSV,-60.25734411000001,False
ME,-57.57925370000001,False
CELO,-52.12809257999999,False
AVNT,-42.538305959999995,False
PROVE,-38.743936049999995,False
AIXBT,-37.94355091,False
POLYX,-37.871087460000005,False
kNEIRO,-34.08132312,False
USUAL,-32.9811956,False
IOTA,-29.077187719999998,False
SNX,-29.019844759999998,False
STRK,-24.46242848,False
kSHIB,-24.20065705,False
SUSHI,-21.99544823,False
XAI,-20.84178543,False
MINA,-20.569212190000002,False
ADA,-20.242513100000004,False
MON,-19.667140970000002,False
BIO,-18.866670420000002,False
CHIP,-18.805798640000013,False
NOT,-18.412666630000004,False
KAITO,-18.01889806,False
MERL,-17.21522135,False
ANIME,-16.4398336,False
TRX,-15.86717926,False
MANTA,-15.785134559999998,False
AXS,-15.024849050000002,False
ZETA,-14.854169939999998,False
APT,-14.26116174,False
POPCAT,-13.33085047,False
GMT,-12.9771881,False
INJ,-12.66360565,False
YGG,-11.62469301,False
SOPH,-11.47965515,False
XRP,-10.53813108,False
kPEPE,-9.54236363,False
FIL,-8.941895559999999,False
KAS,-8.5275753,False
OP,-8.43628004,False
W,-7.495149439999999,False
ETH,-7.45064937,False
WLFI,-6.846247329999999,False
DOT,-6.44792648,False
ATOM,-6.3942817,False
kLUNC,-5.292280999999998,False
kFLOKI,-5.06221274,False
STX,-3.9078666600000003,False
ZK,-3.780951049999999,False
ARB,-3.39599504,False
DOGE,-3.0762338700000003,False
SKY,-3.040048499999999,False
VVV,-2.85348678,False
MOODENG,-2.7540126,False
VIRTUAL,-2.703606099999998,False
2Z,-2.311509229999999,False
ALT,-1.9632707599999997,False
ALGO,-1.85331232,False
AVAX,-1.4752241499999998,False
PYTH,-0.20974359999999992,False
MNT,-0.054109059999998446,False
