coin,fundingRate_avg_5d,isNew
POLYX,-231.60061711735534,False
CHIP,-158.90681410909093,False
STABLE,-74.83891850578512,False
HYPER,-48.15771919338842,False
WLD,-46.90275942148761,False
BSV,-37.17490249586777,False
BIO,-34.37232510743802,False
0G,-29.1126611107438,False
SAGA,-26.91436372561983,False
APE,-26.588883391735536,False
kLUNC,-25.478475203305784,False
BABY,-19.770510604958677,False
POL,-18.361032396694213,False
TRUMP,-16.870705904132233,False
JTO,-16.628861127272728,False
MOVE,-16.438103801652893,False
BCH,-15.329561999999997,False
APT,-14.247594852892567,False
MON,-14.202797226446283,False
SKY,-13.93586265123967,False
COMP,-13.450623084297519,False
AXS,-12.420956033057848,False
MINA,-12.115950208264463,False
BANANA,-11.91175388429752,False
CAKE,-11.471647140495866,False
kSHIB,-11.292936624793388,False
W,-9.467074621487603,False
LAYER,-9.122126092561983,False
ATOM,-8.929074515702478,False
TURBO,-8.356258115702481,False
2Z,-8.07903162644628,False
ACE,-7.990113282644626,False
DASH,-7.584434062809919,False
ALT,-6.670148519008265,False
EIGEN,-6.176717266115702,False
BLUR,-6.002129018181816,False
SAND,-5.667695385123967,False
PYTH,-5.342507533884297,False
SEI,-5.334404895867768,False
ICP,-5.097874760330578,False
ANIME,-4.632717312396694,False
PENGU,-4.104172938842974,False
PROVE,-4.103842085950414,False
IO,-3.4146581355371897,False
BLAST,-3.1974485057851227,False
STX,-3.196715127272727,False
AERO,-2.8069552165289258,False
XRP,-2.23985453553719,False
STRK,-1.3013993553718999,False
GAS,-1.1957421719008263,False
SOL,-1.1144537157024794,False
INIT,-0.9123511041322313,False
BERA,-0.7952950611570245,False
NOT,-0.7308562115702474,False
YGG,-0.4962460363636361,False
GALA,-0.28863765619834664,False
SUI,-0.10892299834710732,False
