coin,fundingRate_avg_5d,isNew
MOVE,-311.3846678380166,False
SOPH,-232.92290798677683,False
STABLE,-126.21310336859507,False
LAYER,-96.5737526876033,False
ME,-75.73543283305784,False
TRX,-56.23614485950413,False
TRUMP,-56.126007044628096,False
ZEC,-53.88073216859504,False
IO,-42.422162766942144,False
HMSTR,-39.437905874380164,False
CHIP,-38.69762650909091,False
EIGEN,-34.9080555768595,False
AVNT,-33.76235182809917,False
kNEIRO,-30.73950460165289,False
UMA,-30.280851272727265,False
kLUNC,-30.147639183471068,False
MERL,-25.015825576859505,False
ZORA,-24.54284059834711,False
ALT,-24.356680462809916,False
IP,-22.785399262809918,False
POL,-21.773743061157028,False
TON,-20.458483358677686,False
0G,-20.311041699173558,False
SNX,-19.326694254545455,False
SEI,-18.486049904132233,False
JUP,-17.65053558347108,False
XLM,-16.901128442975207,False
W,-16.515227276033055,False
AIXBT,-16.016054241322312,False
WLD,-14.380001166942153,False
S,-14.003465236363638,False
ZK,-13.650692796694216,False
BRETT,-13.386440519008262,False
MOODENG,-13.237748568595043,False
MINA,-12.865415266115704,False
SAGA,-12.689308859504134,False
OP,-11.79297769586777,False
STRK,-11.375263249586776,False
AVAX,-9.083553857851241,False
ETC,-8.655609034710741,False
VIRTUAL,-8.46909053553719,False
AERO,-7.363150671074382,False
PNUT,-7.266732029752065,False
APT,-7.198120234710744,False
SAND,-6.654288575206612,False
HYPER,-6.297324366942147,False
FIL,-6.281887943801654,False
ADA,-5.919188469421486,False
BABY,-5.566678829752065,False
PYTH,-4.8809424099173535,False
TIA,-3.9195048991735537,False
SUSHI,-3.139479024793388,False
INJ,-3.093268214876032,False
SOL,-2.9485363636363644,False
MORPHO,-2.708938780165289,False
XRP,-2.102861166942149,False
ZEN,-1.83521348429752,False
KAS,-1.4347330710743793,False
POPCAT,-1.223880595041322,False
NOT,-1.070483583471073,False
ALGO,-1.0516039735537186,False
XAI,-0.8962276363636356,False
KAITO,-0.8949751735537187,False
ICP,-0.8845753884297524,False
2Z,-0.6374210380165282,False
ARB,-0.27163456859504126,False
JTO,-0.2645244892561981,False
APE,-0.14024036033057832,False
