coin,fundingRate_avg_5d,isNew
JTO,-129.00974348,False
kLUNC,-75.51149711,False
IO,-72.44706588,False
BLAST,-71.03670515000002,False
HYPER,-51.97156160000001,False
ACE,-51.22320647999999,False
WIF,-50.66233945000001,False
STABLE,-45.49797416,False
MEGA,-32.79138976,False
COMP,-32.46254300999999,False
NIL,-30.913651639999994,False
STX,-29.793110400000007,False
BLUR,-26.58411581,False
CHIP,-24.431723950000006,False
BANANA,-24.02441461,False
XAI,-15.073010800000002,False
BABY,-12.795520300000003,False
ATOM,-12.640686570000002,False
KAITO,-11.04261656,False
DYM,-9.224812899999998,False
FTT,-7.94904884,False
EIGEN,-7.498051189999997,False
S,-5.306253200000001,False
2Z,-4.859529699999998,False
NOT,-3.1656690899999997,False
GRIFFAIN,-2.3207356999999993,False
ORDI,-1.8596041899999993,False
MERL,-1.566360999999999,False
YZY,-0.6002023500000001,False
