coin,fundingRate_avg_5d,isNew
BLAST,-198.38949609,False
0G,-188.94883752,False
TRUMP,-165.61248441000004,False
BLUR,-158.67305915,False
TNSR,-157.06469687000003,False
YZY,-140.70397774999998,False
STABLE,-138.07252923,False
POL,-78.88608198,False
AXS,-74.74915227000001,False
REZ,-73.60313695,False
JTO,-72.79117693,False
MINA,-69.48776925,False
DOT,-60.80660633000001,False
FET,-59.69532732999999,False
COMP,-58.76834121000001,False
DYM,-49.99907240000001,False
BERA,-48.84922458,False
IMX,-44.11165671,False
TURBO,-42.39013202,False
APT,-39.16168293,False
GAS,-38.310989109999994,False
EIGEN,-37.8903872,False
NEO,-35.37784837999999,False
W,-34.83128351,False
WLFI,-34.48957197,False
SUPER,-32.70578412,False
2Z,-31.26161782000001,False
STX,-26.80551094,False
POLYX,-26.462730679999996,False
ALT,-25.769047450000006,False
SEI,-25.75539207,False
DASH,-25.096253169999997,False
MOVE,-24.79878401,False
BSV,-20.09442092,False
OP,-19.73357316,False
HYPER,-19.473728200000004,False
SAND,-19.0111637,False
IOTA,-18.406990880000002,False
IP,-17.996757889999998,False
kNEIRO,-16.70759176,False
PROVE,-16.45553225,False
HBAR,-16.15660528,False
kLUNC,-15.905405709999997,False
STRK,-15.767014500000002,False
BABY,-15.72327801,False
ARK,-15.704994429999998,False
ZETA,-14.449065200000001,False
GMT,-14.409105,False
XAI,-13.962735550000001,False
ICP,-13.903734030000003,False
APE,-13.592128419999998,False
RESOLV,-13.11443248,False
AVNT,-12.668751419999998,False
S,-11.10140127,False
KAITO,-10.96847776,False
IO,-10.31704912,False
ARB,-8.181092479999998,False
USTC,-7.967831739999998,False
ADA,-6.34958526,False
AIXBT,-5.826758529999999,False
BANANA,-5.759608749999998,False
JUP,-4.917261020000001,False
MEW,-4.895782959999999,False
INJ,-4.30597435,False
XLM,-3.6769070700000004,False
kSHIB,-2.7450189999999997,False
TIA,-2.53327958,False
SUSHI,-1.7618017099999999,False
TST,-1.533455519999999,False
NOT,-1.5153982399999992,False
ANIME,-1.4482199899999995,False
PENGU,-1.3821016999999998,False
ME,-1.2633577099999995,False
USUAL,-1.1475439399999992,False
SUI,-0.39312398,False
ZEC,-0.037641719999998144,False
