coin,fundingRate_avg_5d,isNew
ALT,-307.48425338000004,False
CHIP,-94.42667165,False
IO,-82.09603433000001,False
SAGA,-57.378832200000005,False
ME,-37.89002366,False
TRUMP,-36.640430099999996,False
0G,-36.580289050000005,False
ZORA,-35.065515690000005,False
SUPER,-34.22922841999999,False
BCH,-28.935698390000002,False
ETC,-24.7227859,False
TON,-24.254041219999998,False
COMP,-23.26667096,False
FOGO,-22.724984680000006,False
BLAST,-22.630780369999997,False
MINA,-22.40977287,False
MEGA,-22.237370960000003,False
JUP,-19.584598409999998,False
VVV,-16.877234270000002,False
OP,-14.01802283,False
HYPER,-14.010383379999999,False
SUSHI,-13.718502370000003,False
STABLE,-13.695510289999998,False
HEMI,-13.596562439999996,False
SAND,-13.31234497,False
DASH,-12.68180309,False
STX,-12.490700039999998,False
GMT,-12.27575008,False
BLUR,-12.058964170000001,False
kSHIB,-12.035904930000001,False
TRX,-11.936238029999998,False
STRK,-11.39136019,False
SEI,-11.15406055,False
ADA,-10.8589617,False
AIXBT,-10.85508248,False
MON,-10.26503808,False
kLUNC,-9.752334259999998,False
BSV,-9.52617369,False
INJ,-9.1264162,False
CRV,-9.036237839999998,False
MOVE,-8.89443461,False
PENGU,-8.70338631,False
TST,-7.411781980000001,False
2Z,-7.007405050000001,False
S,-6.85672283,False
TURBO,-6.831626159999999,False
kNEIRO,-6.385602,False
SNX,-6.010782769999999,False
PROVE,-5.610149279999999,False
MOODENG,-5.164001019999999,False
PENDLE,-4.96726237,False
BABY,-4.4570412799999986,False
PURR,-3.9150425600000016,False
MERL,-3.0608469299999985,False
W,-2.8583135399999997,False
NOT,-2.586917059999999,False
INIT,-2.359654189999999,False
JTO,-2.176082549999998,False
APT,-2.13110433,False
SPX,-2.056688859999999,False
ZETA,-1.5357323899999993,False
XRP,-1.5334606299999998,False
ONDO,-1.1231414999999996,False
KAITO,-0.9341255199999995,False
ZEC,-0.6980486299999997,False
kBONK,-0.06929159999999858,False
