coin,fundingRate_avg_5d,isNew
ACE,-278.43843960000004,False
POLYX,-56.8294342,False
GMT,-51.896315390000005,False
ZORA,-28.122338960000004,False
GAS,-27.181598909999995,False
ME,-26.793596610000005,False
ZETA,-26.07064695,False
kNEIRO,-24.975535989999997,False
NEO,-23.89021214,False
YGG,-22.94882458,False
W,-19.74605762,False
TURBO,-19.17310325,False
SOPH,-17.68481794,False
SUPER,-16.541756930000002,False
ATOM,-13.97941459,False
AERO,-11.182813789999997,False
SEI,-10.97432871,False
OP,-10.705668999999997,False
MERL,-9.595524420000002,False
S,-9.32849772,False
HYPER,-8.91270359,False
WCT,-8.5901947,False
TIA,-8.241451799999998,False
MOVE,-6.65751751,False
VIRTUAL,-6.503312309999999,False
KAS,-6.263291229999999,False
TRB,-5.926956869999999,False
MINA,-5.666403809999999,False
UMA,-4.628840939999998,False
AIXBT,-4.53383217,False
BSV,-3.2050401799999984,False
CAKE,-2.8975181899999987,False
SKR,-2.5951397799999985,False
2Z,-2.5534363399999997,False
REZ,-2.407223179999998,False
XAI,-2.025029489999999,False
FIL,-1.9643504299999999,False
IO,-1.2918255199999995,False
BLUR,-1.1208186399999982,False
MORPHO,-0.9988954999999986,False
