coin,fundingRate_avg_5d,isNew
SOPH,-240.32340014876033,False
MOVE,-175.32629892892564,False
STABLE,-101.24150420826449,False
TRUMP,-60.19622014214875,False
TRX,-58.14814444958677,False
ME,-56.23113500826446,False
LAYER,-54.55845427438017,False
ZEC,-41.70805408264462,False
CHIP,-39.37186560991735,False
IO,-37.4477323338843,False
EIGEN,-35.35553447603306,False
UMA,-33.20933592396694,False
HMSTR,-31.525498859504133,False
kLUNC,-30.73915130578512,False
kNEIRO,-30.58445404958678,False
ZORA,-26.539996076033056,False
ALT,-25.70854103801653,False
AVNT,-25.58661559338843,False
POL,-22.45180470743802,False
XLM,-20.763536965289255,False
0G,-20.521624859504136,False
TON,-20.044222234710748,False
SNX,-19.813449808264465,False
MERL,-18.940067672727277,False
SEI,-17.662847365289256,False
BRETT,-15.86259786446281,False
MINA,-15.747375629752062,False
JUP,-15.555769090909088,False
AIXBT,-14.71204570909091,False
MOODENG,-14.41086315371901,False
IP,-14.01954164628099,False
WLD,-13.974020052892563,False
ZK,-13.5654869553719,False
W,-12.053275666115702,False
OP,-10.063981021487603,False
STRK,-9.913800595041323,False
SAGA,-8.636077130578514,False
ETC,-8.496911861157024,False
AVAX,-8.362065778512395,False
HYPER,-7.759823742148758,False
S,-7.715214347107438,False
FIL,-7.1174420826446285,False
SAND,-6.609756644628098,False
VIRTUAL,-5.750056760330576,False
APT,-5.615177375206609,False
PNUT,-5.013805547107436,False
TIA,-3.9428245983471064,False
MORPHO,-2.8139320859504124,False
PYTH,-2.7802560396694203,False
GAS,-2.6239950148760323,False
SUSHI,-2.5723906512396693,False
ADA,-2.555095804958677,False
XRP,-2.4120218380165284,False
BABY,-1.9532961123966932,False
SOL,-1.654915309090909,False
POPCAT,-1.6332020925619837,False
KAS,-1.434733071074379,False
XAI,-1.1338676132231398,False
NOT,-1.1114999305785112,False
INJ,-0.9159854181818177,False
ALGO,-0.8569727008264462,False
AERO,-0.7420378809917336,False
ZEN,-0.40941995702479295,False
KAITO,-0.3856072363636362,False
2Z,-0.3639693123966938,False
IOTA,-0.34755842975206436,False
NXPC,-0.0916180165289253,False
JTO,-0.01511570578512374,False
