coin,fundingRate_avg_5d,isNew
BABY,-529.7519720900001,False
TRX,-72.25717755000001,False
BSV,-63.31957731,False
ZORA,-57.33836976,False
STABLE,-53.74433302,False
kLUNC,-51.091300589999996,False
MEME,-37.58906802,False
SEI,-32.44909495,False
TRUMP,-29.888473949999998,False
SNX,-27.786153519999996,False
JTO,-27.765975589999996,False
ALT,-26.064214920000005,False
BIO,-25.802853750000004,False
AVNT,-20.1299909,False
S,-19.997657229999998,False
ZK,-18.39485536,False
AIXBT,-16.2486539,False
STRK,-13.555332039999998,False
STX,-13.453094080000001,False
IO,-13.018128690000001,False
ME,-12.23964793,False
GMT,-11.755322859999998,False
UMA,-10.59975914,False
ETC,-10.57849643,False
SUSHI,-10.15976405,False
ATOM,-9.073498500000001,False
ADA,-8.699268379999998,False
POLYX,-8.149108990000002,False
BCH,-7.774842369999997,False
XLM,-7.297237679999999,False
kNEIRO,-7.19558299,False
MOODENG,-7.104383359999999,False
APT,-7.01661765,False
DASH,-6.874223849999999,False
MORPHO,-6.697128039999997,False
VIRTUAL,-6.29489366,False
HYPER,-5.6866416000000015,False
XRP,-5.25502545,False
IP,-5.24598367,False
OP,-4.978045929999999,False
DOT,-4.869073719999999,False
NIL,-4.5909196299999975,False
MON,-4.445310179999998,False
PENGU,-4.38827528,False
2Z,-4.182998550000001,False
CHIP,-4.1516852,False
MEGA,-4.04180487,False
SOL,-3.714345119999999,False
MERL,-3.548247489999999,False
TON,-3.513456419999998,False
0G,-3.049076409999999,False
CAKE,-2.999205729999999,False
AERO,-2.5899414499999986,False
COMP,-2.51417402,False
kFLOKI,-1.62749923,False
W,-1.4564733699999988,False
YGG,-1.40609315,False
PUMP,-0.7433078999999986,False
TIA,-0.6124451799999996,False
SAGA,-0.6106800399999985,False
