coin,fundingRate_avg_5d,isNew
POLYX,-667.30382006,False
REZ,-546.43308237,False
SUPER,-511.83440459999997,False
ZETA,-228.77471314,False
BERA,-188.51077401,False
GAS,-172.31919516000002,False
ALT,-169.05982838000003,False
FTT,-163.80710243000001,False
2Z,-112.18465821999999,False
BLAST,-98.49281764,False
JTO,-94.31823379999999,False
ME,-90.40096109000001,False
NIL,-77.36948508,False
SOPH,-76.09203764,False
TURBO,-72.84179805,False
BSV,-51.42205775,False
STABLE,-49.73831129,False
AVNT,-48.54571248,False
MOODENG,-47.89934639000001,False
APT,-38.26737234,False
MOVE,-37.94762941999999,False
TRUMP,-35.226823790000005,False
XAI,-34.97842377,False
AXS,-33.88932217,False
0G,-33.676422050000006,False
BLUR,-32.81910713,False
CELO,-32.80706359,False
LAYER,-32.46779536,False
EIGEN,-30.867579880000005,False
STRK,-29.244142370000002,False
ZORA,-28.9411566,False
BANANA,-24.42177989,False
IO,-24.321303420000003,False
PROVE,-22.846576399999996,False
MEW,-22.224982860000004,False
AERO,-21.59200278,False
DYM,-20.7789901,False
kNEIRO,-19.804072910000002,False
IMX,-19.43457392,False
KAS,-19.00324101,False
kLUNC,-18.83952026,False
ANIME,-17.2779758,False
S,-17.05660038,False
FET,-16.920064830000005,False
AIXBT,-16.863432890000002,False
W,-16.819429220000004,False
OP,-16.494696020000003,False
SEI,-16.20566347,False
HYPER,-15.410594919999998,False
MERL,-11.15939028,False
DOT,-10.509535519999998,False
kFLOKI,-10.00010356,False
ACE,-9.69685864,False
kBONK,-8.739170179999999,False
HEMI,-7.774243039999995,False
ENA,-7.3285940999999974,False
MEME,-6.785269699999998,False
POL,-6.3428656100000005,False
ZEC,-6.048088689999999,False
INIT,-5.02066698,False
TIA,-4.64710189,False
PENGU,-4.620043709999998,False
BABY,-4.3993515699999985,False
kSHIB,-3.89055982,False
ALGO,-3.7108126499999994,False
MINA,-3.7096928299999994,False
DOOD,-3.1991001699999986,False
SNX,-3.18886046,False
STX,-2.768414039999999,False
BTC,-2.5469305799999997,False
VVV,-2.310274799999999,False
VIRTUAL,-2.1568295299999996,False
XRP,-1.9122649300000003,False
SOL,-1.89440183,False
DASH,-1.0113025799999995,False
ARK,-0.5293375999999992,False
SCR,-0.5291842999999986,False
BRETT,-0.49524294999999985,False
HBAR,-0.16263086000000002,False
