coin,fundingRate_avg_5d,isNew
STABLE,-67.11239305000001,False
MOVE,-51.935620050000004,False
SUPER,-34.84674929,False
POLYX,-34.01804818,False
XAI,-33.87717935,False
MINA,-33.03554702,False
kNEIRO,-30.23624887,False
ZETA,-28.902838169999995,False
TRX,-24.412266530000004,False
BIGTIME,-20.415189490000007,False
SNX,-19.48981302,False
IO,-19.171641060000002,False
ALT,-19.10769744,False
ATOM,-18.468863490000004,False
ME,-13.436438400000002,False
BLUR,-13.353229349999998,False
STRK,-11.816340640000002,False
PENGU,-11.21751361,False
AVNT,-11.124302099999998,False
KAS,-10.93324139,False
OP,-10.39656802,False
SAND,-10.159077849999997,False
RENDER,-10.02275108,False
CELO,-9.966116220000002,False
MEME,-9.448068800000001,False
WCT,-9.08409518,False
PROVE,-8.79719131,False
BCH,-8.61203995,False
STX,-7.997611359999998,False
LIT,-7.65808763,False
BSV,-6.8795221899999985,False
SEI,-6.644254140000001,False
ANIME,-6.190088289999998,False
S,-6.038411079999999,False
SOPH,-4.2935417199999995,False
POPCAT,-3.94731294,False
MORPHO,-3.7851448999999997,False
MOODENG,-3.7538936,False
CRV,-3.4098854799999985,False
BIO,-2.5087428199999993,False
ICP,-2.39958519,False
SPX,-2.338874009999999,False
YGG,-2.245715059999999,False
SUSHI,-2.2329751,False
VIRTUAL,-1.4232744299999998,False
WLFI,-0.56460536,False
NOT,-0.41632337999999863,False
ADA,-0.36514526999999986,False
