coin,fundingRate_avg_5d,isNew
BLAST,-167.41837300999998,False
CHIP,-81.08933586,False
IO,-64.26549963,False
STABLE,-64.1127318,False
WIF,-54.99671591,False
kLUNC,-53.07846497999999,False
COMP,-49.79830707,False
HYPER,-49.569751370000006,False
BABY,-32.932429410000005,False
STX,-28.49771956,False
XAI,-28.453047939999998,False
2Z,-25.27795528,False
MEGA,-23.523435320000004,False
BIO,-19.174568360000002,False
KAITO,-18.7685336,False
REZ,-15.154296300000004,False
kNEIRO,-13.215819989999998,False
BERA,-13.06531151,False
TRUMP,-12.560333280000004,False
APE,-12.28062429,False
WLD,-11.76836723,False
APT,-9.42798285,False
BANANA,-9.115020170000001,False
FTT,-8.636607369999998,False
ARB,-6.860724689999999,False
0G,-6.3736584700000005,False
ATOM,-6.111381150000001,False
USTC,-5.85539424,False
MINA,-5.767216809999999,False
ICP,-4.424870909999997,False
DYM,-4.087756179999999,False
SUI,-3.37968246,False
EIGEN,-2.528942649999999,False
ORDI,-1.6203474199999999,False
MERL,-1.128481449999999,False
IMX,-0.4537731099999994,False
TIA,-0.40109412000000005,False
SEI,-0.3487604199999999,False
WLFI,-0.27447780999999927,False
XRP,-0.09636218999999993,False
