coin,fundingRate_avg_5d,isNew
TNSR,-499.8185534999999,False
LAYER,-391.50060235,False
0G,-149.95625105999997,False
ME,-80.31365392000001,False
CHIP,-73.81534357000001,False
FOGO,-71.24705976,False
S,-58.512748499999994,False
TRUMP,-51.09526814,False
kNEIRO,-50.014857920000004,False
MINA,-46.98408406999999,False
AIXBT,-45.58206067,False
AVNT,-44.36003118,False
SUSHI,-43.78593947,False
2Z,-43.54359699,False
PROVE,-42.64325806,False
STABLE,-41.95425486,False
USUAL,-41.61457272,False
ZORA,-38.03859764,False
RESOLV,-36.797206360000004,False
VVV,-33.37726659,False
BIO,-31.86070546,False
kLUNC,-31.69790524,False
KAITO,-28.46987371,False
AXS,-27.547828959999997,False
ADA,-26.61912004,False
IOTA,-26.398552000000002,False
BABY,-23.685162440000006,False
XAI,-22.14121609,False
kSHIB,-21.89086989,False
MERL,-20.91367364,False
ANIME,-18.77010091,False
STRK,-18.53868361,False
SNX,-17.36585977,False
MEME,-16.232200430000002,False
GAS,-15.60976447,False
YGG,-15.260003220000002,False
ATOM,-14.68617212,False
VIRTUAL,-13.38196872,False
BIGTIME,-12.443687310000003,False
TRX,-12.21655657,False
kFLOKI,-12.165835439999999,False
STX,-10.27344841,False
BERA,-9.915224270000001,False
HYPER,-8.66976616,False
NOT,-8.598801400000001,False
SOL,-8.538152999999998,False
ARB,-8.467891230000001,False
AVAX,-8.403246079999999,False
DOT,-7.734512059999999,False
INIT,-7.713292419999999,False
PENGU,-7.6172412099999995,False
SKY,-7.613627709999999,False
IO,-6.918793269999999,False
RUNE,-6.050166269999999,False
INJ,-5.93048058,False
ZETA,-5.5356754100000005,False
RENDER,-5.352643239999998,False
ETC,-5.153003569999999,False
SUPER,-4.90793308,False
MNT,-4.644089179999999,False
KAS,-4.614230719999999,False
ALT,-4.31304951,False
XLM,-3.7692090000000005,False
RSR,-3.29971753,False
DOGE,-3.01395757,False
CRV,-3.0099944,False
W,-2.7143341800000003,False
NIL,-2.598721889999999,False
XRP,-2.40111819,False
TIA,-2.1628564099999994,False
FIL,-2.0304614200000004,False
ETH,-1.7869808699999998,False
ARK,-1.7045317499999992,False
IP,-1.5610502499999976,False
BLUR,-0.9019113499999987,False
ACE,-0.8752408000000022,False
MORPHO,-0.4814459499999998,False
