coin,fundingRate_avg_5d,isNew
GAS,-983.207596323967,False
POLYX,-848.1194698115703,False
0G,-603.5520559933884,False
TST,-307.36779807272717,False
WCT,-181.8749766545455,False
KAITO,-158.8075857520661,False
GMT,-140.79329225454546,False
AVNT,-133.4521653818182,False
MERL,-133.45045537190086,False
RESOLV,-127.29226224793386,False
TNSR,-115.03125874710743,False
REZ,-114.29896763305786,False
BLAST,-112.53014046942151,False
ANIME,-103.03307044958677,False
ZORA,-97.04127750743801,False
TURBO,-74.53593906446282,False
BIGTIME,-74.32041772561985,False
DYM,-74.05370178842976,False
kLUNC,-71.24159192727272,False
ARK,-66.38958285619836,False
MANTA,-64.98777797355373,False
USTC,-60.88316703471074,False
SOPH,-51.26810488264462,False
IMX,-46.762805752066114,False
CELO,-46.0808223768595,False
VVV,-42.89271594049586,False
LAYER,-41.90010948099172,False
SUPER,-39.71356063140496,False
HYPER,-38.76183948099173,False
MOODENG,-36.84703379504132,False
XAI,-34.41290635041322,False
OM,-30.415664052892563,False
kNEIRO,-28.78571184793389,False
USUAL,-28.569725722314054,False
IO,-28.013624995041326,False
PROVE,-26.422263847933884,False
FET,-26.241015828099176,False
EIGEN,-25.712669097520664,False
BLUR,-25.0276841553719,False
CFX,-23.48407369586777,False
NEO,-23.095484439669423,False
SAGA,-19.12086972892562,False
WIF,-18.974686323966942,False
kFLOKI,-16.570774363636367,False
BSV,-16.354795477685954,False
MOVE,-15.589357537190082,False
UMA,-14.765353566942146,False
TRUMP,-14.710568092561983,False
ZRO,-13.607445183471077,False
MEW,-12.126791613223144,False
XLM,-11.504604287603305,False
BANANA,-11.070747550413227,False
SUSHI,-10.73552189752066,False
ME,-10.691719001652892,False
NOT,-10.134407077685951,False
SEI,-9.979794525619836,False
ALT,-9.704265014876032,False
BABY,-9.025764644628097,False
ETC,-9.025034885950413,False
2Z,-8.903800105785125,False
ZETA,-8.566369249586776,False
IP,-8.316492059504132,False
FIL,-8.286260647933885,False
INIT,-8.17799211570248,False
ATOM,-7.749417441322315,False
CC,-7.214654915702485,False
BIO,-6.636602062809915,False
STX,-6.429275305785123,False
GMX,-6.137384142148759,False
NIL,-5.936417434710742,False
SCR,-5.8325868198347095,False
FXS,-5.359089272727273,False
DOT,-5.340751190082644,False
SKY,-4.894756423140494,False
POL,-4.881784383471074,False
PYTH,-4.534841325619835,False
kSHIB,-3.7869885421487592,False
BOME,-3.428860195041321,False
PAXG,-2.82886318016529,False
SAND,-2.4762188826446274,False
JUP,-1.9813939933884293,False
IOTA,-1.1617902942148752,False
