coin,fundingRate_avg_5d,isNew
ALT,-307.0032908528926,False
IO,-121.1471396231405,False
CHIP,-85.93841116363637,False
ZORA,-59.79690241983471,False
ME,-49.833633887603305,False
TRUMP,-43.69586242314049,False
0G,-42.41267011239668,False
COMP,-31.911111887603308,False
JUP,-28.752507104132228,False
BCH,-28.064497428099177,False
TRX,-25.065120485950413,False
MOVE,-24.09222330247934,False
TON,-21.45894992727273,False
ETC,-19.832559639669423,False
STABLE,-17.615848155371904,False
HYPER,-17.421515880991734,False
MEGA,-16.5007928231405,False
2Z,-16.349495315702477,False
HEMI,-16.14457574876033,False
ADA,-15.707215011570247,False
kLUNC,-15.611689021487605,False
MINA,-14.93859740826446,False
STRK,-14.880604760330582,False
MON,-14.344863431404956,False
STX,-14.034346770247936,False
BSV,-13.572607894214876,False
SNX,-13.420570492561982,False
S,-13.244615395041322,False
OP,-12.231707454545456,False
kNEIRO,-11.867765652892563,False
DASH,-11.247349874380166,False
INJ,-10.903567656198346,False
GMT,-10.09352828429752,False
SUPER,-9.6592603338843,False
SEI,-9.320779725619834,False
SUSHI,-9.295711646280994,False
CRV,-8.777194938842975,False
FOGO,-8.516962125619838,False
PENGU,-8.055502700826446,False
VVV,-7.477313018181819,False
BABY,-7.075137074380166,False
TURBO,-6.684670571900824,False
SAGA,-6.538264185123966,False
APT,-6.11480723305785,False
PROVE,-5.3163411966942125,False
SAND,-4.691313024793388,False
JTO,-4.5859077818181815,False
ZETA,-4.56961056198347,False
PENDLE,-4.505915226446281,False
XRP,-4.334573970247933,False
BLUR,-4.26235681983471,False
AIXBT,-3.4279270016528924,False
KAITO,-2.9763229388429755,False
AXS,-2.9309664099173554,False
POLYX,-2.7808258016528917,False
MERL,-2.5138839867768588,False
ZEC,-2.207271679338843,False
kSHIB,-2.018366261157024,False
ATOM,-1.6728490199999997,False
ZK,-1.4037632132231395,False
VIRTUAL,-1.1166191008264459,False
ONDO,-1.0106976694214873,False
SPX,-0.9320198380165275,False
DOT,-0.6657896826446279,False
NOT,-0.49901738181818167,False
INIT,-0.2865157090909088,False
kBONK,-0.16493704462809888,False
XLM,-0.11524322975206541,False
