coin,fundingRate_avg_5d,isNew
BLUR,-425.6936160793388,False
TNSR,-208.14615149752066,False
BLAST,-205.1614334380165,False
TRUMP,-125.23718724297521,False
0G,-108.1857183768595,False
SUPER,-98.26958805619834,False
REZ,-90.16490628099173,False
ALT,-87.02121883636364,False
AXS,-84.31300981487604,False
POL,-80.07238286280992,False
MINA,-70.23683947438018,False
DYM,-67.2724525785124,False
STABLE,-55.860833157024786,False
BERA,-51.21887947438017,False
COMP,-49.876610737190084,False
JTO,-44.43966605950413,False
TURBO,-43.54983611900826,False
W,-41.46252431404959,False
APT,-40.38265739504133,False
GAS,-39.4518864,False
EIGEN,-37.22269879338843,False
SOPH,-36.30790719669422,False
DASH,-35.98394140165289,False
IMX,-34.130871272727276,False
WLFI,-33.702431980165294,False
NEO,-30.37318022479339,False
MOVE,-23.78033979173554,False
BSV,-23.77056623801653,False
STRK,-23.301177203305784,False
FET,-23.03445475041322,False
2Z,-21.259814132231405,False
HYPER,-20.559980628099172,False
ZEC,-20.247617851239678,False
OP,-19.1513009553719,False
SEI,-19.126522462809916,False
STX,-17.866416733884297,False
DOT,-17.036882380165288,False
ICP,-16.55012682644628,False
ARK,-15.285249431404962,False
ZETA,-14.162541044628096,False
GMT,-14.089290793388427,False
SAND,-13.78824361983471,False
YZY,-13.351976072727274,False
POLYX,-13.24147482644628,False
IOTA,-12.51854822479339,False
AIXBT,-12.006573282644629,False
BABY,-11.751503801652893,False
kNEIRO,-11.530548366942147,False
HBAR,-11.257617897520662,False
IP,-10.682037391735538,False
ANIME,-10.6574297553719,False
kLUNC,-10.586782889256199,False
BANANA,-10.159614882644627,False
XAI,-10.053516079338843,False
RESOLV,-9.245923715702482,False
TIA,-8.96138588429752,False
PROVE,-8.887235018181816,False
S,-8.347298300826445,False
APE,-8.064829566942148,False
KAITO,-7.849809213223141,False
ARB,-7.6542389553719,False
USTC,-7.467640095867767,False
MERL,-6.9043670280991725,False
IO,-6.639585530578511,False
JUP,-6.345366089256198,False
INJ,-5.354703480991736,False
KAS,-4.710459778512397,False
ADA,-3.9213734578512396,False
kSHIB,-3.5635238380165286,False
PENGU,-1.9948778776859502,False
USUAL,-1.0055748793388408,False
SUSHI,-0.6324365256198342,False
AVNT,-0.35891167933884077,False
TST,-0.05716877355371856,False
