coin,fundingRate_avg_5d,isNew
ANIME,-274.08913579834706,False
AVNT,-237.4716892958678,False
BABY,-159.87938840330577,False
BLAST,-159.82664161983467,False
IP,-124.87171569917355,False
POLYX,-118.4512134247934,False
0G,-116.64859293223141,False
ZK,-85.24203894545454,False
kLUNC,-66.34615063140497,False
BERA,-61.894950654545454,False
TNSR,-53.47981882314049,False
GAS,-46.590757904132225,False
VVV,-42.61467136859504,False
REZ,-37.563621342148764,False
SOPH,-33.39942285619834,False
FTT,-33.34857069421487,False
ACE,-31.018884168595036,False
XAI,-27.90873232066116,False
ZETA,-27.108404965289257,False
WCT,-26.005725123966943,False
CELO,-24.503036895867773,False
ATOM,-18.28063007603306,False
MINA,-17.57230009586777,False
TRUMP,-14.472511834710746,False
USTC,-14.218501517355373,False
BSV,-13.895663662809918,False
SCR,-12.108959583471073,False
ZORA,-11.79104542809917,False
KAITO,-11.754997666115706,False
USUAL,-10.881682135537192,False
SUPER,-9.947826317355371,False
LAYER,-9.434285434710743,False
GMT,-8.438879395041322,False
PROVE,-6.603204743801653,False
ARK,-5.196652809917353,False
2Z,-4.948809966942149,False
STRK,-4.5094170545454535,False
ZRO,-3.43558801983471,False
DOOD,-3.0546691933884245,False
SKY,-2.6813143735537177,False
HYPER,-1.0408986743801647,False
