coin,fundingRate_avg_5d,isNew
POLYX,-861.09403145,False
0G,-483.8154058999999,False
GAS,-370.72642221999996,False
TST,-292.76352889999987,False
WCT,-186.76611635,False
REZ,-144.00569402,False
AVNT,-132.86080884000003,False
RESOLV,-131.95259467,False
BLAST,-115.21394068000002,False
ANIME,-105.09853727,False
ZORA,-92.73525070000001,False
kLUNC,-87.00419809,False
IP,-81.00457920999999,False
DYM,-77.58436642000002,False
KAITO,-68.95353189000001,False
MANTA,-68.31174582,False
USTC,-60.99043784999998,False
TURBO,-58.40911843,False
TNSR,-56.37923371,False
SOPH,-47.15609542999999,False
MERL,-41.60851153,False
IMX,-38.04062922999999,False
HYPER,-34.49288617,False
CELO,-32.947547709999995,False
SUPER,-32.55290314,False
LAYER,-30.725952579999998,False
VVV,-30.654711879999994,False
kNEIRO,-30.387271269999992,False
USUAL,-29.30990369,False
XAI,-28.70747703,False
GMT,-27.406211150000004,False
FET,-27.34193757,False
PROVE,-22.410137140000003,False
UMA,-22.201995159999996,False
OM,-21.74422676,False
CFX,-21.03751084000001,False
BLUR,-20.970047160000004,False
MOODENG,-20.889671970000002,False
ZEC,-20.491391269999998,False
NEO,-19.577023930000003,False
WIF,-19.442041090000007,False
EIGEN,-18.93298289000001,False
ARK,-18.86726829,False
TRUMP,-15.959132980000001,False
XLM,-15.727963149999999,False
SAGA,-15.488039890000003,False
BIGTIME,-14.129699690000004,False
IO,-13.320596160000003,False
BSV,-12.611107700000003,False
kFLOKI,-11.358924830000001,False
ATOM,-11.17695773,False
ZRO,-9.3625347,False
FIL,-8.628548169999998,False
SEI,-8.247768489999999,False
2Z,-8.1147384,False
ETC,-7.8900955,False
ALT,-7.461000039999998,False
MEME,-7.323516219999998,False
MEW,-6.74733379,False
SUSHI,-6.235437350000001,False
SCR,-6.10319931,False
PYTH,-5.429120959999999,False
NXPC,-4.900731629999999,False
POL,-4.252417899999998,False
BOME,-3.844500469999999,False
DOOD,-3.2716840699999974,False
GMX,-2.6805205799999987,False
SKY,-2.417814749999998,False
kSHIB,-2.340020839999999,False
SAND,-2.2800155699999993,False
DOT,-2.0770916300000004,False
BABY,-1.8496309299999987,False
NOT,-1.305554629999999,False
ZETA,-1.118323500000001,False
IOTA,-0.8498440999999998,False
PAXG,-0.4562441599999998,False
OP,-0.33289532999999977,False
JUP,-0.29214380999999845,False
STX,-0.028497009999999517,False
