coin,fundingRate_avg_5d,isNew
DOOD,-465.83030642975206,False
0G,-261.4184184099173,False
REZ,-71.00943527603305,False
BLAST,-55.30709473388429,False
CELO,-39.22071723966941,False
KAITO,-28.413626142148757,False
BIO,-25.958849712396695,False
APT,-25.66372314049587,False
2Z,-8.769667854545455,True
MAV,-8.24880332231405,False
SUPER,-3.8745747867768574,False
ME,-2.2937611140495857,False
