coin,fundingRate_avg_5d,isNew
VVV,-95.77910323,False
STABLE,-71.52206536,False
TRUMP,-59.48227464,False
CHIP,-50.80928042,False
0G,-35.22977445,False
BLUR,-30.380443579999994,False
LAYER,-29.529667269999994,False
ADA,-28.381880970000005,False
HYPER,-27.26090392,False
KAITO,-24.519175030000003,False
ANIME,-22.339359259999995,False
MINA,-22.318644780000003,False
TRX,-21.996894360000002,False
GAS,-21.975974749999995,False
ATOM,-19.21743834,False
BABY,-19.050744299999998,False
kSHIB,-18.991913599999997,False
AXS,-16.92053933,False
kLUNC,-14.301114640000002,False
DOT,-12.011283489999999,False
IP,-11.61135445,False
AVAX,-11.61067263,False
USUAL,-11.543476859999998,False
ICP,-9.42466719,False
INIT,-8.259480609999999,False
OP,-7.43631655,False
BCH,-6.27930816,False
AVNT,-6.276344359999998,False
SUSHI,-6.03183013,False
ARK,-6.003117769999999,False
POLYX,-4.6800161299999985,False
ARB,-2.4913242899999997,False
APT,-2.33140903,False
YGG,-2.215144849999999,False
MORPHO,-1.8765664700000004,False
S,-1.4590166899999988,False
ZORA,-1.451241459999999,False
BERA,-0.7359363599999981,False
MON,-0.6553640699999996,False
SEI,-0.5212557699999995,False
RESOLV,-0.32794154999999797,False
MEME,-0.2503498499999987,False
