coin,fundingRate_avg_5d,isNew
POLYX,-549.19905748,False
ZETA,-322.58216520999997,False
ANIME,-303.11224031,False
STABLE,-235.95753354,False
BANANA,-217.25559418999998,False
BLAST,-192.29091841,False
XAI,-178.12228782,False
TURBO,-150.16626695,False
0G,-119.59746366000002,False
REZ,-109.04582831,False
AXS,-86.98248570000001,False
IP,-77.20093684000001,False
NXPC,-71.56288038999999,False
ZORA,-65.25220193999999,False
RESOLV,-47.59979089,False
2Z,-47.30262322,False
TRUMP,-46.097091,False
HYPER,-44.87743474000001,False
STRK,-39.99879364,False
JTO,-39.97675129,False
IMX,-38.289851230000004,False
LAYER,-37.614003360000005,False
BSV,-35.06814369000001,False
POL,-31.343225250000003,False
SOPH,-29.376614009999997,False
kFLOKI,-26.55233526,False
FTT,-26.078434590000004,False
ME,-24.38143717,False
kNEIRO,-24.014460330000002,False
kLUNC,-23.562343589999998,False
MEME,-22.55851183,False
AERO,-22.27356582,False
S,-21.18902526,False
ALT,-20.988388410000002,False
MON,-20.314617390000006,False
MEW,-19.857916980000002,False
INIT,-18.61315237,False
USTC,-18.49618593,False
PYTH,-18.143706159999997,False
kPEPE,-17.77500871,False
EIGEN,-17.074986159999998,False
MOVE,-16.988940330000002,False
MANTA,-16.62920801,False
OP,-16.48241961,False
MINA,-14.86164952,False
APT,-14.431287509999997,False
FET,-13.37009965,False
SKY,-13.098179760000003,False
ADA,-12.39171642,False
W,-12.30958485,False
KAITO,-12.17186524,False
GRASS,-12.11363314,False
SAND,-11.696346890000001,False
BABY,-11.081592720000002,False
MORPHO,-10.483712500000001,False
SPX,-9.46689769,False
BIGTIME,-9.39554457,False
SOL,-8.865031669999999,False
YGG,-8.234472999999998,False
DYM,-8.05059476,False
SEI,-7.349777240000001,False
USUAL,-7.232423899999999,False
ZRO,-7.07674191,False
PNUT,-7.059830729999999,False
MET,-6.916282069999999,False
BLUR,-6.81716048,False
COMP,-6.785041209999999,False
XRP,-6.56500023,False
AIXBT,-6.382062960000001,False
BNB,-6.125524169999999,False
kSHIB,-5.145187459999999,False
kBONK,-4.350167819999999,False
TIA,-4.149955100000001,False
ENA,-3.9253998,False
ETC,-3.4541059599999993,False
NEO,-3.41499694,False
SCR,-3.116735729999999,False
INJ,-2.9895120599999996,False
BRETT,-2.9221315999999993,False
DOT,-2.9038648099999995,False
SUI,-1.8403818299999997,False
SYRUP,-0.9654074799999985,False
LIT,-0.9527916199999987,False
TON,-0.6880322999999998,False
DOGE,-0.6154009499999998,False
IO,-0.5816559699999998,False
CELO,-0.14827029999999863,False
BERA,-0.14234634999999857,False
ARB,-0.12222463000000004,False
