coin,fundingRate_avg_5d,isNew
TNSR,-192.67623211999998,False
IP,-108.09770868999999,False
0G,-86.29420155,False
FOGO,-78.51385424999998,False
TRUMP,-74.96257068999999,False
ZORA,-72.62466028,False
GAS,-66.60658335000001,False
LAYER,-65.59958777,False
BSV,-64.80220366,False
STABLE,-64.73757676,False
S,-58.686963000000006,False
CELO,-54.29936808,False
ME,-53.34615233,False
AVNT,-43.217641040000004,False
PROVE,-39.125136209999994,False
POLYX,-37.70294728999999,False
AIXBT,-36.572498489999994,False
kNEIRO,-33.367031989999994,False
USUAL,-30.62175457,False
IOTA,-29.398453420000006,False
SNX,-28.609759959999995,False
STRK,-23.415410650000002,False
kSHIB,-23.1378829,False
XAI,-21.91943333,False
MINA,-19.84038968,False
MON,-19.551330120000006,False
ADA,-19.46557556,False
BIO,-18.94561116,False
MANTA,-18.911252979999997,False
SUSHI,-18.50056739000001,False
NOT,-17.59999413,False
TRX,-16.98445813,False
KAITO,-16.8308873,False
ANIME,-15.24300444,False
APT,-15.045447460000004,False
ZETA,-14.820130039999999,False
AXS,-13.995455610000002,False
MERL,-13.66170764,False
INJ,-13.583098320000001,False
POPCAT,-13.140358429999997,False
CHIP,-12.987114640000003,False
GMT,-12.83713322,False
YGG,-11.491860749999999,False
SOPH,-11.347233149999997,False
OP,-10.865082749999997,False
XRP,-10.516460299999999,False
kPEPE,-9.722226139999998,False
FIL,-9.437774339999999,False
KAS,-7.67339938,False
ETH,-7.348422360000001,False
W,-7.257981200000001,False
WLFI,-6.749899009999999,False
DOT,-6.69860337,False
ATOM,-5.06386254,False
kFLOKI,-5.06221274,False
kLUNC,-4.0811847199999995,False
ZK,-3.77814712,False
STX,-3.5628526,False
ARB,-3.2667573,False
DOGE,-3.0643319500000006,False
ALGO,-2.9275219199999993,False
MOODENG,-2.7540126,False
SKY,-2.496591969999999,False
VIRTUAL,-2.174653939999998,False
ALT,-2.1474388099999997,False
AVAX,-1.2332233099999996,False
PYTH,-0.1294494400000002,False
MNT,-0.05410905999999795,False
