coin,fundingRate_avg_5d,isNew
BERA,-1259.6350078399998,False
ME,-567.3408430100001,False
MEME,-303.30394999,False
IP,-208.07758305000002,False
XAI,-190.82801300999998,False
MOODENG,-173.66912211000002,False
KAITO,-145.65507427,False
LAYER,-93.33453836000001,False
BLUR,-82.41431944000001,False
MOVE,-66.76625479,False
IO,-56.63326568,False
ANIME,-50.38721851,False
ACE,-48.91508445,False
DYM,-42.27450002,False
EIGEN,-40.73880194,False
BLAST,-39.788250690000005,False
REZ,-38.35864643,False
TURBO,-33.22673913,False
GMT,-32.413892159999996,False
MANTA,-32.37453567000001,False
BSV,-30.25589098,False
SUPER,-28.011911859999998,False
kLUNC,-26.404271549999994,False
TRUMP,-23.472193700000002,False
POLYX,-21.46485065,False
TNSR,-21.1512536,False
FET,-20.13902538,False
POPCAT,-18.12367642,False
IMX,-17.71626269,False
ATOM,-17.642896960000005,False
SAND,-17.26934136,False
APT,-15.801404070000002,False
STRK,-15.522028689999999,False
kFLOKI,-13.717422699999998,False
ZRO,-12.88083905,False
GOAT,-12.226556840000002,False
AIXBT,-11.59325045,False
FIL,-11.24646322,False
BCH,-10.56722377,False
BRETT,-9.82695851,False
NIL,-9.503181609999999,False
ETC,-9.49499174,False
NOT,-8.732241750000002,False
kBONK,-8.43241323,False
RSR,-8.35863724,False
AVAX,-8.29414174,False
SEI,-8.287513340000002,False
PURR,-8.237962399999999,False
PNUT,-7.468115349999999,False
ADA,-7.392858190000001,False
XLM,-6.8590332799999985,False
PENGU,-6.8200571199999995,False
MEW,-6.815642080000001,False
SPX,-6.533294139999999,False
RENDER,-5.92324628,False
JTO,-5.60261641,False
kNEIRO,-4.987804569999997,False
POL,-1.2774715299999995,False
SNX,-1.2167472099999994,False
TRX,-1.123587529999999,False
PYTH,-1.04925017,False
ENA,-0.46559399999999945,False
GMX,-0.35237464999999923,False
PAXG,-0.08734376999999889,False
CRV,-0.0231607099999997,False
