coin,fundingRate_avg_5d,isNew
0G,-1007.6630153499999,False
GAS,-978.13461682,False
POLYX,-655.6201978,False
KAITO,-429.9468517,False
TST,-319.77904624,False
TNSR,-204.54579487,False
AVNT,-194.49114206000002,False
WCT,-178.22290883000002,False
MERL,-158.06538525,False
GMT,-141.97791315999999,False
ANIME,-141.76812357000003,False
BLAST,-121.83138484000001,False
RESOLV,-115.69110444999998,False
INIT,-92.40616305000003,False
DYM,-85.71576561,False
BIGTIME,-83.19802992,False
LAYER,-78.53548925999999,False
ZORA,-72.23838151,False
TURBO,-70.00727813,False
ARK,-68.00537723000001,False
USTC,-64.0816484,False
MOVE,-62.30011260000001,False
NIL,-57.21751972000001,False
SOPH,-51.58069258999999,False
HMSTR,-51.35843898000003,False
MANTA,-49.50966872,False
SUPER,-48.44272919,False
BIO,-46.20392796,False
VVV,-44.69334042,False
MOODENG,-43.063035070000005,False
kLUNC,-42.47199933,False
IMX,-40.04125919999999,False
REZ,-37.86587672,False
HYPER,-35.470347409999995,False
CELO,-32.30601787,False
IO,-29.69549699,False
FXS,-28.735025770000007,False
XAI,-27.59646375,False
EIGEN,-24.584615879999998,False
BLUR,-21.175087370000004,False
BABY,-21.024812490000002,False
CFX,-20.711251939999997,False
OM,-20.449168799999995,False
ME,-20.003432260000004,False
BANANA,-17.032092090000006,False
ZRO,-16.83390512,False
FET,-16.81052176,False
PROVE,-16.73240884,False
kFLOKI,-16.24152618,False
NOT,-14.202704800000003,False
WIF,-14.178422809999999,False
UMA,-13.576393270000002,False
SAGA,-12.531148609999999,False
MEW,-11.618379240000001,False
SUSHI,-11.39252527,False
SEI,-11.333907730000002,False
2Z,-11.196884540000001,False
DOT,-9.863349739999999,False
NEO,-9.81052256,False
FIL,-9.76415588,False
ZETA,-9.75620764,False
ETC,-9.135798159999998,False
IP,-8.708432800000002,False
CC,-8.059220440000002,False
ALT,-7.580858009999998,False
STX,-7.47839083,False
MEME,-7.1119162299999985,False
BSV,-6.50054634,False
GMX,-6.14114836,False
SKY,-6.02635951,False
USUAL,-5.575088109999999,False
kSHIB,-4.475017529999999,False
JUP,-3.8710790399999997,False
POL,-3.5956558800000002,False
XLM,-3.01535625,False
S,-2.3162425499999997,False
ATOM,-1.8773884499999995,False
ADA,-0.9115539200000002,False
AR,-0.7666598699999999,False
APT,-0.76071329,False
TRUMP,-0.3113727399999994,False
kNEIRO,-0.3003650699999997,False
PAXG,-0.03371796999999993,False
