coin,fundingRate_avg_5d,isNew
POLYX,-536.3751800826446,False
ANIME,-456.64591990413226,False
BLAST,-249.49274264132234,False
REZ,-238.90496284958678,False
RESOLV,-159.72356248264467,False
YZY,-156.71761034000002,False
STABLE,-155.92874314,False
AXS,-143.93094567,False
DOOD,-141.2930741454545,False
ME,-128.8727291404959,False
TRUMP,-128.1700243834711,False
VVV,-107.19420583140497,False
NEO,-76.90736590413222,False
BANANA,-74.63532814214877,False
GAS,-70.00778574545456,False
NXPC,-69.08177990082643,False
ZETA,-68.21143408264464,False
TURBO,-63.41248382479338,False
HYPER,-55.17267,False
STRK,-48.205552413223145,False
XAI,-48.08877437355372,False
DOT,-42.28481537851238,False
MOODENG,-37.91535199338842,False
ZORA,-37.33667001322314,False
LAYER,-34.635253249586775,False
TAO,-32.69906881983471,False
POL,-32.59016609256199,False
MERL,-32.49025937851239,False
SOPH,-31.93747441983471,False
2Z,-30.321520900000003,False
JTO,-30.2497880231405,False
0G,-30.025427060000002,False
YGG,-29.793945857851245,False
MORPHO,-27.377095884297525,False
ALT,-24.67555459834711,False
BLUR,-24.049814042975207,False
WIF,-22.31504083636364,False
EIGEN,-21.763541642975206,False
kLUNC,-16.838961401652895,False
MANTA,-16.656430512396696,False
SKY,-16.24653398,False
USUAL,-15.89229716033058,False
kNEIRO,-15.731347001652896,False
GRASS,-15.385053342148765,False
ZRO,-14.887431044628102,False
APT,-13.76132942479339,False
OP,-13.240375120661158,False
FET,-12.433170079338844,False
ICP,-10.887365999999998,False
TIA,-10.168841841322315,False
MEW,-8.956000294214878,False
S,-8.930606429752064,False
MEME,-8.808757725619834,False
kSHIB,-8.256379636363635,False
COMP,-8.011786680991737,False
SOL,-7.804212327272727,False
kPEPE,-7.202461864462808,False
PNUT,-7.112404720661157,False
PYTH,-6.796442380165289,False
UMA,-6.51433418181818,False
ATOM,-5.197600482644628,False
INIT,-4.9583909454545445,False
DYM,-4.550943798347106,False
KAITO,-4.348547256198346,False
BRETT,-3.8673640760330557,False
IP,-3.2120878413223126,False
MON,-3.1826788199999996,False
kBONK,-2.953468750413221,False
AIXBT,-2.7657911801652886,False
HBAR,-2.290491679338841,False
MELANIA,-1.843527520661155,False
BNB,-1.7898786743801653,False
SYRUP,-1.7647764599999989,False
SEI,-1.5986152958677686,False
IMX,-1.4089830148760323,False
RENDER,-1.157177176859503,False
W,-0.5885235867768589,False
SUI,-0.00038008264462755897,False
