coin,fundingRate_avg_5d,isNew
GAS,-985.1523674300001,False
0G,-920.28994388,False
POLYX,-677.26038496,False
KAITO,-430.1331345599999,False
TST,-313.51626454999996,False
AVNT,-192.81383712,False
WCT,-179.93668310999996,False
TNSR,-169.01905349999998,False
MERL,-151.17420058000002,False
GMT,-141.50463153,False
ANIME,-136.57249676,False
BLAST,-122.91287691999999,False
RESOLV,-115.57062817,False
DYM,-84.77025501,False
INIT,-84.39930259,False
BIGTIME,-83.19802992000001,False
ZORA,-75.17671181,False
LAYER,-70.58445773999999,False
TURBO,-69.85287072,False
ARK,-68.37879851,False
USTC,-63.86332,False
MOVE,-60.44188227000001,False
NIL,-56.065227860000014,False
SOPH,-49.95392628,False
VVV,-48.687118590000004,False
MANTA,-48.05586788,False
SUPER,-46.574775259999996,False
kLUNC,-45.86980331,False
MOODENG,-41.68739241,False
IMX,-40.45175061,False
HMSTR,-39.605553590000014,False
BIO,-37.947736729999995,False
REZ,-36.360086009999996,False
HYPER,-36.137991539999994,False
CELO,-32.80951493,False
IO,-28.911570429999998,False
XAI,-28.16809244,False
FXS,-26.306864000000004,False
EIGEN,-25.88826667,False
BLUR,-21.608320470000002,False
CFX,-21.0953064,False
BABY,-20.960516280000004,False
ME,-19.29143479,False
OM,-18.4613423,False
PROVE,-17.864073819999998,False
FET,-17.48865307,False
ZRO,-17.25354197,False
BANANA,-16.571665760000002,False
kFLOKI,-15.957967899999996,False
WIF,-15.930670279999998,False
NOT,-14.471046229999999,False
UMA,-14.20779874,False
SAGA,-13.4895094,False
SEI,-12.430531250000001,False
SUSHI,-12.096921250000001,False
MEW,-11.618379240000001,False
2Z,-11.086188070000002,False
NEO,-10.05072979,False
DOT,-9.904958279999999,False
FIL,-9.49433255,False
ZETA,-9.3557311,False
ETC,-8.513597259999997,False
IP,-8.504376630000001,False
CC,-8.136325960000002,False
ALT,-7.7030235099999995,False
STX,-7.31764775,False
MEME,-7.083024290000001,False
BSV,-6.55962889,False
USUAL,-6.121831099999999,False
GMX,-5.85785799,False
SKY,-5.776033019999999,False
XLM,-4.53882902,False
kSHIB,-4.011750769999999,False
POL,-3.2781139099999996,False
ATOM,-2.6669367399999997,False
JUP,-2.6582329499999995,False
kNEIRO,-2.582137749999999,False
S,-2.5697737399999996,False
APT,-0.94475797,False
ADA,-0.48764802999999995,False
AR,-0.47218297999999975,False
TRUMP,-0.12889828999999964,False
PAXG,-0.024365210000000026,False
