coin,fundingRate_avg_5d,isNew
ANIME,-242.96981060999997,False
TURBO,-235.16928538000005,False
REZ,-218.72033043000002,False
RESOLV,-199.91154974000005,False
BLAST,-189.09430973,False
DOOD,-152.83145972,False
TRUMP,-143.82851134000003,False
VVV,-123.22340943000002,False
ME,-95.23830025000002,False
XAI,-83.83566667000001,False
NEO,-76.66036965,False
GAS,-69.74172968,False
POLYX,-64.89018107,False
MOODENG,-50.389209949999994,False
SOPH,-48.31062547,False
DOT,-46.27192527,False
BANANA,-45.55794001,False
ZETA,-44.41199330999999,False
WIF,-42.79820785999999,False
STRK,-38.2826016,False
DYM,-33.53168349,False
YGG,-32.40163765,False
TAO,-32.267156320000005,False
GRASS,-30.196909170000005,False
POL,-27.56224719,False
MEME,-26.971298320000006,False
ALT,-25.74128847,False
BLUR,-24.92851523,False
ZRO,-23.969631760000002,False
JTO,-23.94664114,False
ZORA,-21.996046830000004,False
kLUNC,-19.19346368,False
kNEIRO,-18.92151824,False
EIGEN,-17.04461743,False
LAYER,-15.64184213,False
MERL,-15.57637792,False
MORPHO,-14.82759283,False
APT,-14.176337930000003,False
MANTA,-13.66341438,False
OP,-13.064252280000002,False
COMP,-12.127783460000002,False
UMA,-11.866380679999997,False
USUAL,-11.676194509999998,False
HYPER,-11.340383559999998,False
ATOM,-10.97000565,False
S,-10.8704008,False
TIA,-10.707634160000001,False
kSHIB,-9.092831089999999,False
MEW,-8.99607032,False
kPEPE,-7.1709498699999985,False
INIT,-7.040396669999998,False
ARK,-6.561829839999998,False
MELANIA,-6.501955969999998,False
PYTH,-5.61192026,False
BRETT,-5.091236809999999,False
HBAR,-5.018574069999999,False
SOL,-4.94697932,False
KAITO,-4.719787259999999,False
SUI,-4.5622525299999985,False
PNUT,-4.554632789999999,False
kBONK,-4.316368819999999,False
RENDER,-4.1445479899999995,False
NXPC,-3.677352369999999,False
FET,-2.7514108799999994,False
AIXBT,-2.4004152,False
STX,-2.306158329999999,False
BCH,-2.18959777,False
IMX,-2.120871919999999,False
FIL,-1.7016066399999994,False
SEI,-1.2923627999999996,False
BIGTIME,-0.8722485299999992,False
SCR,-0.4077064599999996,False
SNX,-0.22274051999999867,False
CRV,-0.1572806899999994,False
