coin,fundingRate_avg_5d,isNew
BLUR,-666.83106987,False
VINE,-74.19165127000001,False
STABLE,-60.39210941000002,False
IOTA,-50.39540327,False
BANANA,-44.119058910000014,False
kNEIRO,-39.20598517,False
0G,-32.79735386,False
SNX,-29.361008799999997,False
SAND,-17.603453599999998,False
ATOM,-17.26850405,False
ANIME,-16.76816424,False
MINA,-14.39267124,False
INJ,-12.015960600000001,False
KAS,-11.96421601,False
ZORA,-11.645087749999997,False
STX,-11.38731891,False
W,-11.179852180000005,False
ALT,-11.15328748,False
ZETA,-10.960775530000003,False
UMA,-9.354899629999998,False
AIXBT,-8.58549934,False
ME,-7.91018291,False
OP,-6.628927789999999,False
HYPER,-5.614823469999999,False
XAI,-5.396835249999999,False
BIO,-4.8841606299999984,False
POLYX,-4.07084865,False
CHIP,-2.6509599599999993,False
FIL,-1.6710700099999996,False
CELO,-1.6085148499999997,False
TRX,-1.5378610700000002,False
TRUMP,-1.22432826,False
MEME,-0.5810179499999997,False
PROVE,-0.5708271499999994,False
