coin,fundingRate_avg_5d,isNew
GMT,-518.3325975768595,False
ANIME,-478.0806792,False
AVNT,-387.9051371206611,False
HYPER,-308.69782670082645,False
POLYX,-291.66192457190084,False
BLAST,-160.80767112396697,False
0G,-159.1307776264463,False
IP,-148.49087076694212,False
VVV,-112.006198353719,False
FTT,-77.36646736859504,False
BERA,-75.78102247933884,False
TNSR,-64.97221847603305,False
REZ,-59.04878973223141,False
CELO,-47.76013754380165,False
BABY,-44.07978426446281,False
ZETA,-39.096572836363634,False
kLUNC,-32.80423370578512,False
WCT,-28.77619530247934,False
ZORA,-24.274841067768598,False
FOGO,-22.969145692561987,False
XAI,-22.25184141818182,False
TRUMP,-21.569561216528925,False
AR,-21.45450839008265,False
MEW,-19.71196050247934,False
FET,-19.65100465785124,False
MOVE,-18.58471356694215,False
ACE,-18.214876502479342,False
STRK,-17.926637028099172,False
GMX,-15.459346105785125,False
USTC,-15.069712889256198,False
IO,-14.601534327272725,False
SKY,-14.445135024793387,False
ATOM,-14.032214687603306,False
SCR,-12.818785279338842,False
SUPER,-12.321221623140497,False
PROVE,-10.37399597355372,False
2Z,-10.160162925619835,False
SAND,-8.922634829752065,False
WLFI,-7.1060895570247915,False
MINA,-6.874003854545453,False
NOT,-6.145121900826445,False
ZK,-5.1275364099173535,False
BIO,-4.0001649520661156,False
EIGEN,-3.8970040066115694,False
MEME,-3.81776654876033,False
MOODENG,-3.451520360330578,False
SOPH,-3.2362878842975196,False
APT,-2.9485674942148767,False
TURBO,-2.841245186776859,False
ETC,-2.466466323966942,False
MON,-1.4607408595041314,False
ZEN,-0.6435595537190079,False
BIGTIME,-0.2602270214876046,False
