coin,fundingRate_avg_5d,isNew
POLYX,-231.69893326999997,False
CHIP,-162.23351807999998,False
STABLE,-72.65131623,False
HYPER,-46.725306370000006,False
WLD,-45.757647569999996,False
BSV,-38.29921713,False
BIO,-30.491528410000008,False
0G,-28.110534860000005,False
APE,-27.1695196,False
SAGA,-26.74870307,False
kLUNC,-26.09902716,False
POL,-18.667806740000003,False
BABY,-17.092324389999998,False
JTO,-15.899733609999998,False
TRUMP,-15.658564239999997,False
MOVE,-15.433254849999999,False
SKY,-15.377782880000002,False
BCH,-15.02253349,False
APT,-14.58626724,False
MON,-14.412403869999999,False
COMP,-14.17343326,False
AXS,-12.682696609999999,False
MINA,-12.26745728,False
kSHIB,-11.44795417,False
BANANA,-11.147945340000001,False
CAKE,-10.367838139999998,False
W,-10.1741998,False
ATOM,-9.169756299999998,False
TURBO,-7.854897090000001,False
DASH,-7.586432289999999,False
2Z,-7.1563089899999985,False
ALT,-6.90102215,False
EIGEN,-6.598309399999999,False
BLUR,-6.3725663899999985,False
SAND,-6.21598577,False
SEI,-5.47010827,False
PYTH,-5.4669072199999995,False
ICP,-5.246682279999999,False
LAYER,-4.964397849999999,False
ANIME,-4.619430509999999,False
PENGU,-4.37804579,False
ACE,-4.227277429999998,False
PROVE,-4.04299331,False
AERO,-3.9707291499999995,False
STX,-3.31460442,False
BLAST,-3.2074834899999995,False
IO,-2.61793403,False
XRP,-2.2061570899999996,False
STRK,-1.403494349999999,False
SOL,-1.24300385,False
NOT,-1.168875999999999,False
BERA,-0.8931725199999998,False
INIT,-0.74578041,False
GAS,-0.6937817799999999,False
GALA,-0.5978225499999995,False
SUI,-0.32551721999999983,False
