coin,fundingRate_avg_5d,isNew
ME,-277.70167726611567,False
CELO,-105.22143138842976,False
STABLE,-90.94496762975207,False
MANTA,-44.54385431404959,False
ZETA,-34.030321676033054,False
HMSTR,-24.5892186446281,False
kNEIRO,-24.096221047933884,False
PYTH,-21.500861821487604,False
MINA,-21.30430552066116,False
ATOM,-20.865010343801654,False
TRX,-19.16684669752067,False
IOTA,-18.96042417520661,False
TNSR,-18.23353385454546,False
0G,-16.599753312396693,False
HYPER,-15.305620413223137,False
DYDX,-13.270235861157024,False
TRUMP,-11.68186107768595,False
BLUR,-9.9050058446281,False
GAS,-6.418420145454544,False
INJ,-5.682017623140494,False
TIA,-4.765757821487603,False
ALT,-4.5652312859504125,False
PROVE,-2.7589945785123957,False
W,-1.5309280066115685,False
POPCAT,-1.078105507438015,False
BCH,-0.5544681818181816,False
OP,-0.16613159008264353,False
RENDER,-0.07466415867768583,False
SEI,-0.013590307438016414,False
