coin,fundingRate_avg_5d,isNew
ACE,-146.7802063834711,False
TNSR,-117.28539525000001,False
VVV,-115.98994301157028,False
STABLE,-77.53577282975206,False
CHIP,-59.5641405322314,False
TRUMP,-53.85764848264463,False
AXS,-45.96719286942148,False
0G,-41.06389580826446,False
kNEIRO,-39.716606299999995,False
BLUR,-38.48897778842975,False
KAITO,-32.99945645950413,False
XAI,-32.73837716,False
ME,-31.255885130000006,False
GAS,-30.711247447933882,False
IO,-30.080783689999997,False
ADA,-27.507215910743803,False
ATOM,-26.871792297520663,False
HYPER,-26.44343988099174,False
MINA,-26.014551728925618,False
ANIME,-25.28150189752066,False
LAYER,-22.722304095867763,False
kLUNC,-22.448537444628098,False
kSHIB,-19.824788578512393,False
BABY,-19.470789738842978,False
RESOLV,-19.0101121983471,False
TRX,-17.56458695206612,False
S,-13.469869745454545,False
STRK,-12.73792695,False
ICP,-12.333049071074377,False
DOT,-12.259174760330577,False
USUAL,-12.172397910743802,False
AVNT,-12.120086231404958,False
INIT,-11.159628247933885,False
UMA,-10.51767794,False
IP,-10.41768448264463,False
AIXBT,-9.51254167,False
AVAX,-8.786723067768593,False
BRETT,-7.9439629300000005,False
SAGA,-7.808628959999999,False
ARK,-7.671029196694215,False
BCH,-7.432518287603305,False
RSR,-7.430022773553717,False
IOTA,-6.858690909999998,False
SUSHI,-6.392680948760329,False
YGG,-6.255667309090909,False
XLM,-6.18874436,False
MEME,-4.576419471074381,False
REZ,-4.463890139999999,False
MORPHO,-4.308876039669421,False
ALT,-4.21876052,False
EIGEN,-4.17854044,False
PROVE,-4.162532638016527,False
ARB,-3.1740824727272727,False
OP,-3.08838505785124,False
BERA,-2.603572631404957,False
APT,-2.5441588363636365,False
ZORA,-1.6728016363636358,False
POLYX,-0.8056970181818176,False
WIF,-0.7847150082644626,False
PENGU,-0.23685725999999996,False
SUI,-0.20752584793388448,False
