coin,fundingRate_avg_5d,isNew
GAS,-1000.8576468495869,False
POLYX,-832.1045297553719,False
0G,-657.8967286214876,False
TST,-307.9234636958677,False
KAITO,-261.91091357355367,False
WCT,-182.1775564661157,False
AVNT,-153.13756788099172,False
GMT,-140.22274983471073,False
MERL,-139.3192340231405,False
RESOLV,-127.45452785454543,False
TNSR,-124.07199285619835,False
BLAST,-116.13577239669424,False
ANIME,-107.97027739834712,False
REZ,-100.25237279008265,False
ZORA,-94.17057700165289,False
BIGTIME,-79.27656799338844,False
DYM,-76.78649527933885,False
TURBO,-71.92077355041323,False
kLUNC,-70.45819381487604,False
ARK,-67.21691128264463,False
MANTA,-61.831907613223144,False
USTC,-60.259470961983475,False
SOPH,-49.029381907438015,False
CELO,-46.87273289256198,False
VVV,-46.38730799008265,False
LAYER,-44.35366892231404,False
IMX,-44.05371928264462,False
SUPER,-40.02839720330578,False
MOODENG,-39.431849890909085,False
HYPER,-38.85249896528926,False
XAI,-33.81691721652892,False
IO,-29.090583014876028,False
OM,-28.384079603305782,False
MOVE,-25.449850274380168,False
EIGEN,-25.110021639669426,False
BLUR,-24.88704344132232,False
PROVE,-24.32085061487603,False
kNEIRO,-24.05215028429752,False
USUAL,-23.309114052892564,False
CFX,-23.239934667768594,False
NEO,-22.528507557024795,False
FET,-21.30432579173554,False
SAGA,-18.830461249586776,False
WIF,-18.07731409586777,False
kFLOKI,-16.33544239338843,False
ZRO,-16.28865964958678,False
BSV,-16.07332364628099,False
UMA,-14.337133636363637,False
BABY,-14.25535433057851,False
ME,-13.744769404958678,False
NIL,-13.673708429752061,False
BANANA,-12.054556363636365,False
MEW,-12.040942889256199,False
NOT,-12.040667781818183,False
SUSHI,-10.826772862809918,False
SEI,-10.356061140495866,False
ALT,-9.971440671074378,False
ETC,-9.929219642975207,False
XLM,-9.83679947107438,False
TRUMP,-9.461959795041322,False
2Z,-9.349652975206611,False
INIT,-9.085447031404959,False
FXS,-8.728738383471073,False
ZETA,-8.59413917355372,False
BIO,-8.282713933884297,False
CC,-7.879035758677691,False
FIL,-7.723040429752065,False
GMX,-7.435527818181818,False
STX,-7.420448310743802,False
ATOM,-6.659299874380165,False
DOT,-5.802042654545454,False
SCR,-5.6841055438016515,False
POL,-5.267011537190082,False
SKY,-4.9030588760330565,False
kSHIB,-4.085121024793388,False
BOME,-3.37593241983471,False
PAXG,-2.270793262809918,False
JUP,-2.264709044628099,False
PYTH,-2.205575424793388,False
SAND,-1.7673799537190076,False
ADA,-0.4005528099173553,False
