coin,fundingRate_avg_5d,isNew
SUPER,-524.6746746842974,False
REZ,-509.33642797685945,False
POLYX,-372.48341557685944,False
BLUR,-301.8919944694215,False
ZETA,-222.02560988429752,False
BERA,-171.371053953719,False
FTT,-144.43747976528928,False
ALT,-123.70045302148763,False
2Z,-107.17606177190085,False
SOPH,-90.77612405950414,False
ME,-89.31431462479337,False
JTO,-86.44380090247934,False
NIL,-76.43005015537193,False
BLAST,-76.03735093884298,False
TNSR,-60.99361905123967,False
AXS,-57.744483649586776,False
GAS,-55.634083814876035,False
TURBO,-55.05290052892562,False
STABLE,-53.136362390082645,False
BSV,-51.49849143471074,False
DYM,-49.33204352727274,False
MOODENG,-47.05799096528926,False
AVNT,-44.294399920661164,False
APT,-44.01843168595041,False
XAI,-33.19882030413223,False
TRUMP,-31.305292730578515,False
MOVE,-31.139638234710745,False
STRK,-29.694911523966947,False
0G,-29.369275537190084,False
CELO,-27.666453163636366,False
EIGEN,-26.74981183140496,False
LAYER,-26.45833622479339,False
POL,-24.047141157024793,False
ZORA,-22.261982023140494,False
ANIME,-22.23459507768595,False
FET,-17.362840532231402,False
PROVE,-17.180702033057848,False
AERO,-16.409052456198356,False
MEW,-16.246292380165293,False
KAS,-15.803163074380164,False
AIXBT,-15.636215573553718,False
HYPER,-15.610742796694215,False
kNEIRO,-15.438519024793393,False
W,-15.078017514049588,False
SEI,-14.960066647933884,False
MERL,-14.946152727272729,False
BANANA,-14.421620578512398,False
kLUNC,-14.072496208264461,False
ZEC,-14.060008502479342,False
IO,-13.645099428099178,False
S,-13.279911679338843,False
OP,-12.901511533884296,False
IMX,-12.71606595371901,False
DASH,-8.82323778842975,False
TIA,-8.264279563636363,False
DOT,-7.646370882644628,False
kBONK,-7.276473004958678,False
MEME,-7.034105523966941,False
ACE,-6.797183722314048,False
BABY,-6.297471332231403,False
kSHIB,-4.916313986776858,False
PENGU,-4.369466280991736,False
kFLOKI,-3.4807179471074368,False
INIT,-3.2802000991735536,False
ARK,-3.169044386776859,False
SOL,-1.9709008165289255,False
VIRTUAL,-1.9035472760330576,False
BRETT,-1.72276187107438,False
BTC,-1.6538930677685948,False
XRP,-1.3654812892561983,False
STX,-1.1828881388429735,False
ENA,-0.6062738082644615,False
HBAR,-0.5066603008264463,False
