coin,fundingRate_avg_5d,isNew
POLYX,-175.10372833,False
IP,-144.66142528,False
BLAST,-118.28900947000002,False
kLUNC,-93.50621173,False
ANIME,-74.7481164,False
ZK,-56.15130362000001,False
REZ,-54.399755490000004,False
USTC,-35.917504529999995,False
ZETA,-30.6523642,False
VVV,-27.174802609999997,False
TNSR,-21.74497063,False
MINA,-20.537222859999996,False
SUPER,-18.4619774,False
ACE,-15.675982770000001,False
GAS,-14.881679989999999,False
XAI,-14.66819076,False
BERA,-12.764689479999998,False
LAYER,-11.691819429999999,False
MELANIA,-11.191122649999999,False
MEME,-11.01812579,False
UMA,-10.976943570000001,False
ATOM,-9.30567208,False
SCR,-5.885625729999999,False
CELO,-5.00260021,False
ZRO,-4.72709894,False
MANTA,-4.14307996,False
MERL,-3.6995407199999994,False
FTT,-2.5590916499999974,False
BSV,-1.9490357599999986,False
DOT,-1.7483412400000002,False
TRUMP,-1.0611725299999997,False
ADA,-0.24195119999999987,False
