coin,fundingRate_avg_5d,isNew
AVNT,-250.47447004958678,False
ANIME,-240.67156526280988,False
BABY,-158.11647025785123,False
BLAST,-155.16738512727272,False
IP,-119.07218376198345,False
POLYX,-118.20511389421486,False
0G,-110.42359793057851,False
ZK,-83.80810585785125,False
kLUNC,-69.53726225454545,False
TNSR,-52.54851281652893,False
BERA,-52.49858443636364,False
SOPH,-47.733673656198334,False
ACE,-46.97980832727273,False
GAS,-46.43656308099173,False
VVV,-39.45844843636363,False
REZ,-35.83669666115703,False
ZETA,-30.553484915702477,False
XAI,-25.743834426446284,False
WCT,-22.79456251239669,False
KAITO,-19.9411076231405,False
CELO,-18.98177178842975,False
MINA,-17.79835080991736,False
ATOM,-17.41769261157025,False
USTC,-16.605881692561987,False
BSV,-13.895663662809918,False
TRUMP,-12.973077114049586,False
SCR,-12.116818968595041,False
USUAL,-10.945432492561983,False
SUPER,-10.561036452892562,False
LAYER,-10.519394598347107,False
PROVE,-10.195158039669419,False
ZORA,-9.491061818181818,False
ARK,-5.1121188099173525,False
ZRO,-4.1078890611570245,False
STRK,-3.4783129289256194,False
2Z,-3.454189626446281,False
DOOD,-3.0546691933884262,False
HYPER,-1.4082735272727271,False
SKY,-0.03517538181818,False
