coin,fundingRate_avg_5d,isNew
BERA,-1131.3061834314049,False
ME,-537.6004405586777,False
AVNT,-384.12430932000007,False
XAI,-377.42969962314044,False
IP,-350.02905960991734,False
KAITO,-326.3644734446281,False
RESOLV,-182.54932391000003,False
MOVE,-170.58586185123968,False
LAYER,-137.5679862247934,False
MEME,-130.7689860694215,False
BLUR,-124.83986332561985,False
MOODENG,-122.19265286280991,False
IO,-76.77415381487604,False
BLAST,-69.21435127933886,False
FOGO,-66.94247022000002,False
ANIME,-57.240043031404966,False
0G,-54.6149938,False
ZEC,-42.82739326,False
ACE,-40.66204999338843,False
GMT,-39.819445140495866,False
WLFI,-39.06535943,False
TURBO,-35.62720524297521,False
EIGEN,-34.85799253884298,False
BSV,-31.246920723966937,False
DYM,-31.112899963636366,False
ZORA,-29.32087194,False
kLUNC,-26.86599621818182,False
STABLE,-22.888688640000005,False
TRUMP,-22.620975510743804,False
BABY,-22.56924721,False
POLYX,-20.67924404628099,False
WCT,-20.39981058,False
USUAL,-20.28092757024794,False
REZ,-20.18413536198347,False
AERO,-18.675211859999997,False
SUPER,-18.405559259504134,False
ATOM,-17.97614623140496,False
MEW,-17.78633513057851,False
kFLOKI,-16.6904830214876,False
IMX,-16.65345935206612,False
FIL,-14.951716413223142,False
TNSR,-14.516916347107436,False
APT,-14.487160581818184,False
SKY,-12.80782007,False
SAND,-12.102888396694215,False
FET,-11.817219728925616,False
ZRO,-11.1668976,False
LINEA,-11.134457860000001,False
ADA,-11.08645111735537,False
POPCAT,-9.859727504132232,False
PURR,-9.623257457851235,False
kNEIRO,-9.32887150413223,False
BRETT,-8.857116545454545,False
AIXBT,-8.393375900826445,False
XLM,-8.049979557024793,False
STRK,-7.823648667768594,False
BCH,-7.626067229752066,False
PNUT,-7.45644467107438,False
RENDER,-7.284076105785124,False
MELANIA,-6.845751768595038,False
kBONK,-6.7299286413223145,False
JTO,-6.640945140495868,False
DOOD,-6.3877847,False
RSR,-6.3089483801652895,False
ETC,-5.592458568595041,False
VVV,-5.555842492561982,False
NOT,-5.521162304132232,False
2Z,-4.67104516,False
AVAX,-4.390910905785124,False
PENGU,-4.297760975206613,False
NEO,-3.0151413223140495,False
GOAT,-2.9131184528925607,False
SYRUP,-2.4249490399999996,False
GMX,-2.1527164264462813,False
SNX,-1.3630458644628092,False
SEI,-1.2843926479338839,False
PYTH,-0.8725358181818181,False
ENS,-0.6673324561983465,False
ONDO,-0.20206930909090864,False
