coin,fundingRate_avg_5d,isNew
STABLE,-58.95168070999999,False
MOVE,-54.69872042,False
POLYX,-37.54410951,False
MINA,-35.67486056,False
kNEIRO,-33.01069125,False
SUPER,-30.677407579999993,False
XAI,-30.500325639999996,False
SNX,-27.983955050000002,False
ALT,-23.280313930000002,False
ZETA,-22.873705389999998,False
BIGTIME,-19.800727320000007,False
IO,-19.776524170000002,False
ATOM,-17.78964594,False
TRX,-17.425265709999998,False
BLUR,-16.51691503,False
PENGU,-15.514263680000001,False
ME,-14.78023408,False
SAND,-13.2988772,False
STX,-12.861868540000001,False
CELO,-12.446559130000002,False
AVNT,-12.17602405,False
MEME,-10.60925279,False
PROVE,-9.38496322,False
OP,-9.33470929,False
KAS,-8.226229839999998,False
RENDER,-8.07158664,False
S,-8.034412849999997,False
ANIME,-6.937078309999999,False
WCT,-6.866298970000001,False
LIT,-6.851305499999999,False
BCH,-6.8128731899999995,False
STRK,-5.561740789999999,False
POPCAT,-4.351129959999999,False
SEI,-4.303337589999999,False
CRV,-4.12195449,False
SUSHI,-2.4110308600000003,False
YGG,-1.4972643099999996,False
MOODENG,-1.4016072999999996,False
MORPHO,-1.3998290199999996,False
WLFI,-1.21133207,False
SOPH,-1.1165517899999997,False
SPX,-0.9746076699999994,False
NOT,-0.7151474199999981,False
BSV,-0.4097927999999986,False
NEO,-0.3711268899999987,False
