coin,fundingRate_avg_5d,isNew
BLUR,-509.56148034049585,False
ME,-141.0800613520661,False
STABLE,-72.85814350413222,False
ZETA,-41.02959280661157,False
HMSTR,-29.883947256198343,False
MINA,-29.134292519008266,False
ATOM,-27.150351609917355,False
BANANA,-26.57104991404959,False
kNEIRO,-23.616453947107438,False
CELO,-22.687266267768596,False
0G,-18.26413014545454,False
IOTA,-15.169916429752066,False
HYPER,-13.011074519008266,False
SNX,-10.404231004958678,False
MANTA,-9.176084796694216,False
W,-8.484492932231404,False
DYDX,-8.476905758677688,False
AIXBT,-7.661975266115703,False
TRUMP,-5.338879735537188,False
ANIME,-5.1506309553719,False
ZORA,-4.769654211570247,False
MEME,-4.672180750413223,False
STX,-1.3063896595041318,False
TRX,-0.47015426776859265,False
BCH,-0.3990990842975208,False
INJ,-0.07661669752066073,False
