coin,fundingRate_avg_5d,isNew
HYPER,-348.83148988,False
YZY,-258.82965848000003,False
STABLE,-232.31482039999997,False
SKR,-171.73986789000003,False
CHIP,-111.18090822000002,True
BLAST,-97.89914587000001,False
AXS,-87.95930161999999,False
APE,-81.49727007999999,False
BIO,-78.88017044000003,False
TRUMP,-52.48065849,False
AVNT,-32.96853521,False
kNEIRO,-32.29107112,False
COMP,-31.890486539999998,False
MORPHO,-29.815081940000002,False
REZ,-29.556334170000003,False
2Z,-29.252315449999994,False
AZTEC,-27.569896130000004,False
ALT,-27.100598839999996,False
TRX,-23.373786049999996,False
BANANA,-19.213927039999998,False
BLUR,-18.6499524,False
BABY,-18.47524734,False
INJ,-17.84261328,False
USTC,-17.554058150000003,False
0G,-16.51878529,False
MINA,-16.31950478,False
WLD,-15.46127663,False
JUP,-13.80758719,False
EIGEN,-12.27645015,False
STRK,-12.25127172,False
kLUNC,-12.214350510000001,False
UMA,-12.131205700000002,False
MET,-12.036882399999998,False
CAKE,-11.80596004,False
JTO,-11.23392474,False
PNUT,-10.50526064,False
AERO,-10.25027164,False
XAI,-10.009800879999997,False
POL,-9.62865255,False
PROVE,-9.472488760000001,False
DYM,-8.86875248,False
S,-7.85955084,False
W,-7.71258724,False
MOVE,-7.4102008,False
WLFI,-5.79396401,False
TIA,-5.49789134,False
MON,-5.4441655299999985,False
ZK,-4.7188652699999984,False
DOT,-4.660853629999999,False
KAITO,-4.564082639999999,False
IMX,-2.8541613,False
ACE,-2.5176167,False
SNX,-2.48632525,False
BERA,-2.4197054499999977,False
SUI,-2.4026854999999996,False
INIT,-2.2557131399999983,False
MERL,-2.1548176499999996,False
SAND,-1.5222507499999982,False
USUAL,-1.4012707699999987,False
GMX,-1.1990439799999997,False
SOL,-1.1753124099999999,False
TAO,-1.1437661899999998,False
