coin,fundingRate_avg_5d,isNew
POLYX,-545.9160839599999,False
ANIME,-472.67588768,False
REZ,-288.72425932,False
BLAST,-270.45345213,False
ZETA,-217.70278927,False
STABLE,-210.69230143000001,False
ME,-127.80703855000004,False
BANANA,-126.01404175,False
AXS,-92.38778822,False
NXPC,-77.91052749999999,False
0G,-61.10109635999999,False
TURBO,-58.07273589,False
STRK,-53.270210430000006,False
IP,-50.9138792,False
GAS,-50.44271603000001,False
ZORA,-49.14885088999999,False
HYPER,-48.16928943999999,False
TRUMP,-47.58933072,False
2Z,-37.43537601,False
YZY,-35.43894354000001,False
LAYER,-34.88821256,False
JTO,-33.38613901000001,False
VVV,-32.97786825999999,False
XAI,-32.76749394,False
NEO,-30.661212529999997,False
FTT,-26.078434589999997,False
EIGEN,-24.45721336,False
POL,-23.78311311,False
MERL,-23.25737295,False
ALT,-22.553060919999997,False
MON,-21.69878426,False
MORPHO,-20.50280774,False
kNEIRO,-19.987060550000002,False
MANTA,-19.003420589999998,False
SKY,-15.610955829999996,False
SOPH,-15.234867130000001,False
MEW,-14.947857410000001,False
FET,-14.877482490000002,False
S,-14.86036253,False
AERO,-14.510831959999999,False
TAO,-14.329294830000006,False
MOVE,-13.180957379999999,False
BSV,-13.109404970000002,False
BLUR,-12.402549620000002,False
ZRO,-12.39675488,False
kFLOKI,-12.00470765,False
OP,-11.700896250000001,False
INIT,-11.53138076,False
APT,-11.03516837,False
kLUNC,-11.01924999,False
GRASS,-10.57260752,False
IMX,-9.901472529999998,False
USUAL,-9.65202642,False
COMP,-9.59603323,False
TIA,-9.58589353,False
PYTH,-8.259309790000001,False
AIXBT,-7.403259229999999,False
PNUT,-7.163806820000001,False
kPEPE,-7.1182132099999995,False
DOOD,-6.972537330000003,False
SEI,-6.66696444,False
SOL,-5.99301092,False
YGG,-5.855344599999999,False
SAND,-5.419906169999999,False
kSHIB,-5.070742789999999,False
MINA,-4.653168189999999,False
SYRUP,-4.006959049999999,False
KAITO,-3.893565959999999,False
BABY,-3.6565911699999996,False
BNB,-3.55246397,False
INJ,-3.4769754,False
MET,-3.427332479999999,False
W,-3.1381546599999997,False
DOT,-2.8822290699999993,False
IO,-2.87913606,False
kBONK,-2.8714630299999997,False
ADA,-2.434559489999999,False
ATOM,-1.8703673099999996,False
ICP,-1.8179314099999986,False
MEME,-1.7213575199999993,False
BIGTIME,-1.6288270999999994,False
XRP,-0.7773711599999997,False
SPX,-0.7302700999999991,False
CELO,-0.015535859999998748,False
