coin,fundingRate_avg_5d,isNew
MOVE,-360.4301854000001,False
STABLE,-214.31223272999998,False
LAYER,-173.49173722000003,False
SOPH,-122.82534335,False
ME,-80.70668445999999,False
ZEC,-66.78660135000001,False
IO,-55.08525322999999,False
TRX,-49.108776080000005,False
HMSTR,-46.43446707,False
AVNT,-40.658317249999996,False
kNEIRO,-38.91123160999999,False
TRUMP,-36.68739684,False
kLUNC,-35.20262939999999,False
MERL,-33.58966958,False
PROVE,-32.43953195,False
ZORA,-32.140251660000004,False
AIXBT,-31.18411883,False
UMA,-29.679559630000004,False
SNX,-29.553176189999995,False
CHIP,-29.09112561,False
S,-26.76815246,False
ALT,-25.68820798,False
ZK,-25.22225774,False
SEI,-23.44872347,False
EIGEN,-21.656101889999995,False
BABY,-20.681048920000002,False
SAGA,-20.297666059999997,False
VIRTUAL,-19.848848920000002,False
JUP,-18.88756229,False
0G,-18.81202846,False
W,-17.96750971,False
POL,-17.1191716,False
AERO,-16.5774459,False
HYPER,-14.55109219,False
TON,-14.450593090000002,False
IP,-14.388740189999998,False
OP,-14.331679009999997,False
STRK,-13.588844880000002,False
NIL,-11.987104430000002,False
WLD,-11.23807114,False
ADA,-10.501124460000002,False
APT,-10.11979874,False
MOODENG,-9.41004383,False
JTO,-9.28353264,False
AVAX,-9.00565814,False
SOL,-8.94701213,False
ETC,-8.634637829999999,False
MINA,-8.3393959,False
POPCAT,-7.982456559999998,False
PNUT,-7.317336769999999,False
PYTH,-7.018344829999998,False
SUSHI,-7.007899989999999,False
XLM,-6.7626251,False
SAND,-6.549127110000001,False
kSHIB,-6.520596519999998,False
INJ,-6.333504819999999,False
2Z,-5.93924934,False
FIL,-5.84640137,False
BSV,-5.4646500599999985,False
ICP,-5.295825879999999,False
MORPHO,-4.5394334600000015,False
KAITO,-3.84380478,False
GMT,-3.2195306800000028,False
XRP,-2.9922678099999995,False
BIO,-2.37972992,False
COMP,-1.530085109999999,False
TIA,-1.4797114599999996,False
TURBO,-1.4784208199999997,False
KAS,-1.4019445599999982,False
ATOM,-1.2920277299999994,False
ZEN,-1.2766261900000002,False
ALGO,-1.19185567,False
ETH,-0.36844997999999995,False
