coin,fundingRate_avg_5d,isNew
STABLE,-77.43299361999999,False
POLYX,-45.24576135,False
SUPER,-42.266168529999995,False
XAI,-37.45624451999999,False
MOVE,-31.969377639999994,False
kNEIRO,-30.33381483,False
ZETA,-29.399792240000004,False
MINA,-27.730192450000008,False
TRX,-27.451792350000005,False
ATOM,-18.58158133,False
IO,-17.573736030000003,False
MEME,-17.559097339999997,False
ME,-15.241505749999998,False
WCT,-13.99035729,False
OP,-13.954281420000001,False
VIRTUAL,-13.181985219999998,False
MOODENG,-13.06422016,False
MET,-12.9282051,False
RENDER,-12.546684469999997,False
S,-12.471858010000002,False
STRK,-12.027012800000001,False
BCH,-11.684424530000001,False
ALT,-10.181545060000001,False
BSV,-8.698508449999999,False
POPCAT,-7.5944601,False
AERO,-7.356484479999997,False
CELO,-6.943914030000001,False
SEI,-6.843573339999999,False
ACE,-6.211878789999997,False
SOPH,-6.188406369999999,False
BLUR,-5.462428669999997,False
TURBO,-5.249637319999999,False
SNX,-4.384206259999998,False
AVNT,-4.270623369999999,False
MORPHO,-4.04699955,False
SPX,-3.938825959999999,False
BIGTIME,-3.2945702999999997,False
KAS,-1.98100173,False
ZK,-1.9187998899999985,False
PYTH,-1.8445734899999995,False
BIO,-1.811140949999999,False
PENGU,-1.45433739,False
kFLOKI,-1.2918087299999985,False
AIXBT,-1.2477605299999999,False
RSR,-0.8325160899999986,False
NOT,-0.5291821099999987,False
SAND,-0.46913961000000004,False
CRV,-0.3850019999999991,False
PROVE,-0.3340917999999985,False
