coin,fundingRate_avg_5d,isNew
POLYX,-865.6122533000001,False
GAS,-709.7666075200001,False
0G,-514.0581941099999,False
TST,-296.3812972099999,False
WCT,-187.91800744,False
GMT,-140.01789163,False
REZ,-136.47702443999998,False
RESOLV,-135.95988659999998,False
BLAST,-124.91114899,False
AVNT,-124.52168742000002,False
TNSR,-107.74579467000001,False
ANIME,-104.33674577000002,False
MERL,-96.06068759,False
ZORA,-95.07241286,False
kLUNC,-76.17588982,False
DYM,-72.91819839000001,False
KAITO,-71.6841093,False
TURBO,-71.38758841,False
MANTA,-66.84468599,False
USTC,-64.64580115999999,False
IP,-61.82123625,False
BIGTIME,-61.36649005000001,False
SOPH,-52.49677908,False
ARK,-43.953771580000016,False
IMX,-42.71352494,False
SUPER,-41.825198889999996,False
CELO,-40.629469109999995,False
HYPER,-37.91579193,False
VVV,-37.747944489999995,False
LAYER,-35.59925154,False
kNEIRO,-31.513862019999998,False
USUAL,-31.20668313,False
MOODENG,-29.25582383,False
OM,-28.948133209999995,False
XAI,-28.81569734,False
FET,-27.34193757,False
PROVE,-26.094627450000004,False
EIGEN,-25.28753288,False
BLUR,-24.59178302,False
CFX,-22.606753880000003,False
NEO,-21.298116460000003,False
WIF,-20.357005570000002,False
IO,-19.347340380000002,False
TRUMP,-18.35443599,False
UMA,-17.53184863,False
SAGA,-17.303486380000006,False
XLM,-16.89403668,False
kFLOKI,-15.208242570000003,False
ZRO,-14.175704290000004,False
BSV,-12.53126906,False
ATOM,-11.988034449999999,False
MEW,-11.663078600000002,False
2Z,-10.208491550000002,False
SEI,-10.06381285,False
SCR,-9.0532556,False
SUSHI,-8.953002510000001,False
FIL,-8.915117699999998,False
ETC,-8.204665639999998,False
ALT,-7.698156599999999,False
ZEC,-7.273017009999999,False
BANANA,-7.0715311699999965,False
BABY,-6.375619979999999,False
NOT,-5.285371549999998,False
PYTH,-5.258990079999999,False
ZETA,-4.924002569999999,False
POL,-4.51984756,False
SKY,-4.204292649999998,False
GMX,-3.5631672299999986,False
BOME,-3.5486840299999995,False
DOOD,-3.2716840699999974,False
SAND,-3.0183280799999994,False
DOT,-2.9706780599999996,False
IOTA,-2.72652299,False
kSHIB,-2.660531719999999,False
NXPC,-2.58734338,False
STX,-2.344308129999999,False
BIO,-2.33359173,False
INIT,-2.154170139999998,False
PAXG,-1.9097018999999995,False
JUP,-1.7491172299999984,False
NIL,-0.3564750599999987,False
OP,-0.2966581299999992,False
