coin,fundingRate_avg_5d,isNew
TNSR,-187.54251222999997,False
IP,-108.73645868999999,False
FOGO,-77.00771313999998,False
TRUMP,-73.57465891999999,False
STABLE,-70.96526954,False
GAS,-70.43271045,False
0G,-70.17304872,False
BSV,-68.99287013,False
ZORA,-67.71164859000001,False
LAYER,-64.90527163,False
CELO,-55.61502371999999,False
S,-54.456005639999994,False
AVNT,-46.15718898,False
ME,-40.723652249999994,False
PROVE,-38.86260776999999,False
POLYX,-37.3731238,False
AIXBT,-32.79687351999999,False
kNEIRO,-32.61881995,False
MANTA,-30.056711209999992,False
IOTA,-29.692043359999996,False
USUAL,-29.556429800000004,False
SNX,-26.00639381,False
TRX,-21.490247349999997,False
XAI,-21.24734861,False
kSHIB,-21.00031077,False
STRK,-20.419606720000004,False
MON,-19.625644850000004,False
BIO,-18.966213950000004,False
MINA,-18.50962596,False
ADA,-18.09640581,False
NOT,-16.845458100000005,False
APT,-16.65939205,False
ZETA,-16.628185279999997,False
INJ,-15.19423022,False
KAITO,-14.82133892,False
ANIME,-14.359848979999999,False
AXS,-13.739983350000001,False
GMT,-12.666384760000003,False
POPCAT,-12.107001819999999,False
OP,-12.045967249999999,False
YGG,-11.59723041,False
MERL,-11.414239120000001,False
SUSHI,-11.040740460000002,False
SOPH,-11.022419649999998,False
XRP,-10.99674555,False
kPEPE,-10.64433075,False
FIL,-10.12810322,False
W,-7.700726929999998,False
WLFI,-7.372240069999999,False
DOT,-7.209201869999999,False
ETH,-6.94284604,False
KAS,-6.565754319999999,False
kFLOKI,-4.711179099999999,False
ALGO,-4.6109858699999995,False
ATOM,-4.5120467799999995,False
STX,-4.374360749999999,False
ZK,-4.0411259699999995,False
ARB,-3.2277913600000003,False
DOGE,-3.1109585099999997,False
CHIP,-3.110490579999997,False
MOODENG,-2.702126389999999,False
HYPER,-1.9557269399999992,False
ALT,-1.3823951599999993,False
kLUNC,-1.0880058699999997,False
AVAX,-0.2813989399999998,False
XLM,-0.13389878999999982,False
VIRTUAL,-0.13177886999999902,False
