coin,fundingRate_avg_5d,isNew
OM,-1049.23207257,False
BERA,-749.8477020899999,False
AXS,-736.8153026300001,False
INIT,-678.3630828099999,False
MOVE,-628.63989712,False
0G,-541.23991055,False
VVV,-438.55105582999994,False
MOODENG,-331.38412488,False
YZY,-330.80427127999997,False
COMP,-268.25797786000004,False
TNSR,-259.6995308599999,False
ACE,-174.72436996,False
DYM,-173.51508188999998,False
BLAST,-162.5628897,False
RESOLV,-152.64817716,False
LINEA,-127.14176327000003,False
SOPH,-121.46974211,False
AVNT,-120.80876872,False
ZORA,-115.87999122000002,False
NIL,-89.63918273000002,False
ARK,-84.4612482,False
WCT,-61.87453501,False
NXPC,-61.05981704999999,False
REZ,-50.55373296999999,False
MANTA,-43.85537634,False
SKR,-41.75393410000001,False
JTO,-39.43366122,False
MINA,-38.42923232,False
CELO,-38.17701367,False
2Z,-35.55010356,False
TRUMP,-30.370850649999994,False
PYTH,-29.95135688,False
BSV,-27.07261137,False
AERO,-25.777512529999992,False
SAGA,-23.469765719999998,False
APT,-23.0422602,False
LAYER,-21.19012902,False
BIGTIME,-20.849856310000003,False
YGG,-19.547159630000003,False
XAI,-18.78573459,False
SEI,-17.418241650000002,False
ZETA,-16.835106700000004,False
MERL,-16.274738259999996,False
DASH,-15.96610813,False
KAS,-14.85894706,False
MEME,-14.675244750000003,False
SOL,-14.376246239999999,False
kLUNC,-14.120056389999998,False
AIXBT,-13.8728616,False
IO,-13.677410669999999,False
XRP,-12.84866065,False
XLM,-12.82681759,False
ENS,-12.659147540000003,False
KAITO,-12.52070888,False
NEO,-12.393872109999998,False
POLYX,-10.74089369,False
BLUR,-10.292542289999998,False
ZK,-9.392053709999997,False
GAS,-8.469253409999997,False
TIA,-7.504037919999999,False
kFLOKI,-7.429326069999999,False
W,-7.252985809999997,False
UNI,-4.809721799999998,False
GOAT,-4.7705952599999994,False
kSHIB,-4.5530202200000005,False
JUP,-4.52867034,False
RSR,-4.222569659999999,False
PNUT,-3.8908788299999997,False
DOT,-3.7645523299999994,False
FET,-3.7355041699999996,False
CAKE,-3.4779835299999986,False
ETC,-3.2766174099999987,False
SKY,-3.1324431399999995,False
OP,-3.1106811099999985,False
SUSHI,-3.016673169999999,False
STRK,-2.593395079999999,False
RENDER,-2.428352299999999,False
EIGEN,-2.14848052,False
STX,-1.985981789999999,False
IOTA,-1.6586030699999978,False
BABY,-0.924896859999999,False
DOOD,-0.7976717299999985,False
FOGO,-0.79228287,False
SUI,-0.69086251,False
PENGU,-0.6096259200000002,False
kNEIRO,-0.2814128099999994,False
SPX,-0.2376003999999994,False
