coin,fundingRate_avg_5d,isNew
LAYER,-249.98534929586776,False
JTO,-126.6641702479339,False
IO,-72.97929937190082,False
kLUNC,-64.96873474710743,False
BLAST,-60.38081144132231,False
STABLE,-53.27974259504131,False
ACE,-50.28184688925618,False
WIF,-49.56911519008266,False
HYPER,-37.307706267768594,False
BANANA,-36.186901190082644,False
MEGA,-31.932976413223148,False
NIL,-30.567671047933885,False
STX,-29.456390479338843,False
BLUR,-27.429738416528924,False
COMP,-26.29990185123967,False
ATOM,-14.237648271074375,False
CHIP,-13.183541543801658,False
BABY,-9.962648092561984,False
KAITO,-9.591820641322315,False
XAI,-8.941561497520661,False
EIGEN,-8.732031709090908,False
FTT,-7.792858353719012,False
DYM,-7.499161616528924,False
S,-4.804382905785122,False
NOT,-2.9699085917355363,False
MERL,-2.545232479338843,False
GRIFFAIN,-2.211060198347107,False
W,-0.5985295338842966,False
