coin,fundingRate_avg_5d,isNew
YZY,-608.43863924,False
ZETA,-297.18414829,False
BLUR,-237.88889308,False
FTT,-188.69416096,False
BIO,-128.87283125000005,False
COMP,-128.10957245,False
BLAST,-126.53214100000002,False
SAGA,-117.64725114000004,False
MOVE,-98.9123063,False
FET,-89.71519325,False
ALT,-82.88405473,False
STABLE,-81.96399996000001,False
ACE,-62.87723746,False
kLUNC,-37.44677934,False
TURBO,-35.59000828,False
XAI,-35.40782875000001,False
0G,-34.79107073,False
WLD,-32.51875447,False
BERA,-32.252105910000004,False
KAITO,-29.636881640000002,False
IP,-29.45480942,False
DOT,-25.10137777,False
W,-23.005074,False
TRUMP,-22.168245799999998,False
JTO,-21.13161587,False
OP,-18.952676829999998,False
BANANA,-18.439824820000005,False
AERO,-17.393604879999998,False
PROVE,-17.202871939999998,False
S,-16.893059939999997,False
EIGEN,-16.438018819999996,False
MEME,-16.264548189999996,False
UMA,-16.042129600000003,False
USUAL,-15.486504700000001,False
TIA,-15.319423030000001,False
AXS,-15.187220759999997,False
RESOLV,-14.845018660000006,False
AVNT,-14.546440630000001,False
ETH,-14.10021718,False
SAND,-13.945703920000001,False
SUPER,-12.673708119999995,False
IO,-12.360868809999998,False
APE,-11.970651690000002,False
ANIME,-11.812486969999998,False
INIT,-10.748346989999998,False
kNEIRO,-10.624775509999997,False
DYM,-10.164679869999999,False
REZ,-9.700471410000002,False
GAS,-9.1184446,False
WCT,-8.582685190000001,False
HYPER,-7.695006650000002,False
MEW,-6.77624471,False
ARB,-6.15455773,False
BOME,-6.149376189999997,False
STRK,-5.97420831,False
BTC,-5.582121659999999,False
PNUT,-4.66233115,False
TAO,-4.065623309999999,False
2Z,-3.14938863,False
SEI,-2.78427621,False
INJ,-2.6121692199999997,False
ARK,-2.289332559999999,False
DASH,-2.1451414999999976,False
SUI,-2.0769485499999996,False
PYTH,-2.0756644799999995,False
BIGTIME,-1.576998559999998,False
APT,-0.8771606999999999,False
SOL,-0.73565823,False
