coin,fundingRate_avg_5d,isNew
ALT,-308.35101304,False
IO,-94.98888042,False
CHIP,-94.07346115,False
SAGA,-56.44078512,False
ZORA,-42.90123495,False
0G,-38.157997169999994,False
ME,-37.701488749999996,False
TRUMP,-37.21580733999999,False
SUPER,-29.646903079999998,False
BCH,-27.252621339999997,False
TON,-24.369108930000003,False
ETC,-23.93812277,False
COMP,-23.52563919,False
FOGO,-21.763365170000004,False
MEGA,-21.601134350000002,False
JUP,-21.30503613,False
MINA,-20.46123424,False
VVV,-17.66916455,False
TRX,-15.070947819999997,False
HYPER,-14.263532050000002,False
HEMI,-13.88198222,False
STABLE,-13.638711180000003,False
SAND,-12.48235979,False
SUSHI,-12.374877510000001,False
OP,-12.321811619999998,False
STX,-12.167275730000002,False
STRK,-11.78722751,False
ADA,-11.74876308,False
DASH,-11.679158310000002,False
BLUR,-11.636174450000002,False
MOVE,-11.252637559999998,False
kSHIB,-10.813935299999999,False
kLUNC,-10.774038609999998,False
MON,-10.51966062,False
SEI,-10.3596709,False
GMT,-10.247554579999997,False
BLAST,-10.18402049,False
BSV,-9.989714929999998,False
AIXBT,-9.5870389,False
2Z,-9.526875219999999,False
PENGU,-9.373697859999998,False
CRV,-9.091695210000001,False
INJ,-9.080707249999998,False
kNEIRO,-8.042083690000002,False
S,-7.19507345,False
TURBO,-6.831626159999999,False
SNX,-6.383916429999999,False
PROVE,-5.472648669999999,False
PENDLE,-5.05589167,False
BABY,-4.469017659999999,False
PURR,-3.9150425600000034,False
MOODENG,-3.8335285700000004,False
MERL,-3.090135259999998,False
JTO,-3.0591525999999982,False
ZETA,-2.4484638,False
INIT,-2.3850355599999986,False
SPX,-2.056688859999999,False
NOT,-1.7244607499999993,False
XRP,-1.6394814499999995,False
APT,-1.5796119599999998,False
ZEC,-1.5283579299999996,False
KAITO,-0.9882805699999995,False
TST,-0.82868286,False
ONDO,-0.6452367799999995,False
W,-0.6232134099999993,False
