coin,fundingRate_avg_5d,isNew
ALT,-361.58325106,False
SUPER,-297.48651648,False
GMT,-192.33039097,False
CHIP,-102.58269301,False
ME,-101.69151558000002,False
BLAST,-89.15039151999999,False
SAGA,-58.04658364,False
COMP,-36.198612929999996,False
FOGO,-32.418119589999996,False
STABLE,-26.50753808,False
TON,-25.712126429999998,False
BCH,-25.414374029999998,False
OP,-24.135264380000006,False
MINA,-22.91297282,False
ETC,-21.05403658,False
kSHIB,-20.539646460000004,False
TRUMP,-17.23183834,False
BLUR,-16.513857060000003,False
MEGA,-16.44400263,False
TST,-15.208256440000001,False
VVV,-12.50859745,False
SUSHI,-12.225356719999999,False
SEI,-10.49873736,False
DASH,-10.495193209999998,False
AIXBT,-10.003116270000001,False
PURR,-9.631786440000006,False
POL,-8.668015619999998,False
SAND,-8.48781585,False
SNX,-8.018295909999999,False
ADA,-7.7705923100000005,False
STRK,-6.866031059999997,False
kLUNC,-6.80143555,False
0G,-6.7563419899999975,False
BSV,-6.629077439999999,False
MOVE,-6.591837219999999,False
STX,-5.68954262,False
KAITO,-5.042235559999999,False
HYPER,-4.930011199999999,False
NOT,-4.0907426099999995,False
SOL,-3.98645773,False
BTC,-3.8004303699999995,False
PENDLE,-3.60423265,False
MERL,-2.9377492199999984,False
BOME,-2.685950319999999,False
AXS,-2.642226969999999,False
JUP,-2.62602608,False
kNEIRO,-2.5393779999999997,False
MOODENG,-2.2024764299999995,False
SPX,-1.630398059999999,False
INIT,-1.4516020799999994,False
PNUT,-1.3928984,False
W,-1.0382760799999993,False
IO,-0.607309629999998,False
ZEC,-0.4965401599999992,False
UNI,-0.4537928199999989,False
SUI,-0.20415617999999983,False
