coin,fundingRate_avg_5d,isNew
SUPER,-290.10313953,False
ALT,-283.06709365999995,False
GMT,-188.83618757000002,False
PROVE,-146.08878114000004,False
CHIP,-106.70186109,False
ME,-91.00564564,False
BLAST,-87.3871831,False
SAGA,-64.33400794,False
STABLE,-61.833365930000014,False
COMP,-32.24664551,False
FOGO,-23.92961754,False
TST,-23.74262439,False
MINA,-23.066467,False
OP,-23.044979450000003,False
BCH,-22.047244649999996,False
kSHIB,-18.657157499999997,False
BLUR,-16.87269148,False
ETC,-16.228281059999997,False
TON,-13.57004811,False
PURR,-13.217851580000003,False
POL,-12.13650112,False
MERL,-11.137303400000002,False
TRUMP,-10.85553435,False
DASH,-10.506319869999999,False
AIXBT,-8.62547487,False
ICP,-8.42467304,False
SUSHI,-8.39862372,False
SNX,-8.220923469999999,False
MEGA,-7.931634689999998,False
kLUNC,-6.253127440000001,False
STRK,-5.1057981199999976,False
ADA,-4.787926189999999,False
SAND,-4.644968099999999,False
NOT,-3.83978978,False
VVV,-3.64673398,False
BOME,-3.570213919999999,False
SEI,-3.1954793699999997,False
SUI,-3.0486719900000003,False
AXS,-2.620698539999999,False
BTC,-2.0913653200000004,False
STX,-2.08376602,False
CAKE,-1.6438081599999992,False
KAITO,-1.3230724399999998,False
SOL,-1.13702172,False
UNI,-0.9059380299999998,False
kFLOKI,-0.6632247099999994,False
MOODENG,-0.3112603199999994,False
XRP,-0.20589649999999995,False
