coin,fundingRate_avg_5d,isNew
TNSR,-183.63220948760335,False
0G,-162.0630124264463,False
LAYER,-130.75578453223142,False
ZORA,-82.30395232066114,False
FOGO,-79.1076817090909,False
ME,-77.13565295206612,False
S,-71.0344418181818,False
TRUMP,-67.60833052561983,False
STABLE,-52.5881557983471,False
CHIP,-49.38567065454544,False
AIXBT,-48.55956500826446,False
USUAL,-47.93987609256198,False
kNEIRO,-46.98012470082645,False
AVNT,-45.62828874049586,False
SUSHI,-45.55242352066115,False
SNX,-38.07460806942148,False
PROVE,-37.984718885950414,False
BSV,-36.766399804958674,False
MINA,-33.67592103471074,False
AXS,-31.894269520661158,False
MERL,-31.299758727272717,False
VVV,-29.69504545785123,False
IOTA,-29.39408371239669,False
ADA,-28.82840490247934,False
STRK,-27.29269943801653,False
kSHIB,-24.258649547107435,False
NOT,-24.232625107438015,False
2Z,-23.162700426446282,False
XAI,-22.20137440661157,False
BIO,-21.96649419173554,False
TRX,-20.58837243966942,False
KAITO,-19.561476733884298,False
kLUNC,-18.579470598347104,False
POLYX,-18.00683301818182,False
ANIME,-16.97575133553719,False
MON,-15.498028383471075,False
STX,-14.04886447933884,False
POPCAT,-13.23966490909091,False
kFLOKI,-12.732142363636362,False
SKY,-11.438212899173553,False
INJ,-11.332983580165289,False
SOPH,-11.245254714049587,False
ZETA,-10.997291692561983,False
YGG,-10.817826079338841,False
ATOM,-10.463835203305786,False
APT,-9.920289510743801,False
MEME,-9.51501716033058,False
XRP,-9.305792885950412,False
GAS,-9.305118872727272,False
KAS,-8.779106935537191,False
ARB,-7.852144730578513,False
BERA,-7.775562059504133,False
CELO,-7.769561821487602,False
DOT,-7.766361163636363,False
VIRTUAL,-7.416976165289255,False
W,-7.337268128925618,False
ETH,-6.592979434710743,False
FIL,-6.49768945785124,False
PENGU,-6.117328085950413,False
WLFI,-6.060056509090908,False
OP,-5.235991001652891,False
kPEPE,-4.995120684297522,False
BABY,-4.862055560330578,False
MNT,-4.749537342148759,False
AVAX,-4.678738442975206,False
DOGE,-4.568580357024794,False
GMT,-4.319949838016529,False
IO,-3.910323550413222,False
NIL,-3.8826376066115684,False
SOL,-3.8722399933884293,False
HYPER,-1.256195583471074,False
MOODENG,-1.0492315338842961,False
BOME,-0.4598304991735529,False
DOOD,-0.3372838909090906,False
PYTH,-0.27453333223140514,False
ZK,-0.01062349090908981,False
