coin,fundingRate_avg_5d,isNew
LAYER,-302.4163680694215,False
JTO,-78.46185541487604,False
STABLE,-65.4278782016529,False
MOVE,-64.46834689586777,False
BLAST,-62.245491104132235,False
BANANA,-61.95234892561983,False
ACE,-50.23966567933883,False
kLUNC,-49.81570484628098,False
NIL,-30.567671047933878,False
BLUR,-29.050856776859508,False
MEGA,-22.824983603305792,False
IO,-20.229157418181817,False
COMP,-16.346496644628104,False
MERL,-13.051623183471076,False
HYPER,-10.829418961983471,False
GRIFFAIN,-9.945389444628098,False
ATOM,-9.778066204958678,False
KAITO,-9.249638390082644,False
BABY,-4.330681199999999,False
DYM,-4.185608360330577,False
EIGEN,-3.697703147107437,False
W,-3.6333388661157033,False
XAI,-2.4170722314049584,False
WLFI,-2.031422280991734,False
NOT,-0.8250645818181813,False
S,-0.7716749157024785,False
SKY,-0.3142907008264451,False
