coin,fundingRate_avg_5d,isNew
kBONK,-164.21602567933886,False
STABLE,-68.2573719570248,False
POLYX,-44.84632046280991,False
SUPER,-41.36751234049587,False
0G,-40.66747757355372,False
XAI,-31.467709646280984,False
kNEIRO,-30.693259041322317,False
MOVE,-28.362848548760333,False
MINA,-26.8228159338843,False
ZETA,-26.592071018181816,False
TRB,-26.41937304793388,False
TRX,-24.883949930578513,False
W,-19.958623279338845,False
ATOM,-19.866318218181817,False
MEME,-17.698504185123966,False
IO,-16.996554525619835,False
OP,-15.575240181818181,False
ACE,-15.17814938181818,False
UMA,-14.639822042975208,False
WCT,-14.267430823140494,False
VIRTUAL,-14.176632337190084,False
ME,-13.564724618181817,False
MET,-12.748590168595038,False
MOODENG,-12.492381163636365,False
BCH,-11.368190816528925,False
STRK,-11.166529824793388,False
S,-11.128333328925619,False
TRUMP,-10.469919421487603,False
AERO,-9.940562757024793,False
RENDER,-9.016102581818183,False
TURBO,-8.876277054545454,False
ALT,-8.71079848264463,False
BSV,-8.567841074380166,False
HYPER,-8.307362836363637,False
POPCAT,-8.026604836363637,False
NEO,-7.147078393388426,False
CELO,-7.0748192528925635,False
SOPH,-5.375789018181818,False
AVNT,-4.965024654545454,False
SEI,-4.743679725619835,False
SNX,-4.696823137190082,False
MORPHO,-3.29715612892562,False
PYTH,-2.7528973289256196,False
ZK,-2.7076732859504116,False
GMT,-2.5461106512396676,False
SPX,-2.4533668661157013,False
BLUR,-1.6480108363636343,False
GAS,-1.6017783074380139,False
BIO,-1.431402823140495,False
NOT,-1.273510700826445,False
AIXBT,-1.2318159966942146,False
TIA,-1.2305316793388426,False
kFLOKI,-1.1062743371900805,False
PENGU,-0.61353012892562,False
RSR,-0.5511582049586762,False
