coin,fundingRate_avg_5d,isNew
BLUR,-662.1830733619835,False
VINE,-73.95328178181819,False
STABLE,-58.98184016528926,False
IOTA,-46.708661712396705,False
BANANA,-43.66394272066117,False
kNEIRO,-37.97381666776859,False
0G,-35.46818807603306,False
SNX,-29.151701752066117,False
MINA,-20.17423728595041,False
ME,-19.217632254545457,False
ATOM,-18.189124274380166,False
SAND,-15.23463762644628,False
ANIME,-15.126128737190085,False
ZETA,-12.911473319008266,False
STX,-12.762175408264463,False
AIXBT,-12.243330743801655,False
INJ,-12.123969590082647,False
KAS,-11.774842323966945,False
W,-11.739110935537193,False
ZORA,-11.504568813223141,False
HYPER,-9.500214208264463,False
ALT,-8.306745292561985,False
UMA,-7.3455705818181825,False
OP,-6.716438241322313,False
BIO,-5.350712975206609,False
XAI,-5.261737438016528,False
FIL,-1.9785053652892561,False
POLYX,-1.841262952066116,False
MEME,-1.8272976297520647,False
CELO,-1.5977154049586775,False
CHIP,-0.715078076033057,False
PROVE,-0.11924242314049531,False
