coin,fundingRate_avg_5d,isNew
CHIP,-150.53487899,False
BLAST,-150.26475344000002,False
STABLE,-70.33040168,False
APE,-49.096869780000006,False
WLD,-47.91480340999999,False
BERA,-46.78387208,False
TRUMP,-41.70011631,False
kLUNC,-41.19392774,False
kNEIRO,-38.71828530999999,False
REZ,-37.06714502999999,False
MERL,-33.49742094,False
BIO,-24.77092137,False
WLFI,-24.199681770000005,False
COMP,-22.023191150000002,False
0G,-21.951754810000004,False
XAI,-19.160292480000003,False
MON,-18.105090620000002,False
CAKE,-17.269860389999998,False
SEI,-16.41371785,False
KAITO,-16.16353225,False
IMX,-12.965504450000001,False
STX,-12.65699842,False
TST,-12.593516889999998,False
AXS,-11.718982,False
2Z,-11.328325419999999,False
ALT,-9.99962322,False
SUI,-8.68865637,False
GRIFFAIN,-6.966380510000001,False
BANANA,-5.818885479999999,False
ARB,-4.83328474,False
USTC,-4.773887559999999,False
ICP,-4.323246149999998,False
MOVE,-3.856312599999999,False
XRP,-3.54328276,False
DYM,-3.103665809999999,False
GAS,-3.0791706599999995,False
TURBO,-3.0781333299999996,False
BTC,-2.36357137,False
TIA,-1.73950678,False
GALA,-1.7114579899999995,False
STRK,-1.1274536099999994,False
POLYX,-1.0603001799999996,False
SAND,-0.6773421799999996,False
BIGTIME,-0.047582129999999515,False
