coin,fundingRate_avg_5d,isNew
ANIME,-339.60549876,False
AVNT,-332.71448855999995,False
GMT,-313.11511056999996,False
HYPER,-302.2380361099999,False
BERA,-237.20155354999997,False
POLYX,-234.11843797,False
BLUR,-205.83566837,False
IP,-155.30359596,False
VVV,-151.28483573,False
BLAST,-139.02671442000002,False
MOVE,-125.18602318999999,False
0G,-85.33280542,False
ME,-66.55071279999999,False
REZ,-57.32173525,False
TNSR,-39.47013421,False
ZETA,-37.78017544999999,False
ZORA,-29.22721732,False
FTT,-21.12242809,False
MEW,-19.549274440000005,False
CELO,-19.059191860000006,False
FOGO,-18.376048370000003,False
AR,-17.448354880000007,False
IO,-17.00308481,False
MEME,-16.280613300000002,False
XAI,-14.979695630000002,False
kLUNC,-14.819727809999998,False
TRUMP,-11.530653679999999,False
GMX,-10.83811801,False
ATOM,-10.52143379,False
WCT,-9.67642448,False
BSV,-9.57510559,False
PROVE,-9.260418649999998,False
ACE,-8.397677639999998,False
SCR,-6.7172256699999995,False
NOT,-6.24467039,False
USTC,-6.13652016,False
SUPER,-5.006395480000001,False
2Z,-4.075441079999999,False
SKY,-3.2903384899999977,False
ZEC,-2.9854028899999996,False
BIO,-2.7750402499999995,False
FET,-2.553364069999999,False
ZEREBRO,-2.443209259999997,False
SAND,-2.2505367099999987,False
APT,-2.12847268,False
STX,-2.0573276099999993,False
IMX,-1.8756532399999992,False
BABY,-1.843250729999998,False
TRX,-1.76262661,False
BCH,-1.32545297,False
MELANIA,-0.9336663499999998,False
TURBO,-0.8509405599999996,False
ETC,-0.5642469299999995,False
SOPH,-0.3406953799999994,False
