coin,fundingRate_avg_5d,isNew
POLYX,-156.73459835702477,False
STABLE,-126.70190557685952,False
CHIP,-118.93013565619835,False
MOVE,-79.02657496859506,False
kLUNC,-49.848221821487606,False
SAGA,-33.842601391735535,False
LAYER,-26.856942287603314,False
SKY,-24.846901646280994,False
COMP,-19.81873187107438,False
BLAST,-18.95442321322314,False
W,-17.48170721652893,False
INJ,-16.952153633057854,False
BIO,-15.13925425785124,False
TRUMP,-15.089948489256196,False
WLD,-13.650086112396693,False
BLUR,-12.310204294214873,False
ICP,-10.226166267768594,False
0G,-8.442404390082643,False
NOT,-7.942453090909091,False
EIGEN,-7.306099904132231,False
MERL,-7.255664023140497,False
APE,-7.032619219834708,False
KAITO,-6.970647649586776,False
ATOM,-6.58362505785124,False
BSV,-5.412127814876031,False
BABY,-4.8986643966942145,False
PENGU,-4.887673854545454,False
AXS,-4.435014971900825,False
BERA,-3.9880225785123953,False
TURBO,-3.9259807834710734,False
APT,-3.8675877818181816,False
GALA,-2.880718036363636,False
MON,-2.0816322842975192,False
INIT,-1.604013193388429,False
SAND,-1.3178478842975208,False
BCH,-1.2225933818181818,False
POL,-0.27843334214875964,False
