coin,fundingRate_avg_5d,isNew
STABLE,-132.64030358,False
POLYX,-101.13240712000001,False
CHIP,-99.95255119000001,False
MOVE,-79.58191068000002,False
LAYER,-64.23113634,False
kLUNC,-52.66912551,False
BLAST,-27.867102489999997,False
BANANA,-25.974307389999993,False
SKY,-24.86893482,False
COMP,-16.70770856,False
INJ,-16.39194925,False
BLUR,-12.290937000000001,False
W,-10.96632718,False
KAITO,-9.23456351,False
WLD,-8.927223289999999,False
SAGA,-8.857253519999993,False
BIO,-8.665740209999997,False
NOT,-8.23234432,False
TRUMP,-7.62712687,False
MERL,-7.4971211700000016,False
ICP,-7.303371870000001,False
EIGEN,-5.508675629999999,False
APE,-4.2359899799999985,False
PENGU,-3.8736428000000003,False
BABY,-3.15223928,False
ATOM,-2.9940716399999996,False
0G,-2.6904719399999983,False
WLFI,-1.8430996199999978,False
GALA,-1.8046140199999996,False
BSV,-1.7681322699999982,False
TURBO,-1.7631200899999988,False
INIT,-1.1834570199999987,False
BERA,-1.084363169999999,False
APT,-0.89318055,False
AXS,-0.5698927499999985,False
