coin,fundingRate_avg_5d,isNew
AXS,-893.7177935000001,False
0G,-525.34441824,False
YZY,-492.4330405700001,False
AVNT,-366.4445108599999,False
LAYER,-247.19983722,False
MOVE,-212.17653086000004,False
BLAST,-211.59772991999998,False
RESOLV,-204.19616209999998,False
ZORA,-133.09195749999998,False
ZETA,-130.22724551,False
SUPER,-110.58548226000002,False
SKR,-108.6792902,True
DASH,-94.85408738,False
WCT,-78.72834723,False
BERA,-68.00522758,False
MOODENG,-61.26501494000001,False
FOGO,-58.966701189999995,False
ANIME,-50.98769169,False
MANTA,-47.769731240000006,False
XAI,-43.54810693,False
PURR,-40.63927081999999,False
KAITO,-35.35503441999999,False
LINEA,-32.77591303,False
SKY,-31.66838404,False
IO,-29.96246748,False
DYM,-29.670807659999994,False
SOPH,-28.113459239999994,False
ATOM,-25.577904980000003,False
ACE,-24.134483279999998,False
2Z,-24.121358609999998,False
POPCAT,-23.992017210000004,False
APT,-23.343950220000004,False
POL,-22.67815299,False
TRUMP,-21.73676689,False
GMT,-21.67736825,False
kFLOKI,-21.589106870000002,False
MERL,-21.065508530000002,False
BRETT,-19.882844289999998,False
JTO,-19.763963790000002,False
REZ,-18.424941580000002,False
STRK,-17.104913970000002,False
HYPER,-14.48551191,False
SAND,-14.448990739999998,False
EIGEN,-13.757987340000001,False
kLUNC,-13.615275990000002,False
BABY,-13.47329537,False
HEMI,-12.687659149999998,False
ICP,-12.64807052,False
S,-12.323700129999999,False
OP,-12.28282889,False
TURBO,-11.91175821,False
AVAX,-11.720506239999999,False
SCR,-11.447029259999999,False
PROVE,-11.1825342,False
XLM,-11.168620399999998,False
kPEPE,-10.80203338,False
AIXBT,-9.830244970000003,False
CAKE,-8.78949127,False
VVV,-8.423210849999998,False
WLFI,-8.417005119999997,False
STX,-7.998494660000001,False
IP,-7.505865109999998,False
ME,-7.2430205800000005,False
RSR,-6.883805099999999,False
ETC,-6.235583349999999,False
DOGE,-5.75098891,False
SOL,-5.166046479999999,False
ZEC,-5.077679979999998,False
LTC,-3.5623094799999997,False
PNUT,-3.426395159999999,False
CELO,-2.7635281499999986,False
USUAL,-2.5838204,False
MELANIA,-2.0199099999999994,False
SAGA,-1.880539129999999,False
CRV,-1.4305028899999999,False
PENGU,-1.2873221499999996,False
PAXG,-1.1719325099999995,False
SPX,-1.007397079999999,False
ENS,-0.7505859999999996,False
RENDER,-0.5396430099999997,False
ENA,-0.19166953000000006,False
