coin,fundingRate_avg_5d,isNew
CHIP,-216.04779969999996,False
PROVE,-198.47699389,False
POLYX,-62.18539967000001,False
HYPER,-52.68077923,False
LAYER,-47.32626208000001,False
WLD,-46.73326118000001,False
FOGO,-38.998198699999996,False
STABLE,-37.94216317999999,False
BSV,-37.76040923999999,False
kLUNC,-26.85082131,False
JTO,-26.383973170000004,False
BIO,-25.0596663,False
POL,-24.016488270000004,False
BABY,-21.672869260000002,False
TRUMP,-21.589558739999998,False
MINA,-19.76384188,False
0G,-18.931393680000003,False
MOVE,-16.073202780000006,False
BANANA,-14.680072969999996,False
CAKE,-14.39514229,False
APE,-13.732804530000006,False
BCH,-13.636033540000001,False
ACE,-13.593987729999998,False
SAGA,-13.302765180000003,False
MERL,-11.8503893,False
ALT,-11.54533179,False
DASH,-10.6109223,False
BLAST,-10.56572435,False
IO,-10.407488819999998,False
SKY,-9.038094229999999,False
ZORA,-8.862407319999999,False
APT,-8.80090044,False
STX,-8.63745417,False
2Z,-6.746191339999999,False
ANIME,-6.351778910000001,False
W,-5.92632542,False
BIGTIME,-5.7203705199999995,False
SAND,-5.150041959999999,False
BLUR,-5.0049617600000005,False
EIGEN,-4.968609949999999,False
COMP,-4.592340939999999,False
kSHIB,-4.508132519999999,False
MEGA,-4.469079709999999,False
PYTH,-4.289044189999999,False
AXS,-4.140371659999999,False
YGG,-4.0997230700000005,False
ICP,-3.6029368999999996,False
GAS,-2.744427699999999,False
kFLOKI,-1.5914218999999998,False
STRK,-1.4141654899999991,False
SNX,-0.8852695399999997,False
OP,-0.8018801799999999,False
S,-0.7134990799999998,False
AERO,-0.42780409,False
MOODENG,-0.3733723699999993,False
SUSHI,-0.33488604,False
XRP,-0.25673881000000004,False
