coin,fundingRate_avg_5d,isNew
TRUMP,-77.54133948999998,False
STABLE,-51.80525373,False
kNEIRO,-39.66493398000001,False
MOVE,-38.17685088,False
TRX,-32.71229645,False
BRETT,-30.288208810000008,False
LAYER,-29.97038579,False
ME,-24.062462210000003,False
IO,-23.66965067,False
EIGEN,-23.45869454,False
MINA,-18.758951619999998,False
HYPER,-18.32103776,False
0G,-16.84224464,False
GAS,-15.667407460000007,False
AVAX,-14.746949000000003,False
XAI,-12.891586109999999,False
VVV,-12.698823769999999,False
ADA,-12.693778009999999,False
KAITO,-10.993350320000001,False
UMA,-10.13353369,False
XLM,-10.05030055,False
CHIP,-9.27852776,False
ZORA,-9.113494470000003,False
SKR,-7.945551410000001,False
SOPH,-7.608780510000001,False
DOT,-6.07680908,False
MOODENG,-5.9435242200000005,False
kLUNC,-5.40943651,False
2Z,-4.719439049999999,False
POLYX,-4.28016009,False
kSHIB,-3.6224461500000005,False
ALT,-3.447726489999998,False
BLUR,-3.38904252,False
ORDI,-2.88713905,False
ATOM,-2.7321366899999995,False
BCH,-2.08793651,False
BABY,-2.064415179999999,False
NOT,-1.60698185,False
IP,-1.5160545099999991,False
OP,-1.4491901599999992,False
RENDER,-1.3798766599999992,False
BNB,-1.2737200599999996,False
IOTA,-1.1599524799999996,False
SEI,-0.9753646799999998,False
ETC,-0.6365045199999992,False
SUSHI,-0.5528421399999995,False
APE,-0.5169655599999992,False
XRP,-0.4060771,False
AIXBT,-0.131453289999999,False
