coin,fundingRate_avg_5d,isNew
BLUR,-661.4274705123967,False
VINE,-73.2539318876033,False
STABLE,-59.99222508099172,False
BANANA,-43.66394272066117,False
0G,-36.82363952727272,False
kNEIRO,-34.86825259834711,False
IOTA,-33.088499325619836,False
SNX,-28.130634704132234,False
MINA,-25.261688370247935,False
ME,-22.319079847933885,False
ATOM,-19.620427914049586,False
ZETA,-17.769633213223145,False
ANIME,-15.81495287603306,False
AIXBT,-14.686698178512398,False
HYPER,-13.77992451570248,False
SAND,-13.192025712396692,False
STX,-13.08837319338843,False
INJ,-12.648409071074381,False
W,-12.297083841322321,False
ZORA,-11.504568813223141,False
KAS,-10.682027980165289,False
OP,-5.847813292561982,False
ALT,-5.383292211570248,False
XAI,-5.261737438016528,False
BIO,-5.1444207669421465,False
MEME,-4.494234743801652,False
UMA,-4.36295202644628,False
CELO,-3.9178064727272717,False
FIL,-1.4812349157024787,False
POLYX,-0.5844063867768587,False
APE,-0.21840055537190037,False
