coin,fundingRate_avg_5d,isNew
ME,-156.69376010578515,False
CELO,-132.0018083801653,False
MANTA,-121.24384929917356,False
IP,-99.62421490909091,False
STABLE,-98.5727521090909,False
GAS,-79.00752667438017,False
TNSR,-52.79674370578512,False
BSV,-50.644719391735535,False
TRUMP,-50.18040898512397,False
LAYER,-48.063114813223144,False
0G,-36.14973924297521,False
ZORA,-33.98471972231404,False
S,-33.76817614214876,False
IOTA,-32.72393274049586,False
POLYX,-32.220890826446286,False
PROVE,-30.785181123966947,False
kNEIRO,-27.598710128925624,False
TRX,-27.009745646280994,False
PYTH,-24.79895838347107,False
OP,-20.012379996694214,False
kSHIB,-18.87829229752066,False
ZETA,-18.41788914049587,False
AVNT,-18.19483347768595,False
INJ,-17.39848576859504,False
MINA,-15.054573292561987,False
SNX,-13.991059338842982,False
GMT,-13.387180413223145,False
POPCAT,-12.959166813223137,False
STRK,-12.806612499173553,False
ANIME,-12.449169748760331,False
MON,-12.06258298512397,False
APT,-11.265443980165289,False
NOT,-11.138321900826451,False
kPEPE,-10.536945004958676,False
AIXBT,-9.80574273719008,False
ADA,-9.751416981818183,False
HYPER,-9.356784773553716,False
XAI,-8.747420350413224,False
ALT,-7.754168836363636,False
BLUR,-6.208478419834711,False
ZK,-6.191584651239668,False
KAITO,-6.180751933884297,False
WLFI,-5.726931808264461,False
ALGO,-5.6981324033057845,False
AXS,-5.209211464462808,False
FIL,-5.180684995041321,False
USUAL,-4.884594823140493,False
YGG,-4.42627669090909,False
IO,-3.7327815173553716,False
XRP,-3.5778011900826443,False
ATOM,-2.8789551768595034,False
TIA,-2.6830352429752065,False
DOGE,-1.8975499338842978,False
DOT,-1.8122340495867768,False
UMA,-1.4707714214876033,False
SOPH,-1.3590546347107444,False
