coin,fundingRate_avg_5d,isNew
AVNT,-249.88794980000006,False
ANIME,-232.5786497,False
BABY,-157.42652501999999,False
BLAST,-150.68455016000001,False
POLYX,-120.27386487000001,False
IP,-112.33658582,False
0G,-107.41464842,False
ZK,-84.46570193,False
kLUNC,-79.42438471000001,False
SOPH,-49.01384906999999,False
BERA,-46.64702482,False
GAS,-44.47122989,False
ACE,-44.04945341,False
VVV,-42.84063473,False
TNSR,-42.19516435,False
REZ,-33.652432059999995,False
ZETA,-31.757156419999998,False
KAITO,-28.234958979999995,False
XAI,-26.05408252,False
WCT,-20.07174493,False
MINA,-18.2221797,False
ATOM,-16.22045254,False
CELO,-15.21433223,False
USTC,-14.249624820000006,False
BSV,-13.54279648,False
SCR,-12.74527586,False
PROVE,-12.467150239999999,False
SUPER,-12.366103640000002,False
TRUMP,-12.07466063,False
USUAL,-11.463833859999998,False
LAYER,-8.396008859999998,False
ARK,-5.220600109999999,False
ZORA,-4.798156409999999,False
MELANIA,-4.597598399999995,False
ZRO,-4.15454242,False
2Z,-3.4838563800000006,False
DOOD,-3.171374769999997,False
STRK,-1.7672971499999994,False
HYPER,-1.4663239899999998,False
UMA,-0.48775679999999944,False
MEME,-0.061098809999998886,False
