coin,fundingRate_avg_5d,isNew
ZORA,-176.26317151735537,False
kLUNC,-58.801271226446296,False
ALT,-54.963133695867775,False
TRX,-44.61147282644628,False
BSV,-37.55905021487603,False
IO,-32.960045871074385,False
POLYX,-26.209510958677686,False
STABLE,-25.33829855206611,False
BIO,-21.05165191735537,False
JTO,-18.681484056198347,False
BCH,-18.62141217520662,False
TRUMP,-17.65284938181818,False
ME,-15.807065980165294,False
XLM,-15.410148208264467,False
S,-14.714703391735535,False
ETC,-14.621397808264467,False
0G,-12.9695028892562,False
2Z,-12.557195752066116,False
APT,-12.143416066115703,False
ATOM,-11.841739765289258,False
COMP,-11.427189778512398,False
SNX,-11.288860690909091,False
HYPER,-10.735155570247935,False
SUSHI,-9.511653609917357,False
MEME,-9.246763517355372,False
MOVE,-8.966696181818184,False
CHIP,-8.738798628099174,False
STRK,-7.324745672727271,False
OP,-6.75249107107438,False
DOT,-6.392632442975206,False
JUP,-6.3266052099173535,False
SEI,-5.855976743801653,False
BABY,-5.666380661157024,False
AXS,-5.5460066776859485,False
STX,-5.284415702479338,False
XRP,-3.6496454975206616,False
ADA,-3.389900638016529,False
MORPHO,-2.153492519008264,False
kNEIRO,-2.029303953719008,False
ZK,-1.7795578016528921,False
IP,-1.6995420793388427,False
NXPC,-1.5977516033057846,False
AIXBT,-1.5740865719008266,False
INIT,-0.531682770247935,False
ONDO,-0.2756236264462804,False
DASH,-0.26511597024793376,False
