coin,fundingRate_avg_5d,isNew
STABLE,-196.13595689,False
SUPER,-195.64079131999998,False
SKR,-152.80916625,False
BIO,-133.60098212000003,False
BLAST,-111.83208282,False
YZY,-100.32749306000001,False
BLUR,-95.62708730000003,False
WLD,-67.36662942000001,False
UMA,-67.29138175,False
kNEIRO,-63.30267051,False
MOVE,-54.44043547000002,False
COMP,-48.18353028,False
MEME,-41.48054107000001,False
AXS,-36.36242347,False
IP,-35.39237757,False
USTC,-31.610676809999998,False
2Z,-30.709395450000002,False
ALT,-30.095723139999997,False
REZ,-28.08091876,False
MORPHO,-25.20853447,False
FET,-24.899943759999992,False
BOME,-23.94357879,False
AERO,-20.90684157,False
MET,-19.12526124,False
JTO,-18.43893641,False
AVNT,-17.48877571,False
PNUT,-16.62181019,False
JUP,-16.349626770000004,False
IMX,-12.9779254,False
W,-12.733776900000002,False
BABY,-12.482145899999999,False
KAITO,-12.143150689999999,False
SAND,-11.245887250000001,False
DOT,-10.72401244,False
kLUNC,-10.27170663,False
INIT,-9.24463605,False
EIGEN,-9.204728410000001,False
DYM,-9.10638719,False
MERL,-8.770632449999997,False
BANANA,-8.275206999999998,False
FTT,-7.865638310000006,False
S,-7.359850509999999,False
TAO,-7.354558739999999,False
PYTH,-7.255785359999999,False
ARB,-6.74646363,False
0G,-6.554806509999999,False
PROVE,-5.858753699999999,False
AZTEC,-4.842734589999998,False
XAI,-4.3474777699999985,False
MANTA,-3.53143778,False
TRUMP,-3.3999107599999987,False
CAKE,-3.2584360299999986,False
TURBO,-2.3527177299999997,False
SAGA,-2.3219095399999996,False
USUAL,-1.8967086299999991,False
ETH,-1.26422349,False
NOT,-0.9746573099999993,False
OP,-0.9502855299999994,False
GMX,-0.8016341699999997,False
STRK,-0.7589313599999997,False
TIA,-0.29586899999999994,False
ACE,-0.074595049999998,False
TON,-0.03237111999999995,False
