coin,fundingRate_avg_5d,isNew
AXS,-778.9515202099999,False
0G,-325.99027022,False
YZY,-200.78658176000005,False
GAS,-165.03691810000004,False
ZORA,-134.20046688,False
RESOLV,-112.24568914,False
JTO,-101.69458231,False
ZETA,-79.70058824,False
FOGO,-70.75278479,False
SKR,-70.45992412000001,False
2Z,-64.09934725,False
INIT,-54.97746946,False
POLYX,-50.12693555,False
DYM,-49.881456990000004,False
FET,-48.52979190999999,False
MANTA,-44.504228080000004,False
MERL,-37.856140710000005,False
XAI,-33.24825442,False
SOPH,-31.477817540000004,False
TRX,-31.442273839999995,False
DOT,-27.050863939999996,False
ATOM,-26.565415400000003,False
STRK,-25.28761464,False
IMX,-24.87930228,False
EIGEN,-23.405327890000002,False
POPCAT,-23.20993536,False
CC,-22.493744770000003,False
kFLOKI,-22.45427148,False
YGG,-21.23364067,False
BANANA,-21.08840425,False
APT,-20.44320981,False
MEME,-19.159790970000003,False
DASH,-17.850128630000007,False
SEI,-16.247587369999998,False
RSR,-15.34531613,False
WLD,-14.9225943,False
AVAX,-14.40534331,False
NEO,-13.922005930000003,False
OP,-13.453089699999998,False
SUSHI,-12.91882752,False
SKY,-12.34325975,False
PYTH,-12.16606539,False
BSV,-10.819827859999998,False
KAS,-10.1843322,False
DOGE,-9.743317300000001,False
ENS,-9.59150942,False
kBONK,-9.010609,False
HEMI,-8.944420630000002,False
kLUNC,-8.70299503,False
CAKE,-8.22786066,False
SOL,-7.400239950000001,False
W,-7.379646649999999,False
ADA,-7.109724770000001,False
STABLE,-6.687524160000001,False
XRP,-6.542874659999999,False
PROVE,-5.76861622,False
FIL,-4.870032939999999,False
ETC,-4.221430860000001,False
BLUR,-4.17989021,False
MON,-3.6397741600000013,False
SUPER,-3.57830451,False
STX,-3.30780739,False
SAGA,-3.0979221699999995,False
WLFI,-2.8690197200000003,False
TAO,-2.5561789499999996,False
AAVE,-2.396415529999999,False
AR,-2.0678848699999994,False
TON,-2.0403470799999996,False
MINA,-1.9384668199999993,False
TIA,-1.74418681,False
USTC,-1.531989679999999,False
ICP,-1.5046453399999995,False
BNB,-1.1998250799999997,False
ALT,-0.8951924299999989,False
