coin,fundingRate_avg_5d,isNew
SUPER,-522.6792371801653,False
REZ,-514.1781668528924,False
POLYX,-420.6901965619835,False
BLUR,-275.63192889917354,False
ZETA,-222.6427106181818,False
BERA,-180.99652385454544,False
FTT,-146.008226677686,False
ALT,-124.04598579173555,False
2Z,-107.26297545123968,False
SOPH,-90.61983552396696,False
ME,-89.36419305123965,False
JTO,-87.19615096859505,False
NIL,-76.43005015537193,False
BLAST,-76.13491127603307,False
GAS,-65.78778823140497,False
AXS,-57.536602333884304,False
TURBO,-55.542150148760335,False
STABLE,-53.558675474380166,False
BSV,-52.03992314380166,False
MOODENG,-47.187638241322304,False
AVNT,-45.00295360661157,False
APT,-43.31604475041322,False
DYM,-36.48441250909091,False
TNSR,-35.43818905785124,False
XAI,-33.049770714049586,False
TRUMP,-31.43209698842975,False
MOVE,-30.356575319008265,False
STRK,-29.44069270413223,False
0G,-28.97280228099173,False
CELO,-27.77248608595042,False
EIGEN,-26.875467153719008,False
LAYER,-26.83662994710744,False
ZORA,-22.49037983801653,False
ANIME,-21.807558109090905,False
POL,-19.767844234710743,False
PROVE,-17.84234845289256,False
AERO,-17.625353117355377,False
FET,-17.127246485950415,False
MEW,-16.900662932231413,False
KAS,-16.78058794710744,False
AIXBT,-16.753108333884295,False
IO,-16.10945538842976,False
W,-15.71962670082645,False
kNEIRO,-15.48027743801653,False
HYPER,-15.46410908429752,False
BANANA,-15.230470472727273,False
SEI,-14.587209193388427,False
kLUNC,-13.827416023140493,False
IMX,-13.649098621487603,False
MERL,-13.633488446280992,False
S,-13.419354952066113,False
ZEC,-13.31139989752066,False
OP,-12.314035527272726,False
TIA,-8.156224601652891,False
DOT,-7.793302145454544,False
kBONK,-7.68345681322314,False
MEME,-7.651968595041322,False
DASH,-7.628754595041322,False
ACE,-7.338816694214876,False
BABY,-6.297471332231403,False
PENGU,-4.759810433057851,False
kSHIB,-4.571597851239669,False
kFLOKI,-4.280367669421485,False
INIT,-3.352359332231405,False
ARK,-3.1287396991735528,False
VIRTUAL,-2.2116133090909087,False
SOL,-2.121921768595041,False
ENA,-1.9140940264462796,False
BTC,-1.7658118413223136,False
BRETT,-1.620874383471074,False
XRP,-1.3740458181818183,False
STX,-1.3586803438016515,False
