coin,fundingRate_avg_5d,isNew
BLAST,-190.0543001454545,False
CHIP,-79.62152159008264,False
STABLE,-76.06724280991736,False
kLUNC,-52.65046546115702,False
COMP,-42.5345854214876,False
WIF,-38.13702849917355,False
2Z,-32.52713680661157,False
XAI,-31.96394989090909,False
IO,-30.324465937190084,False
STX,-26.110547573553713,False
HYPER,-26.037470350413223,False
WLD,-24.477545295867774,False
BERA,-23.882675414876033,False
BABY,-22.398421557024793,False
KAITO,-19.74655164297521,False
BIO,-17.146616945454547,False
REZ,-15.388988826446278,False
TRUMP,-14.836705576859504,False
APE,-13.492295345454547,False
kNEIRO,-13.183818099173553,False
ARB,-11.084812056198345,False
0G,-10.418548175206611,False
APT,-10.1835,False
MEGA,-9.814605540495869,False
ICP,-8.971165229752064,False
FTT,-8.474734581818177,False
MERL,-7.620041652892564,False
USTC,-6.914464919008264,False
MINA,-6.848904644628099,False
WLFI,-6.02037805289256,False
IMX,-5.544631140495866,False
SEI,-4.720003834710743,False
DYM,-4.010659576859504,False
CAKE,-3.5638069090909075,False
ATOM,-3.4841473785123966,False
SUI,-2.9365163404958676,False
TIA,-2.471699157024793,False
BANANA,-1.9535502247933874,False
EIGEN,-1.3792496925619826,False
ORDI,-1.2528928462809912,False
JTO,-0.8322876,False
SCR,-0.3593055173553717,False
XRP,-0.12747537520661165,False
