coin,fundingRate_avg_5d,isNew
SUPER,-533.81916344,False
BLUR,-422.83865116999993,False
REZ,-359.53907439999995,False
TNSR,-200.38952819,False
BLAST,-142.65898418,False
ALT,-136.98518547,False
FTT,-136.45293517000005,False
ME,-89.02460448999999,False
2Z,-83.11828033999998,False
SOPH,-80.99253421000002,False
DYM,-78.16087078000001,False
TURBO,-73.54723939,False
ZETA,-73.29384325000001,False
BERA,-73.00480705,False
NIL,-70.69499653000001,False
AXS,-63.34057868000001,False
STABLE,-60.827020780000005,False
MINA,-53.645691770000006,False
JTO,-51.55403956,False
POL,-49.01105609,False
APT,-43.98177437999999,False
MOODENG,-43.74329506,False
BSV,-38.349119200000004,False
AVNT,-37.33221825000001,False
POLYX,-34.934483609999994,False
TRUMP,-33.01175924,False
XAI,-31.994915959999993,False
MOVE,-31.01473255,False
0G,-29.459635449999997,False
EIGEN,-28.869880130000006,False
STRK,-26.622633529999995,False
ANIME,-23.53262821,False
LAYER,-23.25810441,False
ZEC,-23.10038791,False
GAS,-21.196829689999998,False
IMX,-15.784839640000001,False
W,-15.309938869999998,False
ZORA,-14.146837170000005,False
SEI,-13.26004996,False
DASH,-12.957740170000001,False
FET,-12.956327619999998,False
MERL,-12.806028649999998,False
BANANA,-12.456637509999998,False
OP,-12.44088849,False
S,-12.335807179999998,False
AIXBT,-11.88106244,False
CELO,-11.215987909999999,False
MEW,-10.92674293,False
KAS,-10.270153189999998,False
HYPER,-9.6065518,False
kLUNC,-8.540621130000002,False
PROVE,-8.26394967,False
AERO,-8.127822919999998,False
kNEIRO,-7.952136009999999,False
DOT,-7.809336329999998,False
IO,-7.4910687399999984,False
NEO,-7.37139327,False
TIA,-6.986689109999999,False
WLFI,-6.03605829,False
ICP,-5.222331669999998,False
INIT,-2.9569058799999994,False
HBAR,-2.6663600400000003,False
ARK,-2.48886346,False
TST,-2.244101759999999,False
BRETT,-1.4519437199999994,False
kSHIB,-1.4344536499999998,False
STX,-1.2270913099999996,False
MEME,-1.0768930799999994,False
VVV,-0.27749927999999946,False
