coin,fundingRate_avg_5d,isNew
RESOLV,-977.5205743999999,False
WCT,-895.2187727799999,False
ZORA,-483.62882009000003,False
KAITO,-305.26325612,False
BIO,-177.36722107999998,False
TNSR,-121.47720344,False
IP,-105.22224307000002,False
LAYER,-104.79464775999999,False
BSV,-97.04451370000001,False
ME,-92.67807637,False
OM,-90.15118867,False
REZ,-88.68275351999999,False
BLAST,-67.83594203999999,False
YZY,-67.40873801000001,False
MOVE,-64.81913893000001,False
IO,-54.69683775,False
MEW,-47.152817,False
MORPHO,-47.12569677,False
DYM,-45.74458495,False
MOODENG,-45.52327742,False
BERA,-44.674102729999994,False
TURBO,-42.869781440000004,False
GAS,-39.302849599999995,False
ZETA,-38.56353626,False
POPCAT,-38.292405499999994,False
GOAT,-38.04529320000001,False
ZEN,-37.032350310000005,False
USUAL,-36.65712009000001,False
PROVE,-34.40094559,False
XAI,-33.28852122,False
ZK,-31.979062550000002,False
MERL,-24.029868440000005,False
AIXBT,-22.87880152,False
CAKE,-22.34957707,False
SUPER,-21.069920650000004,False
ANIME,-19.877337170000008,False
STX,-17.48001498,False
APT,-17.360738819999998,False
TST,-17.192187660000002,False
HYPER,-17.149081159999998,False
MANTA,-16.073728380000002,False
BRETT,-14.438015189999998,False
COMP,-14.14951992,False
BANANA,-12.732307409999999,False
ETHFI,-12.63817099,False
SOPH,-12.268771280000001,False
YGG,-12.222140340000001,False
MAV,-12.14848626,False
kLUNC,-12.05118675,False
kFLOKI,-11.66924491,False
SAND,-11.644005889999999,False
ALGO,-11.455432290000001,False
INIT,-11.22629332,False
VVV,-9.939464650000001,False
MAVIA,-9.127903210000001,False
GMT,-7.912784630000001,False
PROMPT,-7.839819669999999,False
GRASS,-7.7483229300000005,False
PYTH,-7.084091549999998,False
APE,-7.08103139,False
BABY,-6.961496080000001,False
DOOD,-6.7624958899999985,False
FXS,-6.67497619,False
W,-6.2494650300000005,False
SEI,-5.90497657,False
GMX,-5.73668748,False
INJ,-4.909502579999999,False
OP,-4.097549129999999,False
BLUR,-3.8579594799999994,False
XLM,-3.8332154,False
RSR,-3.7127383899999993,False
MINA,-3.602855869999998,False
ALT,-3.1603576099999997,False
FIL,-2.9674390499999994,False
ETC,-2.966017009999999,False
NXPC,-2.51696773,False
SUSHI,-2.0892621899999995,False
ACE,-1.886536079999999,False
ATOM,-1.727401919999999,False
ADA,-1.32579753,False
NEO,-1.2660543299999998,False
CELO,-1.056320219999999,False
PNUT,-0.2877360699999992,False
TRB,-0.03879585000000063,False
