coin,fundingRate_avg_5d,isNew
YZY,-607.9648748628099,False
ZETA,-291.49061299834705,False
BLUR,-171.0444536429752,False
FTT,-159.90456073388432,False
SAGA,-119.15666491239674,False
COMP,-117.6117672396694,False
BLAST,-115.30253133223138,False
BIO,-115.10796014876033,False
STABLE,-88.94528405950412,False
FET,-80.87560246611568,False
ALT,-79.32165375867767,False
MOVE,-62.359385583471074,False
ACE,-58.005218171900815,False
0G,-44.71656024793388,False
DOT,-44.522652942148746,False
kLUNC,-39.23776593719008,False
BERA,-38.485908168595046,False
TURBO,-37.615383530578505,False
XAI,-36.92606275041322,False
KAITO,-33.886728624793385,False
TRUMP,-29.549449190082647,False
IP,-27.371379441322315,False
JTO,-26.64651622809917,False
W,-23.928392479338843,False
WLD,-21.878760981818182,False
SUPER,-21.719205183471075,False
AVNT,-19.163513553719017,False
S,-18.440480528925622,False
PROVE,-18.297252357024796,False
BANANA,-17.941169216528927,False
OP,-17.3766038677686,False
REZ,-17.1811494446281,False
EIGEN,-16.49653300165289,False
APE,-15.676707768595042,False
AERO,-15.658144532231407,False
RESOLV,-15.535089699173565,False
ETH,-14.411700059504131,False
UMA,-14.260370697520663,False
USUAL,-13.926040591735536,False
TIA,-12.976489170247934,False
SAND,-12.947794740495867,False
MEW,-12.048033421487602,False
DYM,-11.388396733884296,False
HYPER,-11.174618707438018,False
ANIME,-11.011030413223141,False
INIT,-10.376535649586776,False
GAS,-9.949292350413222,False
MEME,-8.744664932231403,False
WCT,-8.026224753719008,False
IO,-7.741396611570249,False
BTC,-7.20455412892562,False
kNEIRO,-6.387647930578511,False
AXS,-5.9108483702479315,False
POLYX,-5.760834456198347,False
SEI,-5.597823163636363,False
BIGTIME,-5.551962753719008,False
ARB,-5.434356495867769,False
ME,-5.385876049586774,False
STRK,-4.497636664462809,False
SUI,-3.4817025421487604,False
APT,-3.394100370247935,False
ARK,-3.386539259504133,False
INJ,-3.2814047801652886,False
PNUT,-2.717989814876033,False
IMX,-1.3990219537190074,False
POL,-1.3495322975206594,False
TAO,-1.2360721983471068,False
SOL,-0.923532773553719,False
2Z,-0.511829424793388,False
