coin,fundingRate_avg_5d,isNew
YZY,-631.8072267669421,False
ZETA,-292.586227646281,False
BLUR,-178.42412885950415,False
FTT,-165.66790880330578,False
COMP,-119.77304602314052,False
SAGA,-119.15666491239674,False
BLAST,-116.9572026644628,False
BIO,-116.34157665123968,False
STABLE,-86.81963241322315,False
FET,-86.70908410909091,False
ALT,-80.68745793719008,False
MOVE,-70.11575093553718,False
ACE,-58.005218171900815,False
0G,-43.851813590082635,False
DOT,-43.00453625454544,False
kLUNC,-39.00056830413223,False
TURBO,-37.9555444661157,False
BERA,-37.784505104132236,False
XAI,-36.67427501157025,False
KAITO,-34.12915185123967,False
IP,-27.057430452892564,False
TRUMP,-26.92682319669421,False
JTO,-25.693792383471077,False
W,-24.13398605950413,False
WLD,-24.083332264462808,False
SUPER,-18.53854547107438,False
S,-18.215053874380164,False
OP,-18.05332907107438,False
BANANA,-18.05114993057851,False
AVNT,-18.00305970247935,False
PROVE,-17.511989305785125,False
REZ,-17.244506687603305,False
AERO,-16.09307563636364,False
EIGEN,-15.737170591735536,False
RESOLV,-15.514474740495878,False
APE,-14.838212876033058,False
ETH,-14.755151424793391,False
USUAL,-14.75453894876033,False
UMA,-14.61711337190083,False
SAND,-13.910169788429753,False
TIA,-13.266238115702478,False
ANIME,-11.46593793719008,False
MEW,-11.45061662479339,False
DYM,-10.884675738842976,False
INIT,-10.654055345454545,False
GAS,-10.022346406611568,False
IO,-9.01748029090909,False
HYPER,-8.919922125619838,False
MEME,-8.820146449586776,False
WCT,-8.294660112396695,False
AXS,-7.495548297520659,False
BTC,-7.206509563636364,False
kNEIRO,-6.832182456198347,False
ARB,-5.446627011570247,False
BIGTIME,-5.350634062809916,False
SEI,-4.9290319140495855,False
STRK,-4.687417358677686,False
ME,-3.853207626446278,False
PNUT,-3.350248244628099,False
SUI,-3.2760676958677686,False
INJ,-3.187504095867768,False
POLYX,-2.829264257851238,False
APT,-2.616218161983471,False
ARK,-2.3783095933884293,False
TAO,-1.9787963999999993,False
2Z,-1.0895289818181815,False
SOL,-1.0320489024793387,False
IMX,-0.7997192231404953,False
PYTH,-0.4549176595041316,False
HYPE,-0.2992698347107437,False
POL,-0.24187301157024613,False
