coin,fundingRate_avg_5d,isNew
TNSR,-551.7169510611569,False
LAYER,-387.9944058644628,False
0G,-144.49635854876033,False
ACE,-143.341594353719,False
ME,-80.41223176859505,False
CHIP,-73.6501604429752,False
FOGO,-69.18742767272727,False
S,-57.799257540495866,False
kNEIRO,-51.960090585123965,False
AXS,-51.88726168264462,False
VVV,-48.47073281652893,False
MINA,-47.55140267107438,False
AIXBT,-47.52703177190083,False
TRUMP,-45.58297275371901,False
STABLE,-45.44495135206611,False
2Z,-43.60550338512396,False
PROVE,-42.68927399008264,False
SUSHI,-40.214993890909085,False
RESOLV,-39.8389307107438,False
kLUNC,-36.089883828099175,False
AVNT,-35.568291709090914,False
KAITO,-34.85304639669421,False
BIO,-34.298569527272726,False
USUAL,-32.41326115041322,False
ADA,-26.170448598347104,False
ZORA,-25.229492836363633,False
BABY,-23.882028188429757,False
XAI,-23.158998059504135,False
IOTA,-22.08306445289256,False
ATOM,-20.143166796694214,False
kSHIB,-20.04773781818182,False
ANIME,-19.96597371570248,False
STRK,-19.413446489256195,False
MEME,-18.635200125619836,False
GAS,-17.62791234049587,False
SNX,-17.195521636363637,False
YGG,-15.301729814876033,False
MERL,-15.115041907438012,False
BIGTIME,-14.661126942148764,False
VIRTUAL,-10.719611276033058,False
RSR,-10.581773761983477,False
HYPER,-9.704587180165289,False
kFLOKI,-9.612993054545454,False
INIT,-9.40302092231405,False
BERA,-9.15223877355372,False
NOT,-9.00504109090909,False
TRX,-8.8455852,False
AVAX,-8.321739371900827,False
SOL,-8.097892413223143,False
IO,-8.087436158677686,False
SUPER,-7.281251186776861,False
ARB,-7.225730885950413,False
SKY,-6.617448793388429,False
BLUR,-6.442425441322313,False
INJ,-6.405243223140495,False
STX,-6.230181500826445,False
DOT,-5.963053626446281,False
ALT,-5.647831904132231,False
RUNE,-5.526597123966941,False
XLM,-5.465883808264461,False
PENGU,-5.147717712396694,False
RENDER,-5.036763986776858,False
ETC,-4.932501163636362,False
DOGE,-3.0136818049586775,False
MORPHO,-2.9621751768595037,False
ARK,-2.896260882644628,False
TIA,-2.870624489256198,False
CRV,-2.3997382909090907,False
XRP,-1.913100743801653,False
KAS,-1.8449689388429749,False
UMA,-1.641806439669421,False
ZETA,-1.579903646280991,False
FIL,-0.7777127999999998,False
MET,-0.35847512727272596,False
