coin,fundingRate_avg_5d,isNew
kBONK,-142.08353759,False
STABLE,-62.07147840991736,False
MOVE,-52.140099173553715,False
0G,-42.860966690000005,False
POLYX,-34.607596264462806,False
SUPER,-34.29642875702479,False
MINA,-33.714903034710744,False
XAI,-33.545205183471076,False
kNEIRO,-30.67303792066115,False
ZETA,-27.54590108429752,False
TRUMP,-25.174940599999996,False
TRX,-22.985839646280986,False
SNX,-22.19282580495868,False
BIGTIME,-20.400767990082652,False
ALT,-19.173960396694213,False
IO,-19.045997067768596,False
ATOM,-18.99456138842976,False
BLUR,-13.152376214876032,False
TRB,-13.11364116,False
ME,-12.996241160330579,False
W,-12.9272707,False
AVNT,-12.726744466115699,False
PENGU,-12.080289768595042,False
SAND,-10.61696579504132,False
STRK,-10.607934307438015,False
CELO,-9.95826230082645,False
RENDER,-9.847171745454544,False
MEME,-9.799635352066115,False
KAS,-9.746270300826444,False
OP,-9.421071590082644,False
PROVE,-8.854366919008264,False
STX,-8.758481117355371,False
BCH,-8.26915982479339,False
WCT,-8.216695388429752,False
HYPER,-7.93106237,False
LIT,-7.269231887603306,False
BSV,-6.732170766942148,False
SEI,-6.386071130578513,False
S,-6.379056614876032,False
ANIME,-6.113446899173551,False
SOPH,-3.979578228099173,False
MORPHO,-3.663366842975206,False
CRV,-3.5292657223140482,False
POPCAT,-3.39160268429752,False
MOODENG,-2.863624452892562,False
NXPC,-2.300370889999999,False
SUSHI,-2.1807274314049585,False
SPX,-2.0597264925619823,False
ICP,-1.9871676297520653,False
YGG,-1.7687185685950406,False
BIO,-1.5713159504132226,False
WLFI,-0.7977449652892562,False
VIRTUAL,-0.5548576760330578,False
NOT,-0.4025082446280978,False
ADA,-0.2769926479338842,False
