coin,fundingRate_avg_5d,isNew
GAS,-995.0909166600002,False
0G,-834.36924829,False
POLYX,-736.23907348,False
KAITO,-430.34405784,False
TST,-310.5807425599999,False
AVNT,-186.33366946,False
WCT,-182.61211923999997,False
TNSR,-149.08848618999997,False
MERL,-147.04430223,False
GMT,-140.69773624999996,False
RESOLV,-127.05988135999999,False
ANIME,-124.54479337999999,False
BLAST,-115.79858965000001,False
BIGTIME,-82.9144804,False
DYM,-82.27103796,False
ZORA,-82.19176215,False
REZ,-69.94710642000001,False
TURBO,-69.38238791,False
ARK,-68.35402742000001,False
USTC,-61.997107119999995,False
LAYER,-61.58691574,False
kLUNC,-59.657211839999995,False
INIT,-58.275832110000024,False
NIL,-53.267607980000015,False
MANTA,-53.22879096,False
VVV,-52.95737623,False
MOVE,-51.44310145999999,False
SOPH,-49.50943439,False
SUPER,-44.666214350000004,False
MOODENG,-42.52681211,False
IMX,-39.67198505,False
CELO,-36.537308110000005,False
HYPER,-35.864256139999995,False
XAI,-31.554318620000004,False
IO,-29.43101507,False
EIGEN,-25.64437002,False
BLUR,-23.554693920000002,False
CFX,-22.66863379,False
OM,-22.14970453,False
PROVE,-20.97326792,False
BABY,-20.592099150000003,False
FXS,-19.034263820000003,False
FET,-18.910487939999996,False
ME,-18.28891338,False
WIF,-18.18677543,False
ZRO,-17.25354197,False
BIO,-16.137863990000003,False
SAGA,-15.81043782,False
NEO,-15.24281464,False
kFLOKI,-14.68540854,False
UMA,-14.446329890000001,False
USUAL,-14.398805429999998,False
NOT,-13.72089093,False
BANANA,-13.113274700000003,False
BSV,-12.351662049999998,False
SUSHI,-12.335601319999999,False
MEW,-12.2893018,False
SEI,-12.1506164,False
kNEIRO,-11.393589609999998,False
2Z,-10.71642044,False
ALT,-9.77135879,False
ZETA,-9.059175899999998,False
FIL,-8.781250300000002,False
ETC,-8.623758640000002,False
CC,-8.464560970000003,False
DOT,-8.07705288,False
STX,-7.952383479999999,False
IP,-7.620432770000002,False
XLM,-6.44499626,False
GMX,-6.24260303,False
SKY,-6.23003024,False
ATOM,-5.089220549999999,False
POL,-4.81475369,False
kSHIB,-4.16214902,False
JUP,-2.63956466,False
S,-2.522628149999999,False
HMSTR,-2.5139820300000024,False
TRUMP,-2.2317194999999996,False
BOME,-1.188412989999999,False
APT,-0.9105362999999999,False
PAXG,-0.6225783100000003,False
AR,-0.4673299399999999,False
SCR,-0.0670840799999993,False
ADA,-0.030945430000000038,False
