coin,fundingRate_avg_5d,isNew
BLAST,-207.90432337190083,False
STABLE,-86.58880641322315,False
CHIP,-86.47724672727271,False
YZY,-41.25826934876032,False
REZ,-39.76488843966942,False
kLUNC,-37.16919836033059,False
COMP,-34.06105914049587,False
WLD,-32.7110026909091,False
BERA,-31.4297687107438,False
APE,-31.246538469421484,False
TRUMP,-26.86308587107438,False
BIO,-25.789217742148757,False
XAI,-23.880132119008266,False
kNEIRO,-23.418352700826446,False
MERL,-21.010789051239673,False
2Z,-20.59351622479339,False
KAITO,-20.572524079338844,False
WLFI,-19.140419008264463,False
IMX,-13.72621268429752,False
BABY,-13.547437011570246,False
USTC,-12.612521305785124,False
ARB,-12.161339315702481,False
CAKE,-12.119850942148762,False
ICP,-10.148677914049586,False
SEI,-10.093447923966943,False
GRIFFAIN,-8.037424522314053,False
MON,-7.432380009917355,False
APT,-7.424151401652893,False
BANANA,-6.432108912396693,False
SUI,-5.223558317355373,False
0G,-5.097716935537189,False
MINA,-3.685156076033057,False
ALT,-3.5053726413223134,False
GAS,-3.22569841983471,False
TIA,-2.7480670214876035,False
XRP,-2.690965576859504,False
DYM,-2.3560751206611563,False
MOVE,-1.8881419834710733,False
GALA,-1.5834445685950405,False
BTC,-1.4567525256198348,False
ZETA,-1.4382689256198338,False
BIGTIME,-1.239591401652892,False
PURR,-1.085314046280989,False
SUSHI,-0.4856131338842973,False
TURBO,-0.28096867438016465,False
POLYX,-0.10833006942148761,False
ATOM,-0.05825979173553654,False
