coin,fundingRate_avg_5d,isNew
YZY,-401.49095310999996,False
ZETA,-287.68839954,False
BLUR,-268.1004424,False
FTT,-195.09401913000002,False
SUPER,-166.42408819,False
MOVE,-139.49794986,False
BLAST,-138.05983599,False
COMP,-128.65537739,False
STABLE,-108.76128014999999,False
SAGA,-99.03882917000006,False
ALT,-90.23757249,False
FET,-78.10440455,False
WLD,-64.17226184,False
ACE,-63.961418859999995,False
MEME,-55.351271800000006,False
kNEIRO,-44.8041734,False
IP,-40.736126490000004,False
AXS,-31.219555949999997,False
kLUNC,-29.75260489,False
BOME,-28.633175440000002,False
KAITO,-28.60327245,False
0G,-27.776462040000002,False
BIO,-27.49244605,False
XAI,-27.46668435,False
JTO,-20.84530914,False
BANANA,-19.606791870000013,False
BERA,-17.883335600000002,False
OP,-17.70762168,False
TRUMP,-17.65362942,False
PROVE,-16.575811429999998,False
UMA,-16.362065240000003,False
W,-15.280162169999999,False
TIA,-15.028180039999999,False
S,-14.288245469999996,False
IO,-13.42648485,False
PNUT,-12.95524211,False
USUAL,-12.80706233,False
AERO,-12.689573209999999,False
SAND,-12.578063519999999,False
ETH,-11.67182473,False
2Z,-11.593882630000001,False
ANIME,-11.38877745,False
TURBO,-10.537538319999998,False
USTC,-10.52080307,False
ARB,-10.21309347,False
TAO,-9.903553030000001,False
EIGEN,-9.499389990000001,False
DYM,-9.12875001,False
PYTH,-8.732979779999999,False
DASH,-7.763224419999998,False
INIT,-7.614152579999998,False
AVNT,-7.5437207200000005,False
APE,-6.628594180000003,False
GAS,-6.424185419999999,False
JUP,-4.533269339999999,False
STRK,-4.19525452,False
BTC,-4.00864754,False
MOODENG,-2.6200846099999993,False
TON,-2.421127489999999,False
WCT,-2.219194890000002,False
LAYER,-2.138802909999999,False
REZ,-1.8908138799999992,False
IOTA,-1.495759049999999,False
ENA,-1.4544271799999993,False
YGG,-1.3778662399999997,False
SOL,-1.1445465599999998,False
ARK,-1.1303721499999992,False
DOT,-0.9009864399999999,False
MANTA,-0.5091735399999988,False
APT,-0.38835343,False
IMX,-0.2513185599999999,False
TNSR,-0.20144057999999976,False
