coin,fundingRate_avg_5d,isNew
ALT,-286.9130489355372,False
ZORA,-174.7263656231405,False
IO,-119.69732994049586,False
CHIP,-50.608132274380154,False
0G,-48.34573196033057,False
ME,-45.992365199999995,False
TRUMP,-41.63171683636364,False
COMP,-35.67970080991736,False
JUP,-32.18330970247934,False
BCH,-28.368726436363637,False
TRX,-26.94866600330578,False
kLUNC,-24.304905242975206,False
2Z,-22.420604628099174,False
MOVE,-21.736136598347112,False
STABLE,-18.043250003305786,False
HYPER,-18.032547600000004,False
ETC,-17.366543623140497,False
S,-16.745513920661157,False
STRK,-16.623293097520662,False
HEMI,-16.568501107438017,False
STX,-15.837232234710743,False
POLYX,-15.61151599338843,False
OP,-15.299960439669423,False
MON,-14.358807758677687,False
MINA,-13.125266548760331,False
kNEIRO,-13.007389527272728,False
ADA,-12.58958241322314,False
APT,-12.450087014876035,False
INJ,-11.451646105785125,False
BSV,-10.951153279338845,False
BABY,-10.619854423140495,False
SUSHI,-10.4434692892562,False
XLM,-10.197657897520662,False
SNX,-9.003714059504132,False
AXS,-8.166360138842975,False
DASH,-8.078130287603305,False
SEI,-7.5618578776859495,False
TON,-7.227055745454544,False
CRV,-6.792660376859502,False
GMT,-6.12771773553719,False
MEGA,-5.99924328595041,False
JTO,-5.6916572429752055,False
SAND,-5.686354185123965,False
ZETA,-5.438974680991736,False
AIXBT,-5.188163573553718,False
PENGU,-5.01240467107438,False
TURBO,-4.3440137752066095,False
ONDO,-4.343061034710742,False
ATOM,-4.04199394,False
VIRTUAL,-3.6727776892561974,False
PROVE,-3.5734356694214857,False
PENDLE,-3.3672723272727265,False
MERL,-2.837430604958676,False
XRP,-2.6682713851239668,False
INIT,-2.408276033057851,False
ZK,-1.9619750280991735,False
NOT,-1.8130600958677676,False
BLUR,-1.7084381851239667,False
DOT,-1.6910571867768596,False
KAITO,-1.4587347471074377,False
LAYER,-0.8496852495867759,False
SAGA,-0.4810420066115694,False
kBONK,-0.16493704462809855,False
