coin,fundingRate_avg_5d,isNew
0G,-1182.8251696462812,False
POLYX,-639.3789559338843,False
AVNT,-598.2694154578511,False
MOVE,-548.0312324628098,False
GAS,-435.38403233057846,False
BANANA,-387.2526981123967,False
LAYER,-383.1131673520661,False
KAITO,-367.23956446611567,False
ANIME,-321.94374161652894,False
RESOLV,-202.95767082644628,False
TNSR,-196.06283482314046,False
MERL,-129.79706768925618,False
INIT,-102.69488883966942,False
BLAST,-91.0476833355372,False
2Z,-78.74551145454546,False
MOODENG,-75.63683939504133,False
NIL,-71.75998628429753,False
SUPER,-69.31175958347107,False
HMSTR,-64.5880244231405,False
VVV,-64.33364415867769,False
BIO,-56.71609078016529,False
ZORA,-51.62651340495867,False
USTC,-49.91880135867768,False
IMX,-49.47720107107438,False
DYM,-46.04808965950413,False
SOPH,-45.58527858842975,False
TURBO,-36.25756543140497,False
OM,-31.74815634049586,False
REZ,-31.459675061157032,False
FXS,-30.58294313057851,False
BIGTIME,-29.17450526280991,False
MANTA,-28.706331768595035,False
ARK,-28.664730456198342,False
ME,-25.297891061157024,False
WCT,-24.986219672727273,False
IP,-24.73888143471074,False
HYPER,-24.40088878016529,False
IO,-24.055636185123962,False
XAI,-21.696005662809924,False
FET,-19.88294556694216,False
NOT,-18.231087570247936,False
kLUNC,-17.371116922314048,False
CELO,-16.2517547107438,False
MEME,-16.067259699173555,False
ETC,-15.631982538842976,False
PROVE,-14.836945209917351,False
TRUMP,-13.563379487603306,False
ADA,-13.440128459504134,False
BABY,-13.358392591735537,False
UMA,-13.35228810247934,False
GMX,-12.191462132231404,False
ZETA,-11.103381084297519,False
STX,-10.81165281322314,False
CFX,-10.759911619834714,False
NEO,-10.03121789752066,False
DOT,-10.00760281983471,False
BLUR,-9.895941778512396,False
DOOD,-9.305776958677688,False
SKY,-8.752300611570247,False
GOAT,-8.735103500826451,False
CC,-8.398732532231403,False
SUSHI,-8.377801923966942,False
S,-7.286203120661155,False
BERA,-7.102686912396694,False
RSR,-6.777363679338841,False
BSV,-6.384603649586776,False
kFLOKI,-5.920990423140496,False
SYRUP,-4.494063163636361,False
EIGEN,-4.4023959173553715,False
YGG,-4.221530876033056,False
SEI,-3.474659791735537,False
POL,-3.1120334380165273,False
MELANIA,-2.157973874380164,False
JUP,-1.968955517355371,False
ZRO,-1.4409106809917354,False
BCH,-1.1881615140495865,False
ALT,-0.6896378776859501,False
kSHIB,-0.6369540793388427,False
MAV,-0.5347762809917348,False
TIA,-0.32494387438016503,False
