coin,fundingRate_avg_5d,isNew
TRUMP,-76.88761061999999,False
STABLE,-55.87012003,False
kNEIRO,-40.37620802,False
MOVE,-37.97966109,False
TRX,-33.743307570000006,False
BRETT,-30.033994340000003,False
LAYER,-29.820834339999998,False
IO,-25.536866569999997,False
ME,-23.851857940000002,False
EIGEN,-23.08058082,False
MINA,-19.061178190000003,False
VVV,-19.05500677,False
HYPER,-18.23733304,False
0G,-17.87575893,False
GAS,-16.353249030000004,False
AVAX,-15.159384399999999,False
ADA,-13.911994710000002,False
XAI,-13.49237319,False
KAITO,-11.67486956,False
CHIP,-10.829129519999999,False
XLM,-9.42944723,False
UMA,-9.30551002,False
ZORA,-9.264246040000003,False
SKR,-7.945551410000001,False
DOT,-6.987408890000001,False
kLUNC,-5.9659198899999994,False
IP,-5.79625329,False
BLUR,-5.71653802,False
SOPH,-5.614621260000001,False
kSHIB,-5.35313891,False
MOODENG,-5.346398089999999,False
2Z,-4.822550819999999,False
POLYX,-3.5482540599999988,False
ORDI,-3.05549822,False
BABY,-2.971633629999999,False
ATOM,-2.8770628599999992,False
BCH,-2.71553138,False
ALT,-2.5431535599999986,False
NOT,-1.5691656599999995,False
SEI,-1.5269439199999997,False
OP,-1.511143799999999,False
RENDER,-1.3798766599999992,False
ETC,-1.2960106099999988,False
BNB,-1.2588171099999996,False
IOTA,-0.9769078999999999,False
SUSHI,-0.9572088499999996,False
STRK,-0.49975581,False
INIT,-0.4504202199999992,False
XRP,-0.3935583299999999,False
APE,-0.34469285999999905,False
AIXBT,-0.21218106999999903,False
