coin,fundingRate_avg_5d,isNew
HYPER,-348.0806104561984,False
YZY,-249.3939559041322,False
STABLE,-238.74096551404955,False
SKR,-170.23003427107443,False
BLAST,-160.71113375206613,False
CHIP,-159.56887101818185,True
0G,-88.5786259338843,False
AXS,-85.83002752066116,False
APE,-83.89649787768596,False
TRUMP,-60.63437362314049,False
BIO,-60.36896951404959,False
kNEIRO,-39.63824490247934,False
COMP,-35.00567600330579,False
REZ,-31.243444234710747,False
2Z,-30.91330879338843,False
AZTEC,-30.093947623140494,False
MORPHO,-26.986375993388428,False
TRX,-25.97407763305785,False
kLUNC,-24.583004112396694,False
BANANA,-20.62772728264463,False
ALT,-20.506533044628096,False
INJ,-19.149445428099174,False
MINA,-18.99725599338843,False
BLUR,-16.938716806611573,False
STRK,-14.971459715702482,False
CAKE,-14.673215742148761,False
BERA,-14.496908796694212,False
EIGEN,-13.637186469421486,False
BABY,-13.202093196694214,False
WLD,-12.78867042644628,False
POL,-12.715277553719009,False
AVNT,-11.593930948760327,False
JUP,-10.224240515702478,False
JTO,-9.897399847933883,False
PROVE,-9.490396492561985,False
DYM,-9.288174426446282,False
WLFI,-9.083359110743801,False
MOVE,-8.94623036033058,False
PNUT,-8.910348386776858,False
S,-8.897448019834712,False
MON,-8.303329616528925,False
KAITO,-8.002875371900826,False
USTC,-7.5667996760330585,False
NOT,-7.489615388429751,False
XAI,-7.044848469421485,False
TIA,-6.920982069421488,False
SUI,-5.959322300826447,False
ZK,-5.645581090909089,False
AERO,-5.313800796694212,False
TST,-4.691648221487601,False
DOT,-4.31190801322314,False
W,-4.235501266115704,False
UMA,-3.367469970247933,False
IMX,-3.074569596694215,False
ACE,-2.6616101652892565,False
SOL,-2.280867262809917,False
TAO,-1.6984148628099172,False
SNX,-1.2923693157024787,False
USUAL,-1.03112005289256,False
FET,-1.0287968429752057,False
INIT,-0.8638424231404946,False
ICP,-0.8098822710743796,False
PEOPLE,-0.38428961652892507,False
ETH,-0.13718159999999993,False
