coin,fundingRate_avg_5d,isNew
BLAST,-174.18154342000003,False
kLUNC,-68.77188161,False
IO,-67.77293647,False
STABLE,-61.047962580000004,False
WIF,-53.46758564,False
HYPER,-53.035859259999995,False
COMP,-51.35048928,False
CHIP,-45.649546249999986,False
NIL,-30.76793196,False
STX,-29.793110400000003,False
MEGA,-24.600948170000002,False
BLUR,-24.420793659999994,False
XAI,-20.83057044,False
BABY,-17.552918620000003,False
KAITO,-17.299202010000002,False
2Z,-16.778057930000006,False
BANANA,-14.821023560000002,False
ATOM,-9.491405250000001,False
APE,-9.05561277,False
FTT,-8.63660737,False
DYM,-8.60596051,False
kNEIRO,-5.206073839999999,False
MINA,-5.126678309999997,False
APT,-4.737217469999999,False
BERA,-3.4954940399999983,False
EIGEN,-3.297068359999998,False
ORDI,-3.0843697199999998,False
ARB,-2.9278256000000003,False
BIO,-2.8457918499999986,False
S,-2.59654941,False
USTC,-2.21886128,False
YZY,-2.13952999,False
MERL,-1.4686767799999998,False
SUI,-0.65209367,False
0G,-0.41256168999999826,False
