coin,fundingRate_avg_5d,isNew
POLYX,-666.65085842,False
REZ,-559.9840665299998,False
SUPER,-483.62474084999997,False
GAS,-256.69315506999993,False
ZETA,-226.73860224999999,False
BERA,-187.02439108000002,False
FTT,-174.76501271000004,False
ALT,-145.93995312,False
2Z,-115.44748812,False
BLAST,-106.69777017,False
JTO,-96.69764836,False
ME,-88.91211003,False
NIL,-77.55628624,False
TURBO,-75.75483531,False
SOPH,-70.63672282,False
BSV,-53.89795130000001,False
AVNT,-50.795338150000006,False
STABLE,-49.27390938,False
MOODENG,-44.960065629999995,False
0G,-43.20159564,False
MOVE,-42.311727829999995,False
TRUMP,-38.548296779999994,False
XAI,-38.2621105,False
IO,-37.76209407999999,False
APT,-36.92704708000001,False
BLUR,-36.76212256,False
LAYER,-36.03839618,False
CELO,-33.4942469,False
ZORA,-32.88791400999999,False
AXS,-31.639027089999995,False
EIGEN,-30.574233760000002,False
BANANA,-28.32232684,False
STRK,-27.17008535,False
DYM,-26.398933060000005,False
MEW,-26.218937690000004,False
PROVE,-25.010965080000002,False
AERO,-23.997255690000003,False
kNEIRO,-23.293501380000002,False
S,-19.85143823,False
kLUNC,-19.784519860000003,False
IMX,-19.72809743,False
KAS,-19.529686350000006,False
HYPER,-18.53277134,False
W,-18.136504710000004,False
MERL,-17.3951992,False
FET,-16.920064829999998,False
AIXBT,-15.526693390000002,False
ANIME,-15.339657169999999,False
OP,-14.800592320000002,False
SEI,-14.383392940000002,False
DOT,-11.409359799999999,False
kFLOKI,-10.569997039999999,False
ACE,-9.9704422,False
ENA,-8.978281679999998,False
kBONK,-8.739170179999999,False
MINA,-8.481898469999999,False
HEMI,-7.712033169999996,False
MEME,-7.233186749999999,False
INIT,-5.78797947,False
BABY,-5.3686959399999985,False
ALGO,-4.67089405,False
POL,-4.5461699,False
TIA,-4.40154303,False
DOOD,-4.341646530000001,False
PENGU,-4.325276279999999,False
kSHIB,-3.8293201199999998,False
BTC,-3.288241199999999,False
SNX,-3.2133154600000005,False
XRP,-2.86328411,False
STX,-2.7684140399999992,False
SOL,-2.5864213899999995,False
VVV,-2.310274799999999,False
NEO,-2.208671209999999,False
VIRTUAL,-2.1617117699999993,False
SCR,-1.198354859999999,False
DASH,-1.1523239799999991,False
ZEC,-0.9450842799999989,False
ARK,-0.23155088999999965,False
HBAR,-0.16992502000000004,False
