coin,fundingRate_avg_5d,isNew
MOVE,-319.50280767000004,False
SOPH,-227.76788545999995,False
LAYER,-182.84580684,False
STABLE,-148.10249052000003,False
ME,-75.42260136,False
ZEC,-58.131103769999996,False
TRX,-56.3306106,False
TRUMP,-51.72780438,False
HMSTR,-47.81185297,False
IO,-45.143116049999996,False
AVNT,-38.529343059999995,False
CHIP,-38.453892450000005,False
EIGEN,-33.74060876,False
kLUNC,-32.426235000000005,False
kNEIRO,-31.943412999999996,False
UMA,-30.389058310000003,False
MERL,-26.5667586,False
ALT,-24.03345493,False
ZORA,-23.49641802,False
IP,-22.739712429999997,False
POL,-21.045094810000002,False
SEI,-20.22772549,False
TON,-19.94029748,False
0G,-19.912910800000002,False
AIXBT,-19.558210369999998,False
S,-19.29974584,False
SNX,-18.94039896,False
W,-18.331811100000003,False
JUP,-18.16310372,False
XLM,-15.18930272,False
WLD,-14.59108451,False
ZK,-13.855698569999998,False
SAGA,-13.552460950000002,False
MOODENG,-12.58264792,False
OP,-11.93352316,False
STRK,-11.733773990000001,False
VIRTUAL,-10.59836411,False
MINA,-10.354881370000001,False
BRETT,-9.713542789999998,False
ETC,-9.237091499999998,False
AVAX,-9.108655299999999,False
AERO,-8.505812539999999,False
APT,-8.268047889999998,False
ADA,-8.10773332,False
BABY,-7.879079069999999,False
PNUT,-7.239842159999999,False
PYTH,-6.809440729999999,False
SAND,-6.307091959999999,False
HYPER,-6.04904645,False
FIL,-5.78824884,False
INJ,-4.261454569999999,False
ICP,-3.8531582699999993,False
PROVE,-3.7370780499999983,False
TIA,-3.7016394700000004,False
SOL,-3.53381539,False
SUSHI,-3.03829139,False
MORPHO,-2.604727599999999,False
XAI,-2.2965332799999993,False
2Z,-2.283415909999999,False
XRP,-2.2475605,False
ZEN,-1.6918450799999996,False
ALGO,-1.6605616599999997,False
KAS,-1.5379391799999989,False
KAITO,-1.3973864399999998,False
POPCAT,-1.10241607,False
JTO,-0.6651898699999998,False
ARB,-0.5588434699999999,False
