coin,fundingRate_avg_5d,isNew
SOPH,-244.1344605917355,False
TRUMP,-89.85376700826446,False
MOVE,-61.15709730247935,False
TRX,-53.813240350413224,False
EIGEN,-35.187155692561994,False
BRETT,-34.89063548429752,False
UMA,-29.022106601652887,False
ME,-27.929964099173553,False
LAYER,-27.880004588429756,False
STABLE,-27.43392439338843,False
CHIP,-25.15614557355372,False
XLM,-24.511132294214878,False
kNEIRO,-22.345628439669422,False
IO,-19.73767725619835,False
ALT,-17.835629315702484,False
MOODENG,-17.392843894214877,False
GAS,-17.305532757024796,False
MINA,-15.198062816528923,False
ZORA,-13.497656320661159,False
IP,-11.372904565289256,False
AVAX,-9.696703180165288,False
SKR,-8.194229970247934,False
POL,-7.871664327272728,False
AIXBT,-7.670342876033058,False
NOT,-6.393160214876033,False
2Z,-6.332320928925619,False
kLUNC,-5.716010766942149,False
ETC,-5.259618386776858,False
IOTA,-5.083987626446281,False
0G,-4.444354145454545,False
STRK,-4.408698049586775,False
HYPER,-3.8688380727272724,False
SEI,-3.488255166942148,False
JUP,-2.437085573553718,False
SNX,-2.142120446280991,False
FIL,-2.116009854545454,False
ZEC,-1.9451254214876017,False
OP,-1.7626133553719,False
ZEN,-1.7545910776859497,False
POLYX,-1.7027470809917353,False
ORDI,-1.6858098743801653,False
XAI,-1.6067403768595032,False
APE,-1.2623572661157012,False
W,-1.1424096991735522,False
KAITO,-1.0132170743801652,False
SAND,-0.9509841520661149,False
RENDER,-0.628808727272726,False
