coin,fundingRate_avg_5d,isNew
DOOD,-514.40050863,False
0G,-184.71248181,False
REZ,-94.08606314000001,False
KAITO,-59.911312429999995,False
BLAST,-41.95703542999999,False
CELO,-34.14864809999999,False
APT,-29.42521303,False
MEME,-0.4788799999999988,False
