coin,fundingRate_avg_5d,isNew
TNSR,-541.8877966809916,False
LAYER,-388.0588483338843,False
0G,-147.3872512165289,False
ME,-80.5670101090909,False
CHIP,-74.31225137851239,False
FOGO,-69.55847882975206,False
ACE,-57.1603530942149,False
S,-56.849884938842976,False
kNEIRO,-50.55626945454546,False
TRUMP,-49.18366215867769,False
MINA,-47.34102294545455,False
AIXBT,-46.35580529256198,False
2Z,-43.29494980165289,False
SUSHI,-43.03695115041322,False
PROVE,-42.78427872396694,False
STABLE,-41.866655692561984,False
AVNT,-41.61846027768595,False
USUAL,-39.07229243305785,False
VVV,-38.718085814876034,False
RESOLV,-36.402601348760335,False
ZORA,-34.52646346115702,False
BIO,-32.41865036033057,False
kLUNC,-31.955150072727275,False
KAITO,-29.955557722314047,False
ADA,-26.990496813223146,False
AXS,-26.75207567603306,False
IOTA,-26.053711100826444,False
BABY,-24.23733378842976,False
XAI,-21.797320492561983,False
kSHIB,-21.339964512396694,False
MERL,-20.470417229752062,False
ANIME,-19.67080804958678,False
STRK,-18.61210196033058,False
SNX,-17.107085454545455,False
MEME,-17.041381110743803,False
ATOM,-16.31519303801653,False
GAS,-15.613418578512393,False
YGG,-15.002811828099174,False
BIGTIME,-12.900288029752069,False
VIRTUAL,-12.549476816528923,False
kFLOKI,-11.637719365289255,False
TRX,-10.874203557024792,False
HYPER,-9.109591328925621,False
BERA,-8.878837001652894,False
STX,-8.861684052892562,False
NOT,-8.505726158677687,False
AVAX,-8.426721094214876,False
INIT,-8.402855523966943,False
SOL,-8.335819080991735,False
ARB,-7.5589337752066115,False
DOT,-7.5124268628099165,False
SKY,-7.185700581818182,False
IO,-6.771117292561984,False
PENGU,-6.65281892231405,False
INJ,-6.122429880991736,False
RUNE,-5.909669028099173,False
RSR,-5.758662555371901,False
SUPER,-5.581489021487602,False
RENDER,-5.329403008264462,False
ZETA,-5.0007357719008265,False
ETC,-4.932501163636362,False
ALT,-4.905915649586777,False
XLM,-4.384010776859505,False
MNT,-3.783723451239669,False
DOGE,-3.0020447603305787,False
BLUR,-2.98598138181818,False
KAS,-2.8232625719008255,False
CRV,-2.811823170247934,False
ARK,-2.775736314049586,False
TIA,-2.6646392429752064,False
XRP,-2.2109595669421487,False
NIL,-1.9243425024793368,False
IP,-1.5856041619834689,False
W,-1.5729796264462803,False
ETH,-1.5217582413223143,False
FIL,-1.3603519834710747,False
MORPHO,-0.648299365289256,False
