coin,fundingRate_avg_5d,isNew
TRUMP,-68.09303001322316,False
STABLE,-62.845331018181824,False
VVV,-62.11316008264464,False
kNEIRO,-38.735357494214874,False
CHIP,-34.066900105785116,False
0G,-30.786295309090907,False
LAYER,-28.157468538842974,False
TRX,-27.024248152066118,False
IO,-26.570018985123966,False
MOVE,-25.197536935537187,False
BRETT,-23.892184720661156,False
BLUR,-22.660043662809922,False
ADA,-22.395797176859503,False
ME,-22.297283375206614,False
HYPER,-22.198746406611566,False
KAITO,-19.50107834380165,False
EIGEN,-19.160213712396697,False
GAS,-18.828214780165293,False
MINA,-17.75954183801653,False
XAI,-16.518438069421485,False
kSHIB,-13.579234363636365,False
AVAX,-12.992246310743804,False
IP,-12.16212481983471,False
ATOM,-11.01849668429752,False
BABY,-9.856360333884298,False
DOT,-8.217234743801653,False
INIT,-7.335327173553718,False
ICP,-7.256606628099173,False
POLYX,-5.448599821487602,False
XLM,-4.971276833057852,False
BCH,-4.682549404958679,False
OP,-3.937095123966942,False
SUSHI,-3.8341506446280986,False
kLUNC,-3.5973338181818177,False
USUAL,-3.395951553719006,False
UMA,-3.195019596694215,False
IOTA,-3.124946112396694,False
NOT,-1.9848350082644624,False
RENDER,-1.5436169752066107,False
ZORA,-1.2425205719008252,False
SAGA,-0.9385514677685942,False
ANIME,-0.8742921619834698,False
ARK,-0.8256299999999993,False
ALT,-0.7637916396694209,False
SEI,-0.47485643305785075,False
STRK,-0.473876181818181,False
REZ,-0.3072747371900816,False
ARB,-0.1950547933884297,False
ORDI,-0.0019771537190081726,False
