coin,fundingRate_avg_5d,isNew
YZY,-389.10764556000004,False
PROVE,-358.8943967999999,False
OM,-354.97511513,False
BLAST,-261.58139129,False
ME,-192.28350161,False
ZORA,-180.66360616,False
REZ,-173.42565908,False
IP,-170.00394906,False
APT,-155.95050955,False
0G,-129.88891095000002,False
ATOM,-128.11587527,False
AVNT,-105.96941340000002,False
DOOD,-104.43458475,False
VVV,-103.35324232,False
MOODENG,-100.09404198,False
TRUMP,-94.13234952,False
IO,-94.03801089,False
GRASS,-90.0922419,False
VINE,-83.70958982999998,False
BIO,-77.69197060999998,False
BERA,-72.51511429,False
ZETA,-68.71438097,False
SOL,-66.59011601,False
INIT,-59.58102392999999,False
KAITO,-59.27590072000001,False
HYPER,-54.61188619,False
SYRUP,-53.58456303,False
USUAL,-51.77016701000001,False
PURR,-50.50349364000001,False
RESOLV,-48.622616519999994,False
PENGU,-46.87934878,False
ASTER,-44.035692179999984,False
IOTA,-43.61158408,False
TURBO,-40.82986433,False
DYM,-40.69257468999999,False
SAGA,-39.21844481,False
kFLOKI,-38.458325009999996,False
FARTCOIN,-37.477506499999976,False
AI16Z,-36.22138381999999,False
ONDO,-30.32740762,False
XPL,-29.02826020000001,False
MORPHO,-28.57095461999999,False
SKY,-28.46856044,False
APEX,-27.111807990000006,False
ALGO,-25.822923640000006,False
STBL,-25.65988981999999,False
MELANIA,-24.867197420000004,False
STX,-24.71798104,False
AVAX,-23.75004484,False
S,-22.92560766,False
SPX,-21.10519863,False
ANIME,-20.881642699999997,False
DOGE,-20.82594005,False
MEW,-20.4153333,False
AR,-19.86835671,False
kPEPE,-18.98398799,False
LAYER,-18.587907509999997,False
BABY,-18.01091332,False
EIGEN,-15.895185710000002,False
HYPE,-15.403170090000003,False
SAND,-13.985342190000004,False
CELO,-13.618205479999999,False
PUMP,-13.227902950000002,False
W,-13.200957189999999,False
XRP,-11.42642939,False
RENDER,-11.012861029999998,False
STRK,-10.691010599999997,False
PNUT,-10.508858810000001,False
WLFI,-10.10201448,False
NOT,-9.07578267,False
UMA,-7.824386739999998,False
GOAT,-7.006377209999999,False
AIXBT,-5.939116480000001,False
ENA,-5.6245762699999995,False
HBAR,-4.688810440000001,False
MON,-4.529761689999999,True
MERL,-3.9619275399999996,False
POPCAT,-3.761652040000004,False
CRV,-3.544344909999998,False
TAO,-3.3879905900000007,False
2Z,-3.0282122799999995,False
GMX,-2.88866256,False
LINEA,-2.6900375899999975,False
WCT,-2.6581015499999996,False
kNEIRO,-2.61480452,False
ETH,-2.3183923999999996,False
INJ,-1.9058723199999994,False
NXPC,-1.311357399999999,False
