coin,fundingRate_avg_5d,isNew
TRUMP,-75.24839058842976,False
STABLE,-62.71975098842976,False
kNEIRO,-40.41792906446281,False
MOVE,-38.43502342809918,False
VVV,-36.00643795041322,False
TRX,-32.33107497520662,False
IO,-30.173804072727275,False
LAYER,-30.105134360330574,False
BRETT,-26.267990112396696,False
0G,-25.563513084297522,False
ME,-24.04361181818182,False
EIGEN,-20.03892714049587,False
GAS,-19.427394436363635,False
MINA,-17.288211123966942,False
KAITO,-17.194683282644622,False
XAI,-17.0157280661157,False
HYPER,-16.708544548760333,False
AVAX,-15.681321609917358,False
IP,-15.653671864462806,False
CHIP,-15.552966614876034,False
ADA,-14.327905953719009,False
BLUR,-13.941070145454544,False
kSHIB,-9.412092952066116,False
SKR,-7.728191454545454,False
ATOM,-7.636590089256198,False
DOT,-7.634682436363637,False
ZORA,-7.618755887603305,False
XLM,-7.414112876033056,False
kLUNC,-6.692864429752065,False
UMA,-6.153485166942148,False
BABY,-5.572926664462809,False
POLYX,-4.991628267768595,False
2Z,-4.2258493388429725,False
BCH,-3.9449740561983475,False
INIT,-3.9326651702479336,False
ORDI,-2.65632882644628,False
MOODENG,-2.6425307404958667,False
STRK,-2.4035615603305787,False
IOTA,-2.1178371471074375,False
OP,-1.7046236033057838,False
SUSHI,-1.475336033057851,False
ICP,-1.3814990578512378,False
RENDER,-1.277976852892561,False
ETC,-1.2623493024793377,False
SEI,-1.1949219173553713,False
NOT,-1.026163775206611,False
BNB,-0.7063180760330577,False
APE,-0.6675098280991728,False
ARB,-0.17938235702479344,False
ALT,-0.17287751404958598,False
