coin,fundingRate_avg_5d,isNew
BLUR,-300.54180373,False
ME,-166.08770638000001,False
STABLE,-77.75701142,False
ZETA,-38.11647404,False
HMSTR,-30.202831660000005,False
MINA,-28.340335210000003,False
CELO,-28.03896347,False
ATOM,-25.88583285,False
kNEIRO,-24.713411970000003,False
HYPER,-15.152814400000002,False
0G,-14.61340207,False
IOTA,-13.378692480000002,False
MANTA,-9.496081629999999,False
DYDX,-9.29429795,False
SNX,-6.702480399999999,False
AIXBT,-6.257175289999999,False
TRUMP,-5.907224239999999,False
ZORA,-4.414369859999999,False
W,-4.4056142399999985,False
MEME,-4.322603019999999,False
TRX,-4.013040679999998,False
ANIME,-1.2475057599999992,False
PYTH,-0.6779217999999997,False
BCH,-0.5338307500000001,False
