coin,fundingRate_avg_5d,isNew
TNSR,-471.63488359,False
LAYER,-310.78501615537186,False
ACE,-153.30868687933886,False
VVV,-92.45634056528927,False
CHIP,-73.03550237355371,False
AXS,-57.97798398347109,False
STABLE,-54.39034480661158,False
0G,-48.63799886280992,False
RESOLV,-47.83193044958677,False
TRUMP,-47.43113873057851,False
ME,-46.73623082,False
KAITO,-42.540370641322305,False
S,-42.42734347438017,False
kNEIRO,-38.71403014,False
MINA,-38.58735186446281,False
GAS,-37.10068140495867,False
kLUNC,-36.546489054545454,False
AVNT,-34.083156059504134,False
BLUR,-33.933519332231405,False
AIXBT,-33.715534719999994,False
PROVE,-33.49373547768595,False
BABY,-31.943334208264464,False
ATOM,-31.21850864132231,False
XAI,-29.645321900000006,False
USUAL,-28.778202862809923,False
ANIME,-28.47917121322314,False
ADA,-26.4134010446281,False
HYPER,-22.54201098842975,False
kSHIB,-21.04410600991736,False
BIO,-20.334775507438014,False
RSR,-19.561558542148763,False
YGG,-16.972993021487603,False
STRK,-16.890251629999998,False
XLM,-14.73858685,False
MEME,-14.262345679338843,False
2Z,-14.218119986776859,False
IO,-14.156202340000002,False
ZORA,-13.043278740495868,False
INIT,-10.975563272727273,False
DOT,-10.665407147107437,False
IOTA,-10.60110964,False
BIGTIME,-10.037569983471075,False
ARK,-9.354348624793392,False
ALT,-7.804354080000001,False
ICP,-7.592181957024793,False
UMA,-7.56627626,False
MORPHO,-7.421076714049587,False
BERA,-6.6383634743801645,False
AVAX,-6.168576981818181,False
IP,-6.153278112396692,False
SUSHI,-4.531043395041322,False
SNX,-3.7710127636363633,False
MET,-3.1873614743801646,False
ARB,-3.0626523768595044,False
INJ,-2.979949289256198,False
SUI,-2.881278386776859,False
VIRTUAL,-2.5861974247933883,False
FIL,-2.4743090578512397,False
OP,-2.4737863537190075,False
TRX,-2.2478623338842976,False
SAGA,-2.13612235,False
SUPER,-1.343756489256197,False
CRV,-0.7746721388429751,False
TIA,-0.6267265983471072,False
BCH,-0.34954427107438046,False
PENGU,-0.04214508999999976,False
SOL,-0.02570517024793329,False
