coin,fundingRate_avg_5d,isNew
STABLE,-130.56447771570248,False
POLYX,-105.01246050247934,False
CHIP,-101.33841731900827,False
MOVE,-79.1094880066116,False
LAYER,-56.11053007933886,False
kLUNC,-51.352677252892555,False
BLAST,-26.548275361983467,False
SKY,-24.771714059504134,False
BANANA,-24.10463499173553,False
SAGA,-20.761556915702478,False
COMP,-16.781062145454545,False
INJ,-16.278423480991734,False
BLUR,-12.062462806611569,False
BIO,-11.066997401652891,False
W,-10.530083246280991,False
WLD,-9.55643892892562,False
TRUMP,-9.55383264793388,False
KAITO,-8.996549682644629,False
ICP,-8.294209804958678,False
NOT,-8.257315725619835,False
MERL,-6.898491312396695,False
BSV,-5.864037391735535,False
APE,-5.63055443305785,False
EIGEN,-5.589478720661156,False
PENGU,-4.395094710743802,False
BABY,-3.58216960661157,False
ATOM,-3.4755900892561984,False
0G,-3.3025598181818174,False
TURBO,-2.4780164925619825,False
BERA,-1.9850087603305775,False
GALA,-1.6992039867768594,False
WLFI,-1.3679159900826428,False
APT,-1.2608492429752065,False
INIT,-1.2530470512396683,False
AXS,-0.9815181818181805,False
BCH,-0.06183401652892542,False
