coin,fundingRate_avg_5d,isNew
AXS,-557.48441294,False
BERA,-504.92209446000004,False
YZY,-427.47322844999997,False
ARK,-422.75271484,False
RESOLV,-320.32585128,False
WCT,-216.06616942,False
0G,-195.19378969000002,False
PROVE,-191.70292822999997,False
WLFI,-188.78202157,False
ZORA,-163.51913933,False
STABLE,-134.09488041,False
SOPH,-112.67295594999999,False
SKR,-107.93148550000002,False
INIT,-81.10434246999999,False
AVNT,-79.12638995,False
2Z,-71.68271865,False
OM,-64.70960024000001,False
HYPER,-64.63927569,False
ANIME,-64.19724681999999,False
LINEA,-61.59494793,False
MINA,-59.76630084999999,False
FOGO,-54.567180990000004,False
DYM,-48.65704113,False
JTO,-46.480969529999996,False
AERO,-46.44345191,False
FET,-43.242178530000004,False
ICP,-40.37421000999999,False
ZETA,-35.52247963000001,False
kLUNC,-34.564660499999995,False
SOL,-33.75589058,False
XAI,-32.17638228,False
MANTA,-30.89403143,False
NXPC,-29.79323523,False
MON,-28.68435355,False
IP,-28.363725140000003,False
APT,-28.281897250000007,False
BSV,-28.206633520000008,False
RSR,-27.022672070000006,False
W,-26.043865439999998,False
PYTH,-25.88448673,False
POLYX,-25.79371999,False
LAYER,-23.70104724,False
JUP,-23.43082752,False
MEME,-22.53241871,False
NEO,-22.34387139,False
XRP,-21.191586100000002,False
USTC,-21.07449775,False
kFLOKI,-19.74311426,False
AR,-19.634499750000003,False
DASH,-19.16302195,False
SUSHI,-19.15919529,False
STRK,-18.898862689999998,False
GAS,-18.54402283,False
kSHIB,-18.08882987,False
VVV,-16.90051835,False
ZEN,-16.323075940000003,False
ENS,-15.67670474,False
KAS,-14.969390950000001,False
SEI,-14.95243451,False
BABY,-13.166389500000003,False
KAITO,-13.05121521,False
FIL,-11.081459859999999,False
DOT,-10.706370530000001,False
CFX,-10.43815101,False
ETC,-9.13807503,False
YGG,-8.884416819999998,False
ACE,-8.36136306,False
SNX,-7.4201090899999995,False
IMX,-6.771077039999999,False
BNB,-6.39937126,False
BTC,-5.875626189999998,False
BIGTIME,-5.43374916,False
SUI,-5.36192592,False
DOGE,-5.21537623,False
COMP,-5.18176484,False
STX,-4.915918549999999,False
TON,-4.71723445,False
TAO,-4.651659279999998,False
BLUR,-4.374473899999999,False
ADA,-3.7270763200000006,False
ONDO,-3.7099746099999993,False
GMX,-2.75271539,False
ARB,-2.1843271699999995,False
GALA,-1.8664588899999999,False
INJ,-1.7166366100000001,False
TIA,-1.6301900100000002,False
LTC,-1.2633460300000001,False
ALT,-1.0396411799999998,False
SYRUP,-0.9539566999999995,False
ORDI,-0.8897086700000001,False
GMT,-0.17293480999999924,False
