coin,fundingRate_avg_5d,isNew
AVNT,-599.42871133,False
BIO,-551.96380546,False
DOOD,-431.93652364,False
BLAST,-259.27758794000005,False
MERL,-252.34454215,False
KAITO,-239.45686956999998,False
0G,-232.14267325999998,False
REZ,-184.6414696,False
OM,-130.4729876,False
ZORA,-109.56888353000001,False
BSV,-93.86525055,False
MOODENG,-90.33433472000002,False
APT,-81.20122004,False
IO,-74.75107509,False
NXPC,-66.63627828999999,False
PROVE,-57.481040230000005,False
HYPER,-45.19668199,False
VVV,-45.164866399999994,False
BERA,-43.45251562000001,False
ATOM,-39.88879213,False
GRASS,-38.70777842000001,False
MORPHO,-33.24302615999999,False
AIXBT,-29.135405949999996,False
kFLOKI,-28.655168880000005,False
IOTA,-27.39530057,False
INIT,-23.431453859999998,False
YZY,-21.882255889999993,False
MEW,-21.33375652,False
IP,-18.857589950000005,False
SAND,-18.65129998,False
MOVE,-17.52026718,False
BANANA,-16.57363457,False
ARK,-16.508718589999997,False
SKY,-15.558614829999998,False
BABY,-13.961177000000001,False
SEI,-12.904909340000001,False
DYDX,-12.57914976,False
RESOLV,-12.33081617,False
TIA,-12.086031109999999,False
TRUMP,-11.50584755,False
LAYER,-10.59663401,False
CELO,-10.33132719,False
TRX,-10.258302370000001,False
ZK,-10.019537620000001,False
WCT,-8.937673239999999,False
STX,-8.156374679999999,False
CFX,-7.54426238,False
GMX,-7.36150542,False
WLFI,-7.089689919999999,False
BCH,-7.059088319999999,False
2Z,-6.916028759999999,False
VIRTUAL,-6.890491900000001,False
OP,-6.86816631,False
POLYX,-6.820925089999998,False
YGG,-6.39677465,False
PROMPT,-5.16203148,False
TNSR,-4.72703251,False
GOAT,-4.700468539999999,False
PNUT,-4.692080839999997,False
SOPH,-4.677874309999999,False
CHILLGUY,-3.7531789299999976,False
kPEPE,-3.41368513,False
TURBO,-3.3946671700000004,False
INJ,-3.329437289999999,False
S,-2.23412923,False
GAS,-1.970040779999999,False
COMP,-1.2317720699999997,False
BRETT,-0.6669907799999989,False
ENA,-0.6382718499999988,False
RENDER,-0.2005565499999999,False
PENGU,-0.12380872999999937,False
