coin,fundingRate_avg_5d,isNew
BABY,-570.4415158200001,False
STABLE,-100.06652468429753,False
TRX,-82.90802961322315,False
BSV,-69.57037867438017,False
ZORA,-54.1862721,False
kLUNC,-49.36116364958678,False
MEME,-38.22047148099173,False
TRUMP,-37.41101518,False
SEI,-33.53492847272727,False
AVNT,-32.14072524297521,False
JTO,-31.4716053123967,False
SNX,-31.26767830413224,False
ZK,-29.943376978512397,False
BIO,-26.42516634,False
S,-23.521577469999997,False
ALT,-21.129952561983472,False
UMA,-20.37132859834711,False
AIXBT,-18.53418681,False
STRK,-17.680751067768597,False
ME,-16.687040558677687,False
GMT,-15.818984647933881,False
STX,-15.676434109090907,False
NIL,-15.222016939999998,False
IO,-14.506033676033056,False
MOODENG,-13.015309725619835,False
ADA,-11.29012690909091,False
SUSHI,-11.11474229752066,False
ATOM,-10.715591811570247,False
kNEIRO,-10.57611958016529,False
HYPER,-10.195621650000001,False
ETC,-10.101150932231404,False
CHIP,-9.507546545454547,False
VIRTUAL,-8.94931528,False
ZEC,-8.803676925619836,False
TON,-8.736229993388427,False
MON,-8.160394651239667,False
CAKE,-7.521539434710743,False
APT,-7.441051685950413,False
MERL,-7.3166509983471055,False
SOL,-6.917109570247934,False
MORPHO,-6.496597769999999,False
AERO,-6.108066376859503,False
DOT,-5.991942803305786,False
PENGU,-5.86647199,False
BCH,-5.856298185123966,False
W,-5.419033735537189,False
XRP,-5.318748386776859,False
DASH,-5.244159520661156,False
2Z,-5.192198241322313,False
IP,-4.700291149999999,False
kFLOKI,-4.5436650347107435,False
POLYX,-4.476590221487603,False
MEGA,-3.9411862611570236,False
OP,-3.8727800727272723,False
SAGA,-3.222604185123966,False
PUMP,-3.0233069454545443,False
COMP,-2.978173398347107,False
0G,-2.5935920231404945,False
XLM,-2.254177497520661,False
INJ,-2.151539256198347,False
YGG,-1.4039543404958679,False
WIF,-0.9559491173553707,False
TIA,-0.6884911140495864,False
ICP,-0.6646523305785117,False
CRV,-0.07640240330578367,False
