coin,fundingRate_avg_5d,isNew
ZORA,-196.3765262,False
IO,-120.51851195999997,False
ALT,-108.04926516,False
ME,-43.37001248,False
TRUMP,-37.304269469999994,False
0G,-36.762218919999995,False
CHIP,-35.10158644999999,False
BCH,-33.11100639,False
JUP,-32.245593580000005,False
COMP,-32.04694379,False
TRX,-28.787449989999992,False
kLUNC,-25.302497150000004,False
2Z,-23.74621672,False
POLYX,-21.24655656,False
HYPER,-19.08836923,False
MOVE,-18.76563112,False
S,-18.676939769999997,False
OP,-17.772412830000004,False
STRK,-17.53907271,False
HEMI,-16.797821950000003,False
XLM,-16.40050193,False
STABLE,-15.806206739999999,False
BSV,-15.423767770000003,False
ETC,-15.384503990000002,False
MON,-15.213882550000003,False
APT,-14.70441847,False
STX,-13.122353710000002,False
BABY,-12.56721061,False
ADA,-11.14585754,False
SUSHI,-10.48040925,False
kNEIRO,-10.20553797,False
MINA,-9.618581469999999,False
DASH,-9.486128079999999,False
INJ,-9.10637332,False
SNX,-9.063556629999999,False
AXS,-7.8151142799999995,False
ONDO,-6.3959015699999995,False
AIXBT,-6.313440769999999,False
JTO,-6.302486389999999,False
PROVE,-5.076195889999998,False
SAND,-4.71750528,False
GMT,-4.4899401899999996,False
SEI,-4.362970559999999,False
MEGA,-4.308059959999997,False
MERL,-4.084295979999997,False
VIRTUAL,-3.71105574,False
CRV,-3.6390441599999983,False
PENGU,-3.6342838299999984,False
ZETA,-3.0747855499999996,False
TON,-3.026167549999998,False
XRP,-2.79427794,False
LAYER,-2.559185819999999,False
ZK,-2.06957482,False
TURBO,-1.9086251499999987,False
BLUR,-1.6222819199999998,False
DOT,-1.2723929199999995,False
KAITO,-0.45122759999999956,False
NXPC,-0.4430837199999997,False
INIT,-0.4255790499999999,False
MEME,-0.4078780099999987,False
NOT,-0.20756016999999938,False
kBONK,-0.055204789999999115,False
SAGA,-0.029205839999998696,False
