coin,fundingRate_avg_5d,isNew
ME,-177.12713194710744,False
CELO,-132.35976876694215,False
MANTA,-121.28155856528929,False
STABLE,-105.27686988099174,False
IP,-103.84062009917356,False
GAS,-78.43691837355372,False
TRUMP,-50.103292026446276,False
TNSR,-45.79906095867768,False
BSV,-45.53310446280992,False
LAYER,-41.871087818181806,False
S,-34.199020452892555,False
IOTA,-33.991466370247934,False
0G,-32.78844181487602,False
PROVE,-29.426233636363637,False
POLYX,-29.27990471404959,False
ZORA,-27.54118299173554,False
TRX,-27.451572535537185,False
kNEIRO,-26.76586145454546,False
PYTH,-25.4540196,False
OP,-19.386078366942147,False
ZETA,-19.14847458842975,False
kSHIB,-17.786533497520665,False
INJ,-17.05456816859504,False
AVNT,-17.01841181157025,False
MINA,-15.632722433057854,False
GMT,-11.711728333884297,False
POPCAT,-11.583324109090908,False
ANIME,-11.382078674380162,False
HYPER,-11.26062308429752,False
SNX,-11.166473355371908,False
NOT,-11.099030042975212,False
STRK,-10.737071186776857,False
MON,-10.715766287603309,False
APT,-10.529147880991733,False
kPEPE,-10.057632555371901,False
ADA,-8.344494376859503,False
ALT,-8.331443424793388,False
XAI,-7.797671285950413,False
BLUR,-6.695353428099174,False
KAITO,-6.180751933884298,False
ALGO,-5.6981324033057845,False
ZK,-5.351358029752065,False
AIXBT,-4.7592479107438,False
WLFI,-4.517505213223139,False
FIL,-4.478938770247932,False
AXS,-4.1561363900826445,False
YGG,-3.6589586082644616,False
IO,-3.461501692561984,False
TIA,-3.2639535570247933,False
XRP,-2.973720277685951,False
USUAL,-2.4127342214876015,False
UMA,-1.959087847933885,False
ATOM,-1.4618369454545448,False
DOGE,-1.4444226446280992,False
DOT,-1.1487118314049585,False
W,-0.21033701157024717,False
