coin,fundingRate_avg_5d,isNew
AVNT,-921.32569343,False
BIO,-870.3757894599999,False
0G,-535.67091794,False
DOOD,-378.79320107999996,False
OM,-190.93514707999998,False
BLAST,-181.41123711999998,False
REZ,-169.24031066,False
ZORA,-145.65511880000003,False
MERL,-135.16479615,False
MOODENG,-134.58709313,False
VVV,-111.23432962000001,False
PROVE,-107.17841239,False
APT,-106.02288444,False
IO,-84.33814318999998,False
KAITO,-74.66049742,False
GRASS,-67.71645564000002,False
YZY,-58.40585460000001,False
ATOM,-48.27641767,False
HYPER,-45.96872706999999,False
NXPC,-39.51347796,False
MORPHO,-37.28114453,False
kFLOKI,-37.15257766,False
MEW,-32.247647799999996,False
BERA,-31.394595349999996,False
BSV,-30.467846480000002,False
INIT,-29.844149809999998,False
TRUMP,-27.92222114,False
ENA,-25.336158909999998,False
RESOLV,-24.81397969,False
SOPH,-24.38356731,False
IP,-24.336833440000003,False
SAND,-23.94090626,False
TIA,-23.193507439999998,False
SKY,-22.460329019999996,False
ZK,-21.82605027,False
STX,-21.46674865,False
LAYER,-21.16792461,False
MOVE,-20.52468584,False
BABY,-19.94667695,False
ARK,-19.30233953,False
IOTA,-19.038951150000003,False
SEI,-18.70078595,False
DYDX,-16.7900876,False
GOAT,-16.65379003,False
TURBO,-16.64125374,False
BANANA,-16.10505925,False
CELO,-15.34492047,False
PROMPT,-14.180132470000002,False
USUAL,-13.022725500000002,False
GMX,-11.78604126,False
WCT,-11.663384469999999,False
POLYX,-11.522395190000001,False
BCH,-11.07089019,False
VIRTUAL,-9.968434699999998,False
S,-9.88806316,False
BRETT,-9.562177290000001,False
WLFI,-9.446796409999997,False
BLUR,-9.286197869999999,False
PNUT,-9.11563556,False
kPEPE,-8.6851677,False
2Z,-8.35772839,False
PENGU,-6.531542139999998,False
CHILLGUY,-6.245321549999999,False
OP,-5.9309726,False
kSHIB,-5.77246624,False
CFX,-4.997163169999999,False
INJ,-4.6068190300000005,False
WLD,-4.603315759999998,False
AIXBT,-3.75708005,False
BNB,-3.5598596,False
TST,-3.551075509999999,False
RUNE,-3.5065615699999984,False
VINE,-3.079166279999999,False
GAS,-2.6512950299999996,False
TNSR,-1.5609370999999999,False
AVAX,-1.3300862799999995,False
COMP,-1.31968524,False
LINEA,-1.3125443799999994,False
NOT,-0.48364689999999955,False
YGG,-0.1306356899999997,False
