coin,fundingRate_avg_5d,isNew
TNSR,-557.55266283,False
LAYER,-391.23025634,False
0G,-145.79174487,False
ACE,-131.75611224999997,False
ME,-81.00439014000001,False
CHIP,-74.15791943,False
FOGO,-69.85523957000001,False
S,-57.89243318999999,False
kNEIRO,-52.14004122,False
AXS,-50.83607507,False
AIXBT,-47.602770019999994,False
MINA,-47.489730980000004,False
VVV,-46.12116129,False
TRUMP,-45.197337530000006,False
STABLE,-44.929372779999994,False
2Z,-44.03391025,False
PROVE,-43.08162014,False
SUSHI,-41.02150758,False
RESOLV,-38.61006865,False
AVNT,-36.51257717,False
kLUNC,-35.25730421,False
BIO,-34.675640939999994,False
KAITO,-34.66902422,False
USUAL,-33.189380650000004,False
ADA,-26.57217593,False
ZORA,-26.321962589999995,False
BABY,-24.266527870000004,False
XAI,-22.96784619,False
IOTA,-22.28412746,False
kSHIB,-20.69537152,False
ANIME,-20.243647519999996,False
ATOM,-19.79130594,False
STRK,-19.166482149999997,False
MEME,-18.41867891,False
SNX,-17.77614532,False
GAS,-16.534599280000002,False
MERL,-15.453529869999999,False
YGG,-15.0025293,False
BIGTIME,-14.68882056,False
VIRTUAL,-10.931123659999999,False
kFLOKI,-9.953593069999998,False
RSR,-9.927691940000004,False
HYPER,-9.4106271,False
INIT,-9.248031280000001,False
NOT,-9.1713331,False
TRX,-9.13708369,False
BERA,-9.08014807,False
AVAX,-8.383493739999999,False
SOL,-8.298926159999999,False
IO,-7.860499840000002,False
ARB,-7.19127526,False
SKY,-6.807012019999999,False
STX,-6.399168319999999,False
INJ,-6.356926140000001,False
SUPER,-6.261358919999999,False
DOT,-6.15015583,False
BLUR,-5.888880799999999,False
RUNE,-5.663902099999999,False
PENGU,-5.5413321799999995,False
ALT,-5.47204642,False
XLM,-5.426970379999999,False
RENDER,-5.08147671,False
ETC,-5.064855339999999,False
ARK,-3.1028963899999993,False
DOGE,-3.05085396,False
TIA,-2.69962833,False
CRV,-2.58523879,False
MORPHO,-2.2834538699999998,False
XRP,-2.1868442100000003,False
KAS,-1.9515936799999989,False
ZETA,-1.684319509999999,False
UMA,-1.0072510799999999,False
FIL,-0.9450550799999997,False
MET,-0.45271241999999895,False
ETH,-0.11223896000000001,False
