coin,fundingRate_avg_5d,isNew
0G,-1933.3191658699998,False
MERL,-492.80619759,False
RESOLV,-310.76034738,False
LAYER,-248.60931610999998,False
ARK,-150.3600783,False
APT,-148.37179628,False
OM,-147.54393102,False
BERA,-112.24174787,False
BSV,-106.88854764,False
PROMPT,-106.02988806,False
BLAST,-92.44356241,False
BIO,-76.98931275999999,False
SOPH,-69.45377899,False
MAV,-68.64919050999998,False
WCT,-58.79024194,False
MORPHO,-57.58874150999999,False
ME,-50.5995485,False
IO,-47.78124407,False
MINA,-46.073333149999996,False
REZ,-44.744003879999994,False
MAVIA,-41.455180139999996,False
YGG,-40.6311503,False
FIL,-39.872708769999996,False
PROVE,-36.489690939999996,False
NXPC,-36.289002260000004,False
MANTA,-34.613293099999986,False
DOOD,-34.59341447,False
VVV,-34.01417699000001,False
AVNT,-32.587137950000006,False
BABY,-30.859864509999994,False
ENA,-28.9111463,False
ZK,-26.20161187,False
ZEC,-26.017305120000003,False
KAITO,-25.99762286,False
ZRO,-25.77211345,False
MOODENG,-23.112753379999997,False
ZEN,-21.91642719,False
TNSR,-21.15476782,False
YZY,-19.496992569999996,False
BANANA,-19.051006370000003,False
ANIME,-19.006533310000002,False
STX,-18.862105000000003,False
JUP,-18.41503329,False
IP,-17.72337143,False
SEI,-17.47734245,False
HYPER,-17.343861949999997,False
ATOM,-16.670921670000002,False
ENS,-16.07836023,False
SUSHI,-15.288443289999998,False
ZORA,-15.05676611,False
ZETA,-14.61901358,False
CAKE,-13.884664240000005,False
COMP,-12.9627998,False
DYM,-12.90513564,False
SKY,-12.902569689999998,False
XAI,-11.122652299999997,False
JTO,-11.035069820000002,False
BCH,-10.89111893,False
DOT,-10.315045270000002,False
S,-10.205517530000002,False
BLUR,-10.06819796,False
CFX,-9.872702499999999,False
ASTER,-8.85805579,False
MELANIA,-8.269459709999998,False
WLFI,-8.18836255,False
INJ,-7.414799799999998,False
kLUNC,-7.046600209999999,False
AVAX,-6.909625200000001,False
GAS,-6.80180128,False
FXS,-6.1670969399999995,False
ALGO,-5.6921122199999985,False
RENDER,-5.151445019999999,False
MOVE,-4.96016677,False
RSR,-3.9730717199999996,False
kPEPE,-3.0559092100000003,False
CELO,-2.9899106399999997,False
BIGTIME,-2.85031128,False
GMT,-2.7885408700000003,False
PNUT,-2.7878466399999997,False
ACE,-2.2342788799999993,False
PENGU,-2.20623666,False
MEME,-1.8303085599999993,False
SOL,-1.1718631599999998,False
POLYX,-0.9322705899999998,False
kBONK,-0.50181076,False
USUAL,-0.4106928899999991,False
W,-0.3331165199999999,False
