coin,fundingRate_avg_5d,isNew
ACE,-255.95137480661154,False
POLYX,-61.17007802975207,False
GMT,-44.44540639338843,False
ME,-29.362397851239667,False
kNEIRO,-27.832822214876035,False
ZETA,-26.031050211570246,False
ZORA,-25.830733626446285,False
NEO,-23.241860419834712,False
TURBO,-22.66694379173554,False
SUPER,-22.120385672727274,False
GAS,-21.73552774214876,False
W,-21.511940687603307,False
AERO,-20.78015924628099,False
SOPH,-18.70508103471074,False
YGG,-17.668310419834715,False
ATOM,-17.419716099173556,False
OP,-17.288814912396695,False
UMA,-16.624986456198354,False
S,-16.47433038347108,False
kBONK,-14.456077785123972,False
TRB,-12.028010667768596,False
WCT,-11.791245242975208,False
HYPER,-11.17437038677686,False
SEI,-10.748337560330578,False
MERL,-9.544014932231406,False
MOODENG,-8.243295381818184,False
MINA,-7.031643312396693,False
VIRTUAL,-6.557243702479337,False
STABLE,-6.47942521983471,False
TIA,-6.361513447933884,False
XAI,-4.554525986776859,False
ZK,-4.118072380165287,False
MEME,-3.4301293090909066,False
POPCAT,-3.1173169487603287,False
AIXBT,-3.034296039669421,False
MOVE,-2.9804473785123973,False
IO,-2.9066664595041316,False
REZ,-2.2968329057851227,False
KAS,-2.2828277652892566,False
kFLOKI,-1.9233803504132214,False
TRX,-1.762629282644627,False
PYTH,-1.073152849586777,False
