coin,fundingRate_avg_5d,isNew
GMT,-521.7453806380164,False
ANIME,-450.8749955206612,False
AVNT,-387.90132543471077,False
HYPER,-308.32864699834704,False
POLYX,-288.9567562115702,False
BLAST,-158.3257039438017,False
0G,-158.10498814214878,False
IP,-146.2555272694215,False
VVV,-113.62993385454547,False
FTT,-77.38962345123967,False
BERA,-75.87160956694214,False
TNSR,-64.60859883966943,False
REZ,-59.88268960661157,False
CELO,-47.742289586776856,False
ZETA,-39.07564874380164,False
BABY,-38.53538479338843,False
kLUNC,-32.8002982214876,False
WCT,-27.456768446280993,False
ZORA,-23.470241583471076,False
FOGO,-23.25314923636364,False
AR,-21.606245345454546,False
TRUMP,-20.949529140495866,False
XAI,-20.827513923966944,False
MEW,-20.03288129256198,False
FET,-19.65100465785124,False
MOVE,-19.43337512727273,False
ACE,-17.77037093553719,False
STRK,-17.206608466115707,False
GMX,-15.62848722644628,False
IO,-15.32758339834711,False
USTC,-15.256932912396696,False
ATOM,-13.783842624793389,False
SKY,-13.679903414876035,False
SUPER,-12.361216452892561,False
SCR,-12.200127292561984,False
PROVE,-9.80530401322314,False
2Z,-9.443948945454546,False
SAND,-9.03111186446281,False
WLFI,-7.224207659504132,False
MINA,-6.793240998347107,False
NOT,-6.225161514049587,False
MEME,-4.662433983471073,False
ZK,-4.346552727272726,False
BIO,-4.0001649520661156,False
EIGEN,-3.624720763636363,False
MOODENG,-3.451520360330578,False
APT,-3.329664416528926,False
TURBO,-2.841245186776859,False
ETC,-2.511859775206611,False
SOPH,-2.314349285950412,False
MON,-1.1531902909090896,False
ZEN,-0.6435595537190079,False
IMX,-0.21698737190082498,False
BSV,-0.055792512396693264,False
BIGTIME,-0.048048961983472124,False
