coin,fundingRate_avg_5d,isNew
BABY,-448.567111983471,False
ZORA,-92.45806650247935,False
TRX,-66.95563161322313,False
BSV,-55.76351824462809,False
kLUNC,-52.01798694545455,False
STABLE,-47.74759409256199,False
MEME,-36.32786696528926,False
ALT,-29.569175841322316,False
SEI,-29.369977785123965,False
TRUMP,-27.725466604958676,False
SNX,-26.382379785123966,False
BIO,-25.305528912396696,False
JTO,-24.60373490578512,False
S,-19.44550881322314,False
ZK,-18.63492936198347,False
AIXBT,-15.721882581818182,False
POLYX,-13.592996251239668,False
IO,-13.57007835371901,False
STX,-12.845597395041322,False
STRK,-12.47031103140496,False
GMT,-10.964937609917355,False
ETC,-10.956588823140494,False
ME,-10.709189047933885,False
AVNT,-9.869138350413222,False
ATOM,-9.652870601652893,False
BCH,-9.217785292561983,False
XLM,-9.179196406611569,False
SUSHI,-8.81454801322314,False
DASH,-8.0960057553719,False
APT,-7.893999431404959,False
ADA,-7.358000370247935,False
0G,-6.524427004958676,False
HYPER,-5.549148694214877,False
kNEIRO,-5.493784046280991,False
MORPHO,-5.475925953719007,False
XRP,-5.428930363636363,False
2Z,-5.204515814876032,False
OP,-4.952166277685948,False
DOT,-4.844044710743802,False
IP,-4.7573713884297515,False
UMA,-4.424177910743801,False
PENGU,-4.096973811570248,False
MEGA,-3.926731537190082,False
VIRTUAL,-3.687535031404957,False
COMP,-3.4699163603305787,False
MOODENG,-3.1530888793388425,False
SOL,-3.14164585785124,False
AERO,-2.850690783471073,False
MON,-2.104296793388428,False
kFLOKI,-1.5249979933884297,False
YGG,-1.2189482082644627,False
CHIP,-1.1502444694214882,False
MERL,-0.9695618677685935,False
TON,-0.9245760099173539,False
CAKE,-0.3707058247933866,False
