coin,fundingRate_avg_5d,isNew
POLYX,-393.43425700999995,False
IP,-121.41620464000002,False
REZ,-119.26396681000001,False
kLUNC,-109.52290959,False
BLAST,-78.87425014,False
ANIME,-52.34690424,False
GAS,-50.722916309999995,False
USTC,-46.98960579,False
MANTA,-33.983284850000004,False
ZETA,-23.969222959999996,False
TNSR,-23.94501835,False
kNEIRO,-23.36180821,False
USUAL,-23.288679730000002,False
SUPER,-22.47082715,False
CELO,-20.908873890000006,False
UMA,-18.719154940000006,False
TRUMP,-16.495664000000005,False
XAI,-16.245150629999998,False
MEME,-14.27420392,False
IMX,-14.213855550000007,False
NEO,-13.488512950000004,False
LAYER,-13.380518939999998,False
MINA,-12.68160161,False
MELANIA,-12.06522246,False
ATOM,-11.569641519999998,False
VVV,-11.08053276,False
MERL,-11.041683619999999,False
TURBO,-10.11292725,False
ACE,-9.50001852,False
SCR,-9.479509899999998,False
DYM,-9.053054119999999,False
XLM,-6.905189719999998,False
BSV,-6.3495911,False
MOODENG,-2.912489029999997,False
FTT,-2.5590916499999974,False
DOT,-2.34603312,False
FET,-2.114884459999998,False
ETC,-1.798051319999999,False
ADA,-1.12758866,False
BLUR,-0.9184078899999985,False
