coin,fundingRate_avg_5d,isNew
MOVE,-366.60810459000004,False
SOPH,-204.01827935,False
LAYER,-181.82453757,False
STABLE,-175.22858461,False
ME,-80.61655574000001,False
ZEC,-64.47273641000001,False
TRX,-55.22707252000001,False
IO,-50.69340679,False
TRUMP,-47.88287175,False
HMSTR,-47.115906009999996,False
AVNT,-40.455709399999996,False
CHIP,-36.2829053,False
kNEIRO,-34.16694847,False
kLUNC,-33.81867788,False
EIGEN,-32.10481527,False
UMA,-29.94556798,False
PROVE,-29.493469490000006,False
MERL,-28.696947509999998,False
ZORA,-25.432868579999997,False
S,-23.981489879999998,False
AIXBT,-23.559429429999998,False
W,-21.98033066,False
ZK,-21.64653086,False
ALT,-21.63315361,False
SEI,-21.60387769,False
SNX,-21.427946960000003,False
JUP,-19.83983488,False
POL,-19.38959497,False
0G,-18.62952116,False
IP,-17.62979638,False
TON,-15.656700550000004,False
WLD,-15.021996939999998,False
SAGA,-14.920943770000004,False
MOODENG,-12.600451159999999,False
VIRTUAL,-12.581713520000001,False
AERO,-12.478082720000002,False
OP,-12.22307401,False
XLM,-11.979403660000001,False
STRK,-11.45745658,False
APT,-10.0772339,False
MINA,-10.05610624,False
AVAX,-9.40727786,False
ADA,-9.34586588,False
HYPER,-8.885899449999997,False
BABY,-8.44671977,False
ETC,-8.320882369999998,False
PYTH,-8.0704347,False
PNUT,-7.13815024,False
INJ,-6.823261819999999,False
FIL,-6.58803027,False
SAND,-6.54798758,False
SOL,-5.37752237,False
ICP,-5.191207389999999,False
BRETT,-4.517794069999999,False
SUSHI,-4.452103559999999,False
TIA,-3.61900128,False
MORPHO,-3.1434011700000006,False
2Z,-3.100921009999999,False
kSHIB,-2.4732991299999982,False
POPCAT,-2.4304503199999994,False
ALGO,-2.3473719400000004,False
KAITO,-2.21983948,False
XRP,-2.17596794,False
KAS,-1.4853419499999985,False
JTO,-1.3090038799999997,False
ZEN,-1.2384428099999998,False
NIL,-0.8546774299999979,False
ARB,-0.7829140499999999,False
BIO,-0.2822479299999994,False
