coin,fundingRate_avg_5d,isNew
PROVE,-346.16242456859504,False
CHIP,-220.85982039669423,False
HYPER,-52.45367531900827,False
FOGO,-49.7868192892562,False
LAYER,-45.463765080991735,False
WLD,-38.824891209917354,False
POLYX,-36.5697262214876,False
BSV,-29.07556287272727,False
STABLE,-27.808747418181813,False
JTO,-25.243226489256195,False
BIO,-24.144549461157027,False
BABY,-22.721603295867773,False
kLUNC,-22.163306052892565,False
TRUMP,-21.805009021487606,False
POL,-21.803570499173556,False
ALT,-17.832363500826446,False
MINA,-16.690335332231406,False
SAGA,-14.881174522314048,False
0G,-13.541736495867772,False
ACE,-13.244205629752068,False
CAKE,-11.901288218181818,False
MOVE,-11.901162247933884,False
BANANA,-11.728325999999996,False
MERL,-11.446059976859503,False
IO,-10.968457537190083,False
BCH,-10.664575309090909,False
STX,-8.783750459504132,False
SKY,-8.0716942214876,False
BLAST,-6.438524707438018,False
APE,-6.315550958677685,False
2Z,-5.983701163636361,False
ZORA,-5.655687669421487,False
APT,-5.583484998347106,False
DASH,-5.304370403305783,False
BIGTIME,-5.124243084297519,False
W,-4.999879319008264,False
ANIME,-4.770237728925618,False
BLUR,-4.012494833057851,False
SNX,-3.007289900826446,False
kFLOKI,-2.6542076033057844,False
YGG,-2.6190532165289255,False
MEGA,-2.6172831173553712,False
SAND,-2.435842522314049,False
COMP,-2.3924848661157014,False
PYTH,-2.3846609553719005,False
kSHIB,-1.7356702016528909,False
STRK,-1.6717489884297507,False
ICP,-1.4130828396694208,False
GAS,-1.185198317355371,False
SUSHI,-0.9869341785123966,False
AXS,-0.9662917090909077,False
OP,-0.8638721057851239,False
MOODENG,-0.719985847933884,False
S,-0.5048923735537186,False
EIGEN,-0.4638311404958676,False
