coin,fundingRate_avg_5d,isNew
CHIP,-215.88333142999997,False
PROVE,-107.25238037000003,False
POLYX,-62.524127700000015,False
HYPER,-52.680779230000006,False
WLD,-48.171997010000005,False
LAYER,-46.030359510000004,False
BSV,-40.61873737999999,False
STABLE,-38.80900751999999,False
FOGO,-38.80539329,False
JTO,-27.175665470000006,False
kLUNC,-26.899448069999995,False
BIO,-25.091301580000003,False
POL,-24.657474989999997,False
TRUMP,-21.479121420000002,False
BABY,-21.448863650000003,False
MINA,-20.81763995,False
0G,-19.873157190000008,False
MOVE,-16.877803670000002,False
APE,-15.963504220000008,False
CAKE,-15.22308566,False
BANANA,-14.68007297,False
BCH,-14.34239541,False
ACE,-13.82880829,False
SAGA,-12.920787570000002,False
BLAST,-12.72144063,False
MERL,-11.731410979999998,False
DASH,-10.6109223,False
ALT,-10.430897,False
IO,-10.25479253,False
SKY,-9.627556819999999,False
ZORA,-9.60029862,False
APT,-9.05249567,False
STX,-8.73958847,False
ANIME,-6.780429069999999,False
2Z,-6.579754989999999,False
W,-5.926325419999999,False
EIGEN,-5.743802789999999,False
BIGTIME,-5.7203705199999995,False
SAND,-5.607473829999999,False
kSHIB,-5.185074659999999,False
COMP,-5.148629409999998,False
BLUR,-5.02219195,False
AXS,-4.895912169999999,False
MEGA,-4.472547939999999,False
PYTH,-4.423781749999999,False
YGG,-4.215054309999999,False
ICP,-3.779526819999999,False
GAS,-3.1237751199999995,False
STRK,-1.4141654899999991,False
AERO,-1.3368993699999996,False
kFLOKI,-1.2706854499999998,False
OP,-0.9408532000000001,False
S,-0.7134990799999997,False
TURBO,-0.6140672399999996,False
XRP,-0.5681809,False
SNX,-0.5228697999999994,False
MOODENG,-0.3733723699999993,False
SUSHI,-0.07443590999999994,False
