coin,fundingRate_avg_5d,isNew
YZY,-583.299114813223,False
ZETA,-291.31862379173555,False
FTT,-148.82989000661158,False
BLUR,-148.4382615371901,False
BIO,-119.22543960000002,False
SAGA,-119.15666491239674,False
COMP,-114.73266292561985,False
BLAST,-111.19936181157024,False
STABLE,-90.27894989752068,False
ALT,-77.06066518016529,False
FET,-73.7147252628099,False
ACE,-57.58762100826446,False
MOVE,-57.47607507768595,False
DOT,-45.95371984462809,False
0G,-44.91905959338843,False
kLUNC,-40.04359544132232,False
BERA,-38.21316882644628,False
TURBO,-37.250578036363635,False
XAI,-36.621820710743805,False
TRUMP,-33.061330294214876,False
KAITO,-32.52529069090909,False
IP,-27.281437408264466,False
JTO,-27.27997571900826,False
SUPER,-26.018797795041323,False
W,-22.621418578512397,False
POLYX,-20.97133719669422,False
AVNT,-19.713883358677695,False
WLD,-18.999455404958674,False
S,-18.54304275371901,False
REZ,-18.49901687603306,False
PROVE,-18.451725183471073,False
BANANA,-17.809193662809918,False
EIGEN,-16.88844019834711,False
APE,-16.787260750413225,False
OP,-15.847286687603305,False
RESOLV,-15.576276902479348,False
ETH,-13.944021758677687,False
UMA,-13.8350922446281,False
USUAL,-13.08142890247934,False
SAND,-12.642827285950412,False
MEW,-12.433839748760331,False
DYM,-12.329034674380162,False
TIA,-12.327051004958678,False
AERO,-11.891935289256198,False
HYPER,-11.881432700826448,False
ANIME,-10.320237808264462,False
INIT,-10.02220812892562,False
GAS,-9.80258913719008,False
MEME,-8.670247646280991,False
WCT,-8.026224753719008,False
kNEIRO,-7.317604462809919,False
BTC,-7.259619778512396,False
ME,-6.62034393719008,False
IO,-6.586229890909091,False
SEI,-6.554650452892561,False
BIGTIME,-5.551962753719008,False
ARB,-4.938019239669421,False
STRK,-4.369145563636364,False
ARK,-4.191155395041323,False
APT,-4.136365576859504,False
INJ,-3.408168495867768,False
SUI,-3.388487454545455,False
POL,-3.2066812561983444,False
AXS,-2.9819821884297495,False
PNUT,-1.8756680330578508,False
IMX,-1.851386181818181,False
SOL,-0.6031274479338843,False
TAO,-0.5396608859504126,False
2Z,-0.1295929785123961,False
