coin,fundingRate_avg_5d,isNew
CELO,-123.63362001322315,False
MANTA,-110.89985379173554,False
IP,-102.17573721322314,False
STABLE,-86.41963850578513,False
GAS,-79.26632168925622,False
TNSR,-67.15731649586778,False
ME,-66.1804997553719,False
BSV,-65.69571556363636,False
LAYER,-58.073567890909096,False
TRUMP,-54.85119682314049,False
ZORA,-46.82265320330578,False
0G,-45.6912050876033,False
S,-35.295836161983466,False
PROVE,-34.207582809917355,False
POLYX,-33.56384660826447,False
IOTA,-30.604822859504132,False
kNEIRO,-29.431617054545455,False
TRX,-25.673102132231406,False
AVNT,-23.591714548760333,False
PYTH,-21.910865295867765,False
OP,-20.739937814876036,False
INJ,-19.136135295867767,False
AIXBT,-18.643136251239678,False
kSHIB,-18.346301841322315,False
STRK,-18.112803679338846,False
POPCAT,-16.85785404297521,False
ZETA,-16.029124016528925,False
MINA,-15.383737894214876,False
SNX,-14.9908178677686,False
MON,-14.633101457851247,False
ANIME,-14.51557483636364,False
GMT,-13.105969209917358,False
APT,-12.969144525619837,False
kPEPE,-11.791342254545453,False
ADA,-11.745098866115704,False
NOT,-11.279580158677689,False
USUAL,-11.199224895867772,False
XAI,-10.779023623140496,False
AXS,-8.931815454545452,False
YGG,-8.754569523966941,False
FIL,-8.003142515702478,False
SOPH,-6.751494892561984,False
ALGO,-6.5898309024793384,False
ALT,-6.54561027768595,False
KAITO,-6.233865768595042,False
WLFI,-6.183196770247932,False
ZK,-5.374194842975205,False
BIO,-5.1037142776859525,False
XRP,-4.957737927272726,False
ATOM,-3.94868149090909,False
BLUR,-3.5795220595041317,False
HYPER,-2.7588012793388423,False
DOT,-2.6646508264462807,False
DOGE,-2.434955662809917,False
IO,-1.7287534214876035,False
MOODENG,-1.2106356198347088,False
ETH,-1.1244256363636367,False
TIA,-0.5808220264462809,False
