coin,fundingRate_avg_5d,isNew
TNSR,-478.10195066999995,False
LAYER,-383.985564892562,False
ACE,-153.30868687933886,False
0G,-111.63723222148758,False
CHIP,-69.57490129586778,False
ME,-63.77772749999999,False
VVV,-62.86573313057849,False
STABLE,-59.8397250644628,False
AXS,-57.623019371900824,False
S,-54.43802816528925,False
TRUMP,-46.96033289256198,False
kNEIRO,-45.415179020000004,False
RESOLV,-44.25193419173554,False
AIXBT,-44.10109799,False
MINA,-42.70954723636364,False
kLUNC,-40.953295378512394,False
2Z,-37.93219508429752,False
ANIME,-37.23622973553718,False
PROVE,-35.64346047272728,False
KAITO,-35.43276509752066,False
AVNT,-34.42652199669421,False
BIO,-33.94031593388429,False
USUAL,-30.319904945454542,False
BABY,-28.009713401652892,False
ADA,-26.67900714049587,False
XAI,-26.66389824,False
ATOM,-26.280511120661156,False
GAS,-26.174906062809917,False
SUSHI,-25.018124895867768,False
STRK,-22.260597369999996,False
YGG,-19.492929371900832,False
MEME,-19.344170092561985,False
IOTA,-18.7707747,False
kSHIB,-17.436044449586777,False
RSR,-16.216179699173555,False
BIGTIME,-15.941159137190088,False
ZORA,-13.763163233057849,False
BLUR,-13.101299623140497,False
HYPER,-12.769459963636365,False
SNX,-12.188894221487603,False
BERA,-11.118917414876034,False
INIT,-10.753612383471072,False
INJ,-8.915198965289255,False
MERL,-8.435471929999999,False
DOT,-8.337904829752066,False
XLM,-7.485469639999998,False
IO,-7.299475859999999,False
MORPHO,-6.964639447933884,False
TRX,-6.799632178512397,False
kFLOKI,-6.636936619999999,False
STX,-6.511743104132231,False
ARB,-6.437490158677686,False
ARK,-6.123819173553718,False
UMA,-6.01363269,False
SOL,-5.658943348760331,False
VIRTUAL,-5.637028145454545,False
ALT,-5.1916227600000004,False
ETC,-5.066180289999999,False
AVAX,-4.969639943801653,False
SUPER,-4.553352436363636,False
NOT,-4.38952212,False
RENDER,-4.353056429999999,False
TIA,-3.7662070710743802,False
RUNE,-3.716482849586775,False
OP,-3.5427278876033053,False
FIL,-3.248165285950413,False
CRV,-2.4925870512396697,False
DOGE,-2.2956513917355377,False
PENGU,-2.0579108799999997,False
MET,-0.3584751272727264,False
WLFI,-0.15677866115702466,False
