coin,fundingRate_avg_5d,isNew
YZY,-431.9972129199999,False
ZETA,-288.95050456999996,False
BLUR,-284.16954331,False
FTT,-195.50390318,False
SUPER,-157.54382142,False
MOVE,-136.41119085,False
BLAST,-135.71840989999998,False
COMP,-128.80569096,False
STABLE,-100.76949419,False
SAGA,-100.56100254000006,False
ALT,-89.29536368000001,False
FET,-77.62703053999999,False
ACE,-63.961418859999995,False
WLD,-58.574415980000005,False
MEME,-55.028948330000006,False
kNEIRO,-39.3851936,False
IP,-37.15625832,False
kLUNC,-31.00228459,False
AXS,-30.43832747,False
XAI,-30.13726379,False
0G,-28.223052680000006,False
KAITO,-28.2030171,False
BOME,-28.01791903,False
BIO,-25.92103126,False
JTO,-21.09416322,False
OP,-20.274257149999997,False
BANANA,-19.48846252000001,False
BERA,-19.422876400000003,False
TRUMP,-18.35142328,False
W,-17.16722677,False
PROVE,-16.58509046,False
AERO,-16.02063256,False
UMA,-15.868718100000002,False
TIA,-15.14403542,False
TURBO,-14.549912509999993,False
S,-14.226619600000001,False
IO,-13.380764220000001,False
ANIME,-12.85178797,False
USUAL,-12.811420430000002,False
SAND,-12.616636720000002,False
ETH,-12.051600659999998,False
PNUT,-11.55214561,False
TAO,-9.9154221,False
DYM,-9.461838060000002,False
2Z,-9.417397119999999,False
EIGEN,-9.4033928,False
ARB,-9.072981660000002,False
AVNT,-8.98455165,False
USTC,-8.49421284,False
INIT,-8.44721398,False
DASH,-7.582734109999997,False
APE,-7.453191960000002,False
PYTH,-7.39883032,False
GAS,-6.551454349999999,False
WCT,-4.8537656200000034,False
STRK,-4.19525452,False
BTC,-4.142274039999999,False
DOT,-3.5273607300000003,False
MOODENG,-2.6200846099999993,False
LAYER,-2.054463089999999,False
JUP,-2.0288138099999986,False
YGG,-1.9809608499999993,False
TON,-1.7960664499999994,False
REZ,-1.5217514299999995,False
IOTA,-1.4957590499999993,False
ENA,-1.4544271799999988,False
ARK,-0.9412473999999987,False
APT,-0.9109385300000002,False
SOL,-0.7197456899999999,False
MANTA,-0.34120053999999894,False
TNSR,-0.23410442999999959,False
