coin,fundingRate_avg_5d,isNew
AVNT,-949.4338404599998,False
BIO,-729.11891701,False
0G,-539.37263844,False
DOOD,-383.67527098999994,False
BLAST,-205.34301984,False
OM,-197.25129103999998,False
REZ,-171.27878675000002,False
MERL,-146.87507946999997,False
MOODENG,-133.03604023,False
ZORA,-132.15827655,False
VVV,-107.46340147000001,False
PROVE,-105.83787178,False
APT,-102.51420732999999,False
KAITO,-100.41679615,False
IO,-82.58777985,False
GRASS,-62.85689455000003,False
YZY,-53.64837744,False
ATOM,-48.022047709999995,False
HYPER,-46.93041447,False
NXPC,-44.506926160000006,False
MORPHO,-36.87164665,False
BERA,-35.3799099,False
kFLOKI,-33.82815985,False
MEW,-32.964220909999995,False
INIT,-32.14932045,False
BSV,-29.188124360000007,False
TRUMP,-27.185359139999996,False
IP,-26.994826949999997,False
RESOLV,-24.2898448,False
SAND,-23.97192834,False
TIA,-23.70604628,False
SOPH,-23.40265828,False
SKY,-22.868851619999997,False
ENA,-21.91289837,False
ZK,-21.61442911,False
MOVE,-21.38783711,False
LAYER,-21.37137999,False
BABY,-20.772469010000002,False
IOTA,-20.72869383,False
ARK,-20.563291160000002,False
STX,-20.43109546,False
SEI,-20.075116070000004,False
BANANA,-17.84488869,False
DYDX,-17.023028410000006,False
TURBO,-16.737794779999998,False
GOAT,-16.469562120000003,False
PROMPT,-14.48890422,False
WCT,-13.3556858,False
CELO,-13.265132950000002,False
USUAL,-13.020062460000002,False
VIRTUAL,-11.715157529999999,False
GMX,-11.699836289999997,False
POLYX,-11.28169521,False
AIXBT,-11.20226172,False
BCH,-10.12416122,False
WLFI,-9.85506862,False
BLUR,-9.608971749999998,False
BRETT,-9.562177290000001,False
S,-9.28727535,False
2Z,-9.190593419999999,False
PNUT,-9.11563556,False
kPEPE,-7.93638407,False
OP,-7.036522560000001,False
PENGU,-6.601399489999999,False
CHILLGUY,-6.245321549999999,False
CFX,-5.739465129999999,False
kSHIB,-5.570750449999999,False
INJ,-5.11072124,False
WLD,-4.834537419999999,False
TST,-3.447983449999999,False
RUNE,-3.4476491099999986,False
BNB,-3.1489929699999997,False
TNSR,-3.08699115,False
GAS,-2.9470815399999997,False
VINE,-2.270486879999999,False
LINEA,-1.9223936799999992,False
COMP,-1.5908561500000002,False
TRX,-0.8539036299999987,False
YGG,-0.5067572399999997,False
AVAX,-0.10795312999999983,False
RENDER,-0.0007307299999998709,False
