coin,fundingRate_avg_5d,isNew
YZY,-435.89570273,False
0G,-199.71408255,False
STABLE,-150.79682489,False
BIO,-133.13185054,False
BLAST,-128.99556833999998,False
TRUMP,-114.49090415000002,False
FET,-105.85601885000001,False
DOT,-104.65166850000001,False
BLUR,-84.87924036,False
REZ,-72.80480238000003,False
JTO,-57.738326539999996,False
ALT,-51.17832389000001,False
AXS,-49.24081556000001,False
TURBO,-48.45342515,False
SAGA,-48.29304269,False
SUPER,-47.364786370000004,False
BERA,-44.12387398999999,False
POL,-40.96959654999999,False
COMP,-40.85264178999999,False
AVNT,-36.29579199,False
POLYX,-35.00927648999999,False
kLUNC,-32.08457456,False
W,-31.566723510000003,False
APT,-28.972602079999994,False
IMX,-27.632199439999997,False
RESOLV,-27.36663274,False
kNEIRO,-26.518112130000002,False
EIGEN,-26.056042570000006,False
XAI,-24.982956440000002,False
HYPER,-23.81937951,False
MOVE,-21.955329620000004,False
ZETA,-21.521768750000003,False
KAITO,-21.217996770000003,False
2Z,-20.664304910000002,False
SEI,-20.04788488,False
MEW,-19.72624615,False
GAS,-19.233361830000003,False
OP,-19.0878721,False
SAND,-19.084778359999998,False
WLFI,-18.321499120000006,False
APE,-17.605958230000002,False
IP,-16.993886080000003,False
PROVE,-16.65762545,False
S,-15.27372503,False
WCT,-13.673591309999997,False
ME,-13.544006090000002,False
BABY,-13.177465790000005,False
ARK,-13.05567405,False
DYM,-12.6326719,False
AERO,-12.34514096,False
STX,-11.984166180000004,False
BSV,-11.520033640000001,False
ANIME,-10.908090699999999,False
IOTA,-10.399298950000004,False
IO,-8.877430719999998,False
NEO,-7.917569049999997,False
XLM,-7.323865159999999,False
STRK,-7.2551006199999994,False
kFLOKI,-6.95824904,False
HBAR,-6.333695349999999,False
ETH,-5.932271999999999,False
INIT,-5.7973417199999995,False
NOT,-5.010429459999999,False
INJ,-4.77250421,False
BIGTIME,-4.651402319999999,False
ZEN,-4.271889189999999,False
SUI,-3.7443911900000004,False
USUAL,-3.175638699999999,False
TIA,-2.8325022,False
MORPHO,-2.6143146899999996,False
KAS,-2.591668629999999,False
BTC,-2.4280077399999995,False
BCH,-2.3156162100000004,False
MEME,-1.9417401399999992,False
GMT,-1.7651618999999994,False
ADA,-1.1561141399999995,False
CHILLGUY,-1.1047914899999987,False
MELANIA,-1.0905893400000002,False
SOL,-1.04152823,False
ARB,-1.0316513300000003,False
GRIFFAIN,-0.6058131299999999,False
kSHIB,-0.29234820999999916,False
ORDI,-0.2084201099999995,False
