coin,fundingRate_avg_5d,isNew
RESOLV,-1019.74062883,False
WCT,-908.50703943,False
TNSR,-624.2004108799999,False
ZORA,-448.00256803999997,False
KAITO,-324.15541229999997,False
BIO,-160.61040979999999,False
LAYER,-109.76753916,False
BSV,-95.04750380000002,False
YZY,-93.00108823000001,False
ME,-85.52970321,False
REZ,-81.94316649000001,False
OM,-78.16591508,False
IP,-77.94587264,False
MOVE,-69.44162011,False
BLAST,-67.51781023000001,False
IO,-56.26303303999999,False
MEW,-48.72799494,False
MORPHO,-47.07495812,False
TURBO,-42.49454684,False
DYM,-41.32123754999999,False
GOAT,-39.770372990000006,False
BERA,-39.666196879999994,False
PROVE,-39.21516054,False
MOODENG,-38.21850759999999,False
GAS,-38.041997249999994,False
ZETA,-37.38918891,False
ZEN,-35.32257716,False
ZK,-34.86122373,False
USUAL,-32.86456934,False
POPCAT,-31.027106049999993,False
XAI,-29.64163905,False
CAKE,-25.02629435,False
AIXBT,-21.263578699999997,False
HYPER,-20.71262434,False
APT,-19.315864240000003,False
TST,-17.83981373,False
BRETT,-17.16609235,False
MANTA,-16.6867196,False
MERL,-15.605500540000001,False
ANIME,-15.161488260000006,False
STX,-14.826578860000001,False
PROMPT,-12.24849188,False
SOPH,-11.95166585,False
COMP,-11.8401766,False
SUPER,-11.627291080000001,False
YGG,-11.40565505,False
SAND,-11.18824134,False
BANANA,-11.1623862,False
MAV,-10.84322655,False
kLUNC,-10.205965019999999,False
GRASS,-10.13696688,False
INIT,-9.679824819999999,False
ALGO,-9.329747480000002,False
kFLOKI,-9.0645341,False
GMT,-8.13534265,False
INJ,-8.00164315,False
MAVIA,-7.9674324300000015,False
APE,-7.835149859999999,False
VVV,-7.6322054800000005,False
ETHFI,-6.955620309999999,False
GMX,-6.50879826,False
PYTH,-6.1887647999999995,False
BABY,-6.156816349999999,False
W,-6.10390011,False
FXS,-5.90753887,False
SEI,-5.34184143,False
OP,-4.371234159999998,False
RSR,-4.11114757,False
XLM,-3.41708985,False
ETC,-2.5937191999999993,False
BLUR,-2.4857113199999996,False
SUSHI,-2.4371561,False
NXPC,-2.3677418599999998,False
FIL,-2.282119429999999,False
ZRO,-2.273203209999998,False
ALT,-1.868230599999999,False
ADA,-1.39831208,False
DOOD,-1.057373609999999,False
MINA,-1.0169746799999981,False
NEO,-0.8384371199999998,False
ACE,-0.6989027299999987,False
ATOM,-0.6336889099999993,False
