coin,fundingRate_avg_5d,isNew
TNSR,-193.43475759999998,False
IP,-108.46270869000001,False
0G,-77.56630110999998,False
FOGO,-77.41370921,False
TRUMP,-73.72974085,False
ZORA,-69.41251720000001,False
GAS,-69.21142264,False
STABLE,-68.68718263000001,False
BSV,-66.97239073000001,False
LAYER,-65.88510902,False
S,-56.46998584999999,False
CELO,-54.93500901,False
AVNT,-44.878835609999996,False
ME,-40.397252460000004,False
PROVE,-39.27354739999999,False
POLYX,-37.48953762999999,False
AIXBT,-34.64015053,False
kNEIRO,-32.67357214,False
USUAL,-29.823377660000002,False
IOTA,-29.211701900000005,False
SNX,-27.63557569,False
XAI,-22.506892800000003,False
kSHIB,-21.525350130000003,False
STRK,-21.434341760000006,False
MANTA,-19.73675669,False
TRX,-19.58218795,False
BIO,-18.997333119999997,False
MINA,-18.92225773,False
MON,-18.885713200000005,False
ADA,-18.438768510000003,False
NOT,-17.06177827,False
ZETA,-16.29859904,False
APT,-15.868115849999999,False
KAITO,-15.638149789999998,False
INJ,-14.736371300000002,False
SUSHI,-14.498256980000006,False
ANIME,-14.27467331,False
AXS,-13.322360569999999,False
POPCAT,-13.001906629999999,False
GMT,-12.7567938,False
MERL,-12.166682970000002,False
YGG,-11.760685439999998,False
OP,-11.365822599999998,False
SOPH,-11.13242846,False
XRP,-10.80750838,False
kPEPE,-10.341882259999998,False
FIL,-9.601193599999998,False
W,-7.75575725,False
ETH,-7.1974255099999995,False
DOT,-7.001524170000001,False
WLFI,-6.850185679999998,False
CHIP,-6.7174870099999975,False
KAS,-6.592914699999999,False
kFLOKI,-4.7111791,False
ATOM,-4.242117599999999,False
STX,-4.094688259999999,False
ALGO,-3.9128240899999986,False
ZK,-3.778147119999999,False
ARB,-3.3553136,False
DOGE,-3.14846445,False
MOODENG,-2.7021263899999997,False
kLUNC,-2.5614816699999996,False
ALT,-2.0146963399999995,False
AVAX,-0.9539566999999999,False
VIRTUAL,-0.8445764199999989,False
HYPER,-0.7430356099999986,False
SKY,-0.06834624999999983,False
MNT,-0.0541090599999979,False
