coin,fundingRate_avg_5d,isNew
XAI,-402.45485898000004,False
TURBO,-224.91508196,False
RESOLV,-191.52507103,False
BLAST,-153.52754611,False
TRUMP,-137.71777624,False
DOOD,-135.072192,False
DYM,-93.79587427,False
WIF,-85.50136169000001,False
VVV,-80.39567453,False
POLYX,-70.20743755999999,False
COMP,-65.49692422000001,False
SOPH,-56.25419785,False
ACE,-55.827611399999995,False
MOODENG,-50.583065829999995,False
DOT,-43.73905449,False
GRASS,-39.92503152,False
UMA,-37.53365736999999,False
ZORA,-36.34865129,False
NEO,-31.646952700000003,False
POL,-31.52471931,False
ZETA,-31.41667858,False
YGG,-28.94602424,False
ALT,-28.24279188,False
ZRO,-28.173387130000002,False
MEME,-27.32443436,False
kLUNC,-24.426463570000003,False
FTT,-22.60475733,False
ANIME,-21.02196476,False
ARK,-20.31652123,False
BLUR,-20.271403579999998,False
LAYER,-20.23362535,False
FIL,-19.21975317,False
GAS,-18.980596409999997,False
STRK,-18.638311090000002,False
BANANA,-18.481474239999997,False
SEI,-18.472241930000003,False
ATOM,-17.152300460000003,False
JTO,-16.998836940000004,False
HYPER,-16.946559450000002,False
APT,-15.5003893,False
kPEPE,-15.320063969999998,False
kSHIB,-13.575236219999997,False
SCR,-13.53088653,False
HBAR,-12.549005869999998,False
REZ,-11.97140359,False
kNEIRO,-11.72573158,False
S,-10.42930414,False
MERL,-10.087067,False
BIGTIME,-9.98349606,False
MORPHO,-9.92473763,False
EIGEN,-9.413095229999998,False
SUI,-9.400755310000001,False
OP,-9.322062039999999,False
KAITO,-8.82800169,False
W,-8.767442349999998,False
TAO,-8.5817851,False
SOL,-8.361682069999999,False
MELANIA,-8.104240999999998,False
BABY,-7.0250849199999985,False
PYTH,-6.99381756,False
BRETT,-6.983858899999999,False
BSV,-6.455711200000001,False
kBONK,-6.296644199999999,False
MEW,-6.2539311699999995,False
MANTA,-6.236985679999999,False
TIA,-6.055975609999999,False
CRV,-5.963836469999999,False
RENDER,-5.957199309999999,False
STX,-5.523737719999999,False
ZEN,-5.29313145,False
BCH,-5.01434299,False
INIT,-4.7780909,False
KAS,-4.183613209999999,False
SNX,-4.179415709999999,False
BTC,-3.9607281499999996,False
LTC,-2.92577576,False
IP,-2.9041765199999996,False
XRP,-2.6613522399999994,False
HYPE,-2.5858994399999986,False
SAND,-2.2525376400000003,False
ARB,-1.8511237799999998,False
APE,-1.5012800399999995,False
PNUT,-1.5006259599999998,False
IMX,-1.3221139499999994,False
kFLOKI,-0.9030954099999997,False
CELO,-0.13332792999999912,False
