coin,fundingRate_avg_5d,isNew
BLAST,-171.31467939,False
kLUNC,-69.12363065,False
IO,-67.77293647,False
STABLE,-61.71828142999999,False
WIF,-53.350408230000006,False
HYPER,-53.035859259999995,False
COMP,-50.9900328,False
CHIP,-43.593410729999995,False
NIL,-30.76793196,False
STX,-29.793110400000003,False
BLUR,-24.98244179,False
MEGA,-24.44978196,False
XAI,-20.809544250000002,False
BABY,-17.441232270000004,False
KAITO,-17.22939941,False
2Z,-16.186135240000006,False
BANANA,-14.821023560000006,False
ATOM,-9.383030179999999,False
FTT,-8.636607369999998,False
APE,-8.092127379999999,False
DYM,-8.021517399999999,False
kNEIRO,-5.206073839999999,False
MINA,-5.126678309999999,False
APT,-4.693443749999999,False
EIGEN,-3.297068359999998,False
BERA,-3.1218610599999987,False
ORDI,-3.0843697199999998,False
BIO,-2.845791849999999,False
ARB,-2.8221967899999996,False
S,-2.59654941,False
YZY,-2.23077999,False
USTC,-1.6824485199999997,False
MERL,-1.4686767799999998,False
SUI,-0.5782118299999999,False
0G,-0.41256168999999815,False
