coin,fundingRate_avg_5d,isNew
LAYER,-304.976370198347,False
STABLE,-137.39798792727274,False
CHIP,-94.62678187438017,False
MOVE,-82.2972556264463,False
POLYX,-55.154809735537185,False
kLUNC,-53.852556823140496,False
BLAST,-42.416109679338845,False
BANANA,-31.8521520198347,False
SKY,-25.073921028099175,False
INJ,-15.80690525950413,False
COMP,-14.569621140495865,False
W,-11.65125392727273,False
BLUR,-11.17282037355372,False
KAITO,-9.369849480991737,False
MERL,-7.9131896231404975,False
ICP,-6.612294872727273,False
NOT,-6.372610413223141,False
TRUMP,-6.284017130578511,False
WLD,-6.243204942148759,False
EIGEN,-6.065547798347106,False
BIO,-3.5085921223140475,False
ATOM,-3.386508852892562,False
WLFI,-2.9947811999999985,False
APE,-2.8979310743801636,False
BABY,-2.258592247933884,False
PENGU,-2.0003720628099173,False
GALA,-1.6415211966942147,False
BERA,-1.63831909090909,False
BSV,-1.057602763636362,False
0G,-0.838151008264461,False
INIT,-0.6283678314049572,False
TURBO,-0.4255361851239654,False
AXS,-0.1808983438016513,False
