coin,fundingRate_avg_5d,isNew
DOOD,-477.9428735404959,False
0G,-243.94884270743802,False
REZ,-71.13950100495869,False
BLAST,-52.34257969586776,False
CELO,-36.29302243636362,False
KAITO,-29.013508046280986,False
APT,-28.948505226446272,False
BIO,-16.39300283305786,False
MAV,-7.9624418181818175,False
2Z,-2.5343128859504147,True
ME,-0.913797590082644,False
SUPER,-0.4276537884297511,False
