coin,fundingRate_avg_5d,isNew
BLUR,-631.5628205950412,False
STABLE,-68.2047779305785,False
BANANA,-42.76841371239669,False
ZETA,-42.7075353322314,False
ME,-34.64376420495867,False
HMSTR,-29.883947256198343,False
ATOM,-27.58233472066116,False
kNEIRO,-27.029436099173555,False
MINA,-26.89450169256198,False
0G,-23.638952667768596,False
IOTA,-19.064125923966944,False
SNX,-17.089798571900825,False
W,-14.766658879338843,False
HYPER,-12.65217225123967,False
ANIME,-12.159651024793389,False
AIXBT,-10.206936257851241,False
CELO,-8.556517507438016,False
INJ,-5.778089484297521,False
MEME,-5.488944327272726,False
STX,-5.400619636363636,False
DYDX,-5.0322609123966915,False
ZORA,-4.711416862809917,False
TRUMP,-3.8145383801652883,False
MANTA,-2.789329517355372,False
KAS,-2.7733197123966935,False
ALT,-0.826247543801652,False
OP,-0.35502976859504004,False
