coin,fundingRate_avg_5d,isNew
LAYER,-278.31992556,False
ACE,-154.67750927,False
VVV,-103.74522969000002,False
CHIP,-71.23945535,False
STABLE,-56.168946989999995,False
AXS,-53.398230530000006,False
TRUMP,-49.360588119999996,False
RESOLV,-46.44646899999999,False
0G,-45.67096445,False
KAITO,-44.19589797999999,False
MINA,-38.41475934,False
S,-37.971009859999995,False
BLUR,-37.074845800000006,False
GAS,-36.778621290000004,False
kLUNC,-36.38760701,False
ATOM,-32.643569140000004,False
BABY,-32.11167946,False
PROVE,-31.743880639999997,False
ANIME,-31.2014483,False
AVNT,-30.47791318,False
ADA,-26.16526444,False
USUAL,-23.253526580000003,False
HYPER,-22.77912878,False
kSHIB,-22.434478260000002,False
RSR,-19.807832410000003,False
YGG,-17.827356280000004,False
BIO,-16.924832459999998,False
INIT,-12.787747990000002,False
ICP,-11.61330282,False
ARK,-11.38814892,False
DOT,-11.315727079999998,False
IP,-11.07158588,False
ZORA,-10.223185719999998,False
MEME,-10.14291419,False
BIGTIME,-9.70992126,False
2Z,-9.67549081,False
MORPHO,-7.68414279,False
AVAX,-7.05429806,False
BERA,-6.7849331699999995,False
SUSHI,-5.204869339999999,False
SUI,-3.7760790299999996,False
OP,-3.36016153,False
VIRTUAL,-2.5378464599999995,False
INJ,-2.44757393,False
MET,-2.3436649999999997,False
BCH,-2.1401665500000004,False
ARB,-2.03058698,False
TRX,-1.9264970099999998,False
SNX,-0.6793796099999994,False
FIL,-0.5512427099999995,False
TIA,-0.36526352999999984,False
CRV,-0.1641945199999999,False
WIF,-0.08702110999999982,False
