coin,fundingRate_avg_5d,isNew
ANIME,-479.57342846,False
GMT,-476.27492492,False
AVNT,-366.44034182999997,False
HYPER,-297.96818070000006,False
POLYX,-290.01172017000005,False
0G,-174.60896717999998,False
BLAST,-171.18877118,False
BABY,-165.71724817,False
IP,-149.44476196,False
VVV,-109.3084407,False
BERA,-79.91286056000001,False
TNSR,-76.00522531,False
FTT,-72.11448007000001,False
REZ,-61.30465102,False
CELO,-51.1342297,False
kLUNC,-46.18685107,False
ZETA,-43.267224829999996,False
WCT,-40.87765597,False
ACE,-23.611094449999996,False
FOGO,-23.230571,False
TRUMP,-22.706626639999996,False
XAI,-22.69514812,False
ZORA,-20.011627970000003,False
FET,-19.25593197,False
STRK,-17.840835,False
AR,-17.684327380000003,False
MEW,-17.65137664,False
ZK,-17.591617380000002,False
SKY,-16.585564230000003,False
SCR,-16.51796185,False
PROVE,-14.1006362,False
USTC,-13.706241290000001,False
ATOM,-12.692926830000001,False
SUPER,-11.14216082,False
GMX,-11.078177779999999,False
IO,-10.265826479999998,False
2Z,-10.21642884,False
MINA,-7.916655089999999,False
SAND,-7.117214570000001,False
WLFI,-6.8633862699999995,False
MOODENG,-6.113069639999999,False
GAS,-6.083706119999999,False
ARK,-5.5004550999999955,False
EIGEN,-5.428269779999999,False
NOT,-3.7640778299999993,False
MOVE,-3.308920639999998,False
SOPH,-3.1527955399999983,False
BIO,-1.6810104199999991,False
MON,-1.6568138399999988,False
APT,-1.4306430499999998,False
OP,-1.1195732599999997,False
BIGTIME,-0.3536455800000001,False
LAYER,-0.3447213299999989,False
