coin,fundingRate_avg_5d,isNew
POLYX,-533.5235756528925,False
ANIME,-456.56387707438006,False
BLAST,-248.74303215867766,False
REZ,-239.027524661157,False
RESOLV,-160.89928986446287,False
YZY,-158.09184775000003,False
STABLE,-154.49120742999997,False
DOOD,-151.87602507768594,False
AXS,-141.56120069000002,False
TRUMP,-133.76243155041323,False
ME,-128.8727291404959,False
VVV,-110.50660363636368,False
NEO,-76.75163047933886,False
BANANA,-74.63532814214875,False
GAS,-70.00778574545456,False
ZETA,-68.63430389752065,False
TURBO,-63.72439267438016,False
HYPER,-55.2972545752066,False
NXPC,-54.06468348099174,False
XAI,-49.82133224132232,False
STRK,-47.46575159008264,False
MOODENG,-43.322532942148754,False
DOT,-42.316050932231384,False
ZORA,-37.09083907438016,False
LAYER,-34.93952859173553,False
TAO,-32.69906881983471,False
POL,-32.06358946115702,False
MERL,-32.04384109090909,False
SOPH,-31.91776152396694,False
2Z,-30.424821010000002,False
JTO,-30.26117674710744,False
YGG,-29.780275190082644,False
0G,-28.962786500000004,False
MORPHO,-27.377095884297525,False
ALT,-24.905273652892564,False
BLUR,-24.360828069421487,False
WIF,-22.622361183471078,False
EIGEN,-21.815578938842975,False
kLUNC,-17.051471038016533,False
MANTA,-16.656430512396696,False
USUAL,-15.89229716033058,False
SKY,-15.844059429999998,False
GRASS,-15.809217609917356,False
kNEIRO,-15.332971884297523,False
ZRO,-14.051167418181818,False
APT,-13.656629325619834,False
OP,-13.240375120661156,False
FET,-12.128879533884298,False
ICP,-11.35951102,False
TIA,-10.17434616198347,False
MEW,-9.786905841322314,False
S,-8.900752928925618,False
MEME,-8.828639305785124,False
kSHIB,-8.003396628099175,False
COMP,-7.6221570842975215,False
SOL,-7.529925143801653,False
kPEPE,-7.158592363636363,False
PNUT,-6.815206155371899,False
PYTH,-6.791133530578512,False
UMA,-6.51433418181818,False
ATOM,-5.154951590082645,False
INIT,-4.9583909454545445,False
DYM,-4.550943798347106,False
KAITO,-4.066835791735535,False
BRETT,-3.8673640760330557,False
MELANIA,-3.6194039504132216,False
MON,-3.1826788199999996,False
kBONK,-2.7167793421487585,False
AIXBT,-2.5780122545454547,False
HBAR,-2.290491679338841,False
SYRUP,-1.7647764599999989,False
BNB,-1.6522764495867768,False
IMX,-1.4089830148760325,False
RENDER,-1.387350882644627,False
SEI,-1.2051812528925618,False
W,-0.2985820661157015,False
SUI,-0.06884418842975147,False
