coin,fundingRate_avg_5d,isNew
SOPH,-244.20041253223138,False
TRUMP,-80.46680512066115,False
MOVE,-52.91996432727273,False
TRX,-52.33035261818182,False
EIGEN,-38.77619791735537,False
CHIP,-33.5245989123967,False
BRETT,-32.93637432396694,False
ME,-31.969989947107436,False
UMA,-31.827850621487602,False
LAYER,-30.17158221818182,False
STABLE,-29.253625438016535,False
XLM,-24.957396376859503,False
kNEIRO,-22.944631447933883,False
ALT,-21.50023269421488,False
MOODENG,-18.864536925619838,False
ZORA,-18.821940158677688,False
IO,-18.747782052892564,False
GAS,-17.298156981818185,False
MINA,-14.40797380165289,False
IP,-13.9514388,False
POL,-10.654178419834711,False
0G,-10.07321521983471,False
kLUNC,-10.032867818181817,False
AIXBT,-9.929809676033058,False
AVAX,-9.779530066115704,False
ZEC,-9.596080462809919,False
SKR,-8.194229970247934,False
HMSTR,-7.688592634710747,False
STRK,-7.159550171900827,False
ETC,-7.1128079702479345,False
JUP,-5.695173550413221,False
NOT,-5.652327014876033,False
2Z,-5.203505157024793,False
IOTA,-5.083987626446281,False
SEI,-5.058477203305783,False
SNX,-4.871406317355371,False
FIL,-3.7962886214876033,False
SAND,-3.4578159768595036,False
W,-3.274901385123966,False
ZK,-3.000965325619834,False
OP,-2.7093232066115696,False
APE,-2.49659348429752,False
HYPER,-2.2094891900826448,False
ZEN,-2.103984039669421,False
TIA,-1.7620327338842972,False
XAI,-1.546013305785123,False
RENDER,-1.5400919801652886,False
ORDI,-1.519534938842975,False
XRP,-0.44847145785123976,False
