coin,fundingRate_avg_5d,isNew
ACE,-257.29044472,False
kBONK,-64.05918557000001,False
POLYX,-49.78068267999999,False
GMT,-27.17874023,False
STABLE,-26.303186989999997,False
kNEIRO,-25.495487249999996,False
OP,-25.098002980000004,False
SUPER,-24.47729201,False
W,-24.385752200000006,False
TURBO,-23.826356850000003,False
NEO,-21.388487540000003,False
AERO,-20.953802469999996,False
TRB,-20.33420913,False
UMA,-19.950455430000005,False
ZETA,-18.215260029999996,False
ATOM,-17.68999656,False
ME,-15.610388620000002,False
S,-15.53370285,False
ZORA,-15.3069685,False
TRX,-14.844903320000004,False
HYPER,-13.718300890000002,False
WCT,-13.585437240000001,False
MET,-13.332231630000006,False
XAI,-10.688900170000004,False
VIRTUAL,-10.545857400000001,False
YGG,-10.470226480000001,False
MOODENG,-9.82085644,False
TIA,-9.61492928,False
ZK,-8.954235479999998,False
GAS,-8.02264744,False
SEI,-7.819481140000001,False
MEME,-7.0842638299999985,False
AIXBT,-7.05105394,False
MINA,-6.699923940000001,False
BSV,-6.691168320000001,False
POPCAT,-6.062666789999999,False
SOPH,-5.66988153,False
PYTH,-4.5449106499999985,False
IO,-4.468440230000001,False
KAS,-2.9780627399999995,False
RENDER,-2.9411685399999996,False
REZ,-2.472894709999999,False
TRUMP,-2.3102558199999996,False
ALT,-2.240040769999999,False
MOVE,-2.06876598,False
kFLOKI,-1.8240276399999988,False
AVNT,-1.1292442999999994,False
STRK,-0.9913502199999986,False
MERL,-0.7809021699999998,False
BCH,-0.5622752000000003,False
ANIME,-0.14295224999999953,False
