coin,fundingRate_avg_5d,isNew
ACE,-257.29044472,False
POLYX,-49.66054001,False
GMT,-31.27826839,False
kBONK,-31.222157669999994,False
W,-26.67635788,False
STABLE,-26.320328119999992,False
kNEIRO,-25.74511951,False
OP,-25.100828810000003,False
SUPER,-24.44993234,False
TURBO,-23.904493130000002,False
AERO,-22.55332664,False
NEO,-21.461801440000002,False
ZETA,-21.32209477,False
UMA,-18.080403480000005,False
TRB,-17.58359468,False
ZORA,-16.916219920000003,False
ATOM,-16.79782998,False
ME,-16.77344725,False
S,-15.68995789,False
WCT,-13.413388650000002,False
MET,-13.332231630000006,False
YGG,-12.319231069999999,False
TRX,-12.180111320000002,False
MOODENG,-11.5509214,False
HYPER,-10.777879870000001,False
VIRTUAL,-10.1075873,False
TIA,-9.91851073,False
ZK,-9.63898643,False
XAI,-9.27744298,False
GAS,-8.02264744,False
SEI,-7.718189260000001,False
MEME,-6.383714949999997,False
AIXBT,-6.36891858,False
POPCAT,-6.238385089999999,False
SOPH,-5.47902303,False
PYTH,-5.110851179999998,False
MINA,-4.99411615,False
MERL,-3.1894028499999996,False
IO,-3.07163414,False
KAS,-2.9780627399999995,False
REZ,-2.3869919599999987,False
MOVE,-1.9727556499999999,False
kFLOKI,-1.8361003799999984,False
RENDER,-1.39480516,False
TRUMP,-0.9024836700000001,False
ANIME,-0.8525429099999999,False
STRK,-0.447924349999999,False
BSV,-0.3665235099999985,False
