coin,fundingRate_avg_5d,isNew
YZY,-500.32581663,False
ZETA,-275.00884047,False
STABLE,-162.50174636,False
BIO,-139.65774613,False
SAGA,-120.24088712000001,False
FTT,-111.23345508,False
BLAST,-106.66875413000001,False
BLUR,-87.27510985,False
DOT,-74.15792381000003,False
ALT,-68.09470149,False
FET,-62.248693590000016,False
0G,-61.78082783000001,False
COMP,-57.38095723000001,False
ACE,-47.53865265999999,False
TRUMP,-47.04173143999999,False
SUPER,-42.84606447,False
TURBO,-39.57882172,False
kLUNC,-38.873897219999996,False
JTO,-35.578906440000004,False
BERA,-31.16659737,False
REZ,-30.099621339999995,False
POLYX,-26.263076410000004,False
XAI,-26.22918397,False
KAITO,-25.526645839999997,False
AVNT,-23.847908640000004,False
W,-22.18390065,False
S,-20.008157550000004,False
RESOLV,-17.443413510000006,False
PROVE,-17.042093819999998,False
BANANA,-16.989784210000003,False
APE,-14.774874420000002,False
DYM,-14.73628881,False
OP,-14.506173099999998,False
EIGEN,-14.45414746,False
HYPER,-14.39414219,False
MEW,-14.091092910000002,False
POL,-14.001346710000004,False
kNEIRO,-10.722667780000002,False
ETH,-10.30340396,False
IP,-10.012843519999997,False
MEME,-9.77772585,False
SEI,-8.746543909999998,False
APT,-8.64700549,False
TIA,-8.619368419999999,False
ME,-8.58106459,False
WCT,-8.45495928,False
SAND,-7.74169088,False
MOVE,-7.442316419999999,False
USUAL,-6.82275812,False
ANIME,-6.751905049999999,False
BIGTIME,-6.733471819999998,False
IMX,-5.882683099999999,False
GAS,-5.730178799999999,False
2Z,-5.3694522199999986,False
IO,-5.27724738,False
UMA,-5.233037849999998,False
INIT,-5.19959874,False
BTC,-5.10744792,False
ARK,-4.63610006,False
INJ,-4.120635379999999,False
ARB,-2.5745931999999994,False
SUI,-2.5028707,False
BSV,-1.4744700599999991,False
XLM,-1.250906099999999,False
MELANIA,-0.9941870000000024,False
WLFI,-0.8901415599999993,False
ZEN,-0.8558979899999987,False
AXS,-0.5045614000000008,False
AERO,-0.4992010099999997,False
HBAR,-0.06944636000000041,False
