coin,fundingRate_avg_5d,isNew
BLAST,-182.37395600999997,False
CHIP,-79.30812856,False
STABLE,-72.60309243000002,False
kLUNC,-53.88097076999999,False
WIF,-43.51572193999999,False
COMP,-42.68010261999999,False
IO,-34.41564633,False
XAI,-32.10200696,False
2Z,-31.744107669999998,False
HYPER,-29.712759299999995,False
STX,-27.4917927,False
BABY,-24.88292162,False
WLD,-24.102242100000005,False
KAITO,-19.47437863,False
BIO,-17.38075542,False
BERA,-16.86480383,False
REZ,-15.577437879999996,False
TRUMP,-14.135986450000004,False
APE,-12.73374843,False
kNEIRO,-11.842394339999998,False
MEGA,-11.520348270000001,False
APT,-10.240414450000001,False
ARB,-10.082435879999998,False
0G,-9.835306059999999,False
FTT,-8.636607369999998,False
ICP,-8.42662579,False
MINA,-6.777137499999999,False
USTC,-6.232523190000001,False
MERL,-6.188724649999999,False
IMX,-4.739239569999998,False
WLFI,-4.530895379999999,False
SEI,-4.454151939999999,False
DYM,-3.9242828999999997,False
ATOM,-3.5074667700000006,False
SUI,-2.95081914,False
CAKE,-2.767927859999999,False
TIA,-2.36872517,False
BANANA,-2.2907049599999993,False
ORDI,-1.5330262799999996,False
EIGEN,-1.1602327999999993,False
SCR,-0.4785098899999998,False
