coin,fundingRate_avg_5d,isNew
LAYER,-300.65122517355366,False
TNSR,-215.16092348429754,False
0G,-173.25552470082644,False
FOGO,-80.9328754909091,False
ZORA,-79.7431321090909,False
ME,-72.3182060628099,False
CHIP,-64.03731942148762,False
AIXBT,-61.27892211570248,False
TRUMP,-55.62182488264463,False
USUAL,-54.56153547768594,False
kNEIRO,-52.438962138842975,False
AVNT,-51.88602152727272,False
S,-49.180145851239665,False
SUSHI,-47.51018506115702,False
STABLE,-46.57673176859504,False
PROVE,-42.318414684297515,False
MINA,-39.11158067107438,False
SNX,-33.22075505454545,False
AXS,-32.70996814214876,False
2Z,-32.54306480330578,False
VVV,-32.33173378512395,False
MERL,-30.720082016528917,False
IOTA,-30.70207261487604,False
BIO,-29.332193226446282,False
STRK,-27.44362844628099,False
BSV,-26.9723628892562,False
ADA,-26.442546505785124,False
XAI,-22.70369814545455,False
kSHIB,-22.083954208264462,False
TRX,-22.061936925619836,False
kLUNC,-21.103809391735535,False
ANIME,-18.631874221487603,False
NOT,-15.073048204958676,False
KAITO,-14.156680532231407,False
kFLOKI,-13.617709586776856,False
STX,-12.870222406611568,False
GAS,-12.4840236892562,False
YGG,-12.292085573553718,False
SKY,-12.016318601652893,False
MEME,-11.895602905785125,False
ATOM,-11.80408334876033,False
INJ,-11.506586509090907,False
BABY,-11.293981309090908,False
VIRTUAL,-10.91337234049587,False
POPCAT,-9.423100869421484,False
DOT,-9.26460278677686,False
BERA,-9.054927480991736,False
ARB,-8.70968719338843,False
ZETA,-8.575650505785124,False
SOL,-8.125364062809918,False
PENGU,-8.112399986776857,False
KAS,-7.9635538314049565,False
FIL,-7.471050704132229,False
W,-6.560403818181818,False
XRP,-6.381748323966943,False
RUNE,-6.312236638016528,False
IO,-6.096430056198346,False
RESOLV,-5.888094089256198,False
HYPER,-5.820378565289255,False
RENDER,-5.7537612991735525,False
MON,-5.3889384297520655,False
ETH,-5.335863689256199,False
MNT,-4.6887972396694195,False
SOPH,-4.659757477685949,False
WLFI,-4.556231652892563,False
AVAX,-4.223106952066115,False
NIL,-3.880681447933883,False
DOGE,-3.839064932231405,False
APT,-3.7758785454545456,False
POLYX,-3.7120883702479333,False
BIGTIME,-3.539378092561981,False
ETC,-3.1210786809917335,False
BOME,-2.8294546611570244,False
INIT,-2.25714214214876,False
OP,-1.6298160991735533,False
CELO,-1.5989606280991726,False
TIA,-1.173528694214876,False
ALT,-1.0719510644628096,False
SUPER,-1.0643725785123954,False
GMT,-0.6159199438016523,False
kPEPE,-0.507156218181818,False
