coin,fundingRate_avg_5d,isNew
BLUR,-425.3402130644628,False
TNSR,-208.14615149752066,False
BLAST,-202.71037602644628,False
TRUMP,-126.06704159008265,False
0G,-111.79439603305786,False
SUPER,-93.05999071735538,False
REZ,-88.69683380826447,False
ALT,-85.43159303801653,False
AXS,-85.35895091900827,False
POL,-80.2827256661157,False
MINA,-70.19238500826448,False
DYM,-67.24524952066116,False
STABLE,-55.721318935537184,False
BERA,-51.914453157024795,False
COMP,-50.21049487933883,False
JTO,-44.552161110743796,False
TURBO,-43.837209728925615,False
W,-41.46252431404959,False
APT,-40.372001325619834,False
GAS,-39.61030557024794,False
EIGEN,-37.23862099834711,False
SOPH,-36.23247273719008,False
IMX,-36.21233776859505,False
DASH,-35.98394140165289,False
WLFI,-34.01587925950414,False
NEO,-30.566371527272732,False
MOVE,-24.555496264462807,False
FET,-24.06461699504132,False
BSV,-23.770566238016535,False
STRK,-23.52872363305785,False
2Z,-21.56156717355372,False
HYPER,-20.80672810909091,False
ZEC,-19.30139160991736,False
SEI,-19.234706290909088,False
OP,-19.1513009553719,False
STX,-18.380650452892564,False
DOT,-17.10894098181818,False
ICP,-16.55012682644628,False
YZY,-15.364286350413224,False
ARK,-15.285249431404962,False
ZETA,-14.434919127272726,False
SAND,-14.292209315702479,False
GMT,-14.08929079338843,False
POLYX,-13.3362515107438,False
IOTA,-12.550980495867769,False
AIXBT,-12.34088166942149,False
BABY,-12.102063074380167,False
kNEIRO,-11.897252826446282,False
HBAR,-11.37265334876033,False
XAI,-11.255356948760332,False
IP,-11.003315097520662,False
ANIME,-10.645192542148761,False
kLUNC,-10.61397001983471,False
RESOLV,-10.006864373553716,False
BANANA,-9.57322410247934,False
PROVE,-9.13057913057851,False
TIA,-9.010689480991735,False
S,-8.68503467107438,False
APE,-8.06978946446281,False
KAITO,-7.84980921322314,False
ARB,-7.713805507438017,False
USTC,-7.503309947107436,False
IO,-6.968817461157025,False
MERL,-6.904367028099171,False
JUP,-6.345366089256198,False
INJ,-5.493221523966941,False
KAS,-4.764539385123967,False
ADA,-4.175186132231404,False
kSHIB,-3.653070585123966,False
PENGU,-2.257764753719008,False
AVNT,-1.3464503702479316,False
USUAL,-1.0055748793388408,False
SUSHI,-0.6407056760330573,False
kFLOKI,-0.01051417190082566,False
