coin,fundingRate_avg_5d,isNew
YZY,-558.78368738,False
ZETA,-288.20252029,False
BIO,-129.14632575000005,False
FTT,-125.05574884999999,False
SAGA,-120.24088712000004,False
BLAST,-107.09633192,False
STABLE,-103.37857478000001,False
COMP,-103.22484408,False
BLUR,-98.42860757000001,False
ALT,-73.7790852,False
FET,-61.57717534999998,False
ACE,-56.71462637,False
DOT,-50.147647840000005,False
0G,-45.18687954999999,False
SUPER,-41.159589999999994,False
kLUNC,-37.876449310000005,False
BERA,-37.49361249000001,False
TRUMP,-36.67082511,False
TURBO,-36.1223637,False
XAI,-33.8617654,False
KAITO,-29.2876365,False
JTO,-27.475694739999998,False
POLYX,-25.074987540000002,False
AVNT,-21.227846660000008,False
W,-20.95407914,False
REZ,-20.92495725,False
APE,-20.8265934,False
S,-20.046756300000002,False
PROVE,-17.9834551,False
BANANA,-17.08541567,False
RESOLV,-16.588606140000007,False
EIGEN,-16.55452244,False
OP,-16.18788213,False
IP,-16.09595688,False
HYPER,-13.544442630000004,False
DYM,-13.099321479999999,False
ETH,-12.71862137,False
TIA,-12.326648599999999,False
UMA,-12.23341008,False
MEW,-12.15081934,False
SAND,-10.32426809,False
WLD,-9.750269089999998,False
USUAL,-9.437164789999999,False
kNEIRO,-9.096213910000001,False
POL,-8.869291220000001,False
INIT,-8.800027359999998,False
ME,-8.71281353,False
MEME,-8.60981418,False
ANIME,-8.42946476,False
WCT,-8.400628300000001,False
GAS,-7.111192069999998,False
AERO,-7.057268430000001,False
SEI,-7.024608959999999,False
BTC,-6.442330300000001,False
MOVE,-6.4263724999999985,False
APT,-6.228108880000001,False
BIGTIME,-5.810856939999999,False
IO,-5.270308729999999,False
ARK,-5.2618619,False
ARB,-4.530227430000001,False
INJ,-3.9652264099999988,False
SUI,-3.23992031,False
STRK,-2.7700718699999993,False
IMX,-2.0334653699999987,False
2Z,-0.45815821999999956,False
PNUT,-0.2516470599999997,False
WLFI,-0.052026369999999864,False
