coin,fundingRate_avg_5d,isNew
LAYER,-305.2282513289256,False
STABLE,-140.22110860165293,False
CHIP,-92.8213943801653,False
MOVE,-82.32589431074382,False
kLUNC,-53.65668684297521,False
BANANA,-49.64413409256199,False
BLAST,-47.43101276033059,False
SKY,-24.53398358677686,False
INJ,-14.661947196694213,False
COMP,-12.948517259504134,False
W,-12.692106991735542,False
BLUR,-11.275712003305784,False
KAITO,-10.48759941818182,False
MERL,-7.9131896231404975,False
EIGEN,-7.444856132231405,False
ICP,-6.612294872727273,False
NOT,-6.573276674380166,False
WLD,-6.125110006611569,False
TRUMP,-5.795072300826447,False
ATOM,-3.9582979438016532,False
WLFI,-3.430930016528924,False
APE,-2.582723831404958,False
BABY,-2.455273795041322,False
BERA,-2.093492310743801,False
GALA,-1.354678254545454,False
BSV,-1.057602763636362,False
PENGU,-0.9525551603305785,False
0G,-0.6121031900826426,False
AXS,-0.027237084297518706,False
