coin,fundingRate_avg_5d,isNew
BLAST,-135.39342047000002,False
POLYX,-128.4435949,False
ANIME,-118.03703026,False
IP,-107.19510018999999,False
kLUNC,-86.68945494,False
ZK,-74.55584388999999,False
VVV,-39.658410700000005,False
GAS,-37.70693382,False
ACE,-37.540544190000006,False
REZ,-37.265523259999995,False
ZETA,-33.43189979,False
BERA,-29.308370690000004,False
XAI,-24.4418527,False
USTC,-23.17294407,False
TNSR,-22.2862649,False
MINA,-21.858199469999995,False
SUPER,-13.550372420000002,False
ATOM,-12.467272880000001,False
LAYER,-11.373702220000002,False
USUAL,-10.84191693,False
BSV,-9.438486819999998,False
SCR,-8.55483861,False
CELO,-7.902466080000001,False
MELANIA,-6.512681129999998,False
TRUMP,-6.02174372,False
ZRO,-4.415448069999998,False
UMA,-4.34350803,False
MEME,-3.852670629999999,False
FTT,-2.5590916499999956,False
MANTA,-1.6951724199999985,False
