coin,fundingRate_avg_5d,isNew
AXS,-966.79686418,True
RESOLV,-781.60315104,False
0G,-676.0752657300001,False
BERA,-607.1471706899999,False
DASH,-190.82727936,True
MOODENG,-180.3917454,False
KAITO,-174.10500365,False
AVNT,-171.59885014000002,False
ME,-152.42888881,False
YZY,-94.99012142,False
ZORA,-77.26649595,False
LAYER,-73.84732706,False
FOGO,-66.14699068,False
BLAST,-65.34534337000001,False
DYM,-56.08945364,False
IP,-55.18212276999999,False
IO,-51.83946737,False
MOVE,-49.52707338,False
REZ,-46.78728775,False
MANTA,-46.38607464,False
ANIME,-45.85966799,False
SUPER,-45.5624317,False
ACE,-45.5189529,False
WLFI,-45.259457610000005,False
XAI,-38.26435014,False
SKY,-34.95608577000001,False
POPCAT,-32.17904386,False
WCT,-26.44861978,False
ZETA,-26.11115319,False
STRK,-25.12314272,False
APT,-24.91032509,False
EIGEN,-24.43061216,False
SAND,-24.0401191,False
AIXBT,-21.63307258,False
kPEPE,-21.10328311,False
kLUNC,-21.04179667,False
SOPH,-19.91637976,False
TURBO,-18.549971600000003,False
POL,-18.296899579999998,False
kFLOKI,-17.64205892,False
BABY,-15.90291933000001,False
ATOM,-15.46405574,False
TRUMP,-14.302056339999998,False
HEMI,-13.740752770000002,False
AVAX,-12.43054658,False
LINEA,-12.28666942,False
RSR,-12.27145695,False
NIL,-11.780640720000001,False
ZEC,-11.386070609999999,False
SPX,-10.935897859999999,False
GOAT,-10.839379450000001,False
PROVE,-10.49005255,False
ETC,-10.413463140000001,False
SAGA,-8.74836818,False
2Z,-8.61944507,False
ICP,-8.26450666,False
RENDER,-8.09790241,False
BCH,-7.878707500000001,False
ENA,-7.8461838099999985,False
TNSR,-6.302337469999999,False
CAKE,-6.1929571900000004,False
PENGU,-5.97046925,False
STX,-5.636119030000001,False
PNUT,-4.658588439999999,False
NOT,-4.571456369999998,False
MERL,-4.51910442,False
PAXG,-3.94260882,False
XLM,-3.52378227,False
LTC,-3.04703387,False
SNX,-2.690916509999999,False
DOOD,-2.0891672900000016,False
STABLE,-1.8748100899999984,False
BTC,-1.8458633999999998,False
SOL,-0.5950835899999999,False
CRV,-0.30421290000000034,False
BRETT,-0.10062100999999966,False
