coin,fundingRate_avg_5d,isNew
ACE,-255.0735815404959,False
POLYX,-49.24379412892562,False
GMT,-31.57124560661157,False
kBONK,-31.26192131900826,False
W,-26.914302912396696,False
STABLE,-26.012308879338836,False
kNEIRO,-25.627661623140494,False
OP,-24.80288807603306,False
SUPER,-24.52761122975207,False
TURBO,-23.951705662809918,False
ZETA,-22.585553256198345,False
AERO,-22.29475600661157,False
NEO,-21.193935312396697,False
UMA,-17.84048279008265,False
TRB,-17.364551990082646,False
ZORA,-16.827910770247936,False
ME,-16.826058862809916,False
ATOM,-16.56850907107438,False
S,-15.579466700826448,False
WCT,-13.354827778512398,False
MET,-13.131552029752072,False
YGG,-12.483375014876033,False
TRX,-12.064510185123968,False
MOODENG,-11.364963371900828,False
HYPER,-10.734721914049587,False
VIRTUAL,-9.933557652892564,False
TIA,-9.746043699173555,False
ZK,-9.46882951735537,False
XAI,-9.222058145454547,False
GAS,-7.865848700826448,False
SEI,-7.743672763636364,False
MEME,-6.510366842975205,False
AIXBT,-6.225787021487602,False
SOPH,-6.197151233057851,False
POPCAT,-6.096332320661156,False
PYTH,-5.18576217520661,False
MINA,-4.8623465950413225,False
MERL,-3.5100624991735536,False
IO,-3.0468988561983466,False
KAS,-2.862954783471074,False
REZ,-2.276768885950412,False
MOVE,-1.8659560165289257,False
kFLOKI,-1.7304301289256183,False
RENDER,-1.2927819768595041,False
TRUMP,-0.8045292595041321,False
ANIME,-0.755001233057851,False
STRK,-0.3537266280991726,False
BSV,-0.27299852231404814,False
