coin,fundingRate_avg_5d,isNew
TNSR,-181.97993413,False
0G,-167.13427015000002,False
LAYER,-155.20966759000004,False
ZORA,-83.65990749000001,False
FOGO,-80.53273202999999,False
ME,-77.38325653000001,False
S,-68.70004596,False
TRUMP,-62.127747189999994,False
CHIP,-54.84273263000001,False
AIXBT,-52.90589663,False
USUAL,-52.421928529999995,False
STABLE,-51.83017884999999,False
kNEIRO,-50.46968441999999,False
AVNT,-48.65238519,False
SUSHI,-47.023242,False
SNX,-40.045054470000004,False
PROVE,-36.31785186,False
MINA,-35.913279290000006,False
AXS,-33.40408752,False
MERL,-31.651840049999993,False
BSV,-30.967911809999993,False
IOTA,-30.846597489999997,False
VVV,-30.771885639999994,False
ADA,-28.741618399999993,False
2Z,-26.66755554,False
STRK,-25.984632509999997,False
kSHIB,-24.86978381,False
BIO,-24.21017917,False
NOT,-22.68201761,False
XAI,-22.39789358,False
TRX,-22.16151228,False
kLUNC,-19.7785324,False
KAITO,-18.84893142,False
ANIME,-17.38279796,False
POLYX,-14.095345159999995,False
STX,-14.046004459999999,False
kFLOKI,-13.92285419,False
MON,-13.29982547,False
POPCAT,-12.764517199999998,False
SKY,-11.87552174,False
SOPH,-11.430215169999999,False
MEME,-11.378206320000002,False
INJ,-11.25635545,False
ZETA,-10.91094208,False
YGG,-10.590058899999999,False
ATOM,-10.4640463,False
GAS,-10.019165319999999,False
ARB,-8.9145848,False
VIRTUAL,-8.811896429999997,False
XRP,-8.370030349999999,False
APT,-8.26142095,False
KAS,-7.938099569999999,False
BERA,-7.931608410000001,False
FIL,-7.45560899,False
DOT,-7.34714997,False
W,-6.8644155699999985,False
PENGU,-6.70680127,False
ETH,-6.413941329999999,False
SOL,-6.32812107,False
BABY,-5.719589419999999,False
WLFI,-5.4969459899999995,False
CELO,-5.24185041,False
IO,-5.058980299999999,False
MNT,-4.880366819999999,False
DOGE,-4.452175829999999,False
AVAX,-4.12865005,False
NIL,-4.004270459999999,False
OP,-4.00039343,False
kPEPE,-3.94379215,False
GMT,-2.8208805999999997,False
HYPER,-1.9488663999999993,False
RESOLV,-1.790741099999999,False
RUNE,-1.7436414999999983,False
RENDER,-1.7353932299999995,False
BOME,-1.6301308799999992,False
BIGTIME,-0.4549016899999986,False
INIT,-0.3313250999999988,False
MOODENG,-0.1615124999999986,False
ALT,-1.3869999999684146e-05,False
