coin,fundingRate_avg_5d,isNew
BABY,-554.4571788599999,False
STABLE,-84.25857902999999,False
TRX,-81.30840083,False
BSV,-67.46912507,False
ZORA,-54.96454846000001,False
kLUNC,-49.165131349999996,False
MEME,-38.59793605,False
TRUMP,-35.506009369999994,False
SEI,-33.98028163,False
JTO,-30.58699708,False
SNX,-30.220191059999998,False
AVNT,-28.70311309,False
BIO,-26.319017770000002,False
ZK,-24.35350956,False
ALT,-22.493736740000003,False
S,-22.09448149,False
AIXBT,-17.767561249999996,False
UMA,-17.389438039999998,False
STRK,-17.08027793,False
ME,-15.54574201,False
STX,-15.05782899,False
GMT,-14.43001731,False
IO,-14.091109699999999,False
NIL,-13.064058829999999,False
MOODENG,-11.114980729999997,False
ADA,-10.87337628,False
SUSHI,-10.82124041,False
ETC,-10.69047186,False
ATOM,-10.32408486,False
kNEIRO,-9.44756218,False
HYPER,-9.415411520000003,False
VIRTUAL,-8.17650881,False
CHIP,-7.9237835400000005,False
APT,-7.78624716,False
BCH,-7.4256286199999995,False
MON,-7.412776969999999,False
TON,-7.34380438,False
MORPHO,-6.765103449999999,False
MERL,-6.629499379999999,False
POLYX,-6.407739980000001,False
ZEC,-6.189312299999998,False
DOT,-6.04021564,False
SOL,-5.96491906,False
DASH,-5.876035719999999,False
PENGU,-5.66229975,False
CAKE,-5.577254019999999,False
XRP,-5.3954825600000005,False
AERO,-4.910812199999999,False
IP,-4.774123349999999,False
OP,-4.665912529999999,False
2Z,-4.47779737,False
W,-4.260591709999999,False
MEGA,-3.851175589999999,False
kFLOKI,-3.77105955,False
COMP,-3.18122393,False
XLM,-3.0920653799999993,False
0G,-2.8578244399999986,False
PUMP,-2.7361947599999987,False
SAGA,-1.6704801699999985,False
YGG,-1.4060931499999998,False
INJ,-1.4051419599999995,False
TIA,-0.8914548299999995,False
