coin,fundingRate_avg_5d,isNew
POLYX,-328.2222718016529,False
AVNT,-224.56101809,False
IP,-130.9468864661157,False
0G,-121.9667575,False
REZ,-118.22761551074382,False
kLUNC,-105.27823238677686,False
KAITO,-91.41333677,False
RESOLV,-82.67581712000003,False
BLAST,-77.48818865454547,False
ANIME,-62.266565057851246,False
SOPH,-59.22985889000001,False
USTC,-43.55685932231405,False
ZORA,-42.87946342999999,False
GAS,-38.72135090578511,False
MANTA,-29.05165458842976,False
ZETA,-27.105383127272727,False
SUPER,-25.694789285950417,False
TNSR,-24.40797352066116,False
PROVE,-21.20143599,False
USUAL,-20.50055886942149,False
CELO,-19.027108046280993,False
TRUMP,-17.81651658842976,False
UMA,-17.45042605289256,False
DOOD,-17.03288852,False
WCT,-16.725868040000005,False
kNEIRO,-16.570562965289266,False
MINA,-16.334354995041323,False
ZEC,-14.961498920000006,False
XAI,-14.449930581818183,False
MEME,-14.23583618181818,False
HYPER,-13.564987019999998,False
LAYER,-13.257625080991735,False
ACE,-12.70622869090909,False
MELANIA,-11.875014009917356,False
SCR,-10.960301325619833,False
IMX,-10.85314335867769,False
ATOM,-10.803874512396693,False
TURBO,-10.46282671735537,False
BSV,-10.249429497520662,False
NEO,-9.734867821487605,False
MERL,-8.75719028429752,False
XLM,-3.7525211999999972,False
VVV,-3.694579953719006,False
DYM,-3.123417094214877,False
FTT,-2.4474462644628074,False
DOT,-1.9668690446280994,False
BERA,-1.7416081785123945,False
ADA,-1.4094564892561983,False
MOODENG,-1.3498921090909064,False
FET,-0.8107524793388414,False
ZRO,-0.4452338776859496,False
ETC,-0.3506743834710734,False
