coin,fundingRate_avg_5d,isNew
SUPER,-533.97957145,False
BLUR,-427.08520497999996,False
REZ,-301.6497415199999,False
TNSR,-201.44313281,False
BLAST,-144.94518577,False
ALT,-139.53693332,False
FTT,-119.78562481000003,False
SOPH,-79.37533309000003,False
DYM,-77.64524258,False
NIL,-63.731063710000015,False
MINA,-62.685810289999985,False
BERA,-61.61903428,False
AXS,-59.847950620000006,False
STABLE,-59.084080809999996,False
POL,-55.093036489999996,False
TURBO,-53.33357151,False
JTO,-53.15556101,False
TRUMP,-48.35941794,False
APT,-39.598145550000005,False
MOODENG,-34.049875449999995,False
0G,-32.13610599,False
DASH,-31.35206774,False
AVNT,-30.853463870000002,False
EIGEN,-29.706723659999994,False
BSV,-29.508003060000004,False
ZETA,-28.677776250000004,False
ANIME,-25.171776780000002,False
ZEC,-24.32472639,False
STRK,-24.14872047,False
COMP,-23.648891659999997,False
MOVE,-23.322150960000002,False
LAYER,-22.096818950000003,False
IMX,-21.61619863,False
W,-20.166670479999997,False
POLYX,-19.5414284,False
ME,-19.401510760000008,False
2Z,-15.54591502,False
NEO,-15.236699430000002,False
XAI,-15.019409090000002,False
BANANA,-14.17231709,False
kLUNC,-14.071851569999998,False
GAS,-14.00485217,False
MERL,-12.76840299,False
S,-12.124116669999998,False
HYPER,-11.281201,False
PROVE,-11.129935510000001,False
WLFI,-11.09961058,False
OP,-10.96506428,False
FET,-10.275735500000005,False
ICP,-9.65394267,False
SEI,-9.31242969,False
AIXBT,-8.831014399999999,False
KAS,-7.62398422,False
IO,-7.373214619999999,False
TIA,-6.938063080000001,False
HBAR,-4.18750046,False
ARK,-4.04096683,False
kNEIRO,-3.1759591699999996,False
INIT,-2.73593853,False
ZORA,-2.679587639999998,False
DOT,-2.51537122,False
AERO,-1.8635126099999977,False
INJ,-1.8158720799999992,False
ARB,-1.4858587899999998,False
BRETT,-1.1469219799999995,False
MEW,-0.6975624499999992,False
JUP,-0.47604321999999916,False
ADA,-0.17407579999999984,False
APE,-0.15804718999999884,False
VVV,-0.14549702999999883,False
