coin,fundingRate_avg_5d,isNew
ANIME,-339.51045567999995,False
AVNT,-312.80912669,False
HYPER,-301.9987099899999,False
GMT,-299.15595931999997,False
BERA,-243.55251048000002,False
BLUR,-213.1996828,False
POLYX,-202.33589068999999,False
IP,-163.2959338,False
MOVE,-154.02832903,False
VVV,-151.96913773,False
BLAST,-138.26335342000004,False
0G,-82.58802659,False
ME,-75.44017392,False
REZ,-56.90205533,False
ZETA,-38.194588419999995,False
TNSR,-37.72578460999999,False
ZORA,-30.980006449999998,False
FTT,-22.792919939999997,False
MEW,-19.95876794,False
FOGO,-18.6565516,False
MEME,-17.43977446,False
CELO,-17.42807402,False
IO,-16.749252860000002,False
AR,-16.53773317000001,False
kLUNC,-15.346822119999999,False
XAI,-14.85754327,False
BSV,-12.14992582,False
TRUMP,-10.64214513,False
ATOM,-9.9406363,False
WCT,-9.475552569999998,False
GMX,-9.468901540000001,False
PROVE,-8.599583229999999,False
ACE,-8.21692234,False
NOT,-6.1249847,False
USTC,-5.41480274,False
SCR,-5.06233611,False
SUPER,-4.298828380000001,False
ZEC,-3.7687199000000002,False
2Z,-3.731860739999999,False
STX,-2.867308599999999,False
BIO,-2.775040249999999,False
ZEREBRO,-2.4432092599999953,False
SKY,-2.3343910799999983,False
TRX,-2.06030528,False
FET,-1.8877383899999982,False
IMX,-1.875653239999999,False
APT,-1.81773285,False
SAND,-1.5568680799999988,False
BCH,-1.4378167599999996,False
BABY,-1.401429909999998,False
MELANIA,-1.0795729099999996,False
TURBO,-1.0429539199999995,False
ETC,-0.1177343999999995,False
SOPH,-0.010018519999999411,False
