coin,fundingRate_avg_5d,isNew
LAYER,-304.90741741487597,False
STABLE,-125.61232664132231,False
MOVE,-81.47074093884298,False
kLUNC,-66.8095930016529,False
BANANA,-50.844925933884305,False
ACE,-49.03619516033054,False
BLAST,-47.73026087603306,False
CHIP,-21.91515914380165,False
SKY,-15.341803557024795,False
KAITO,-13.920943140495869,False
INJ,-10.77605680661157,False
MERL,-10.265123652892562,False
W,-10.074925229752067,False
JTO,-9.05984466446281,False
BLUR,-6.737576628099172,False
EIGEN,-6.31290123966942,False
WLFI,-5.879066945454544,False
GRIFFAIN,-4.736254720661155,False
COMP,-4.116853943801652,False
NOT,-3.992987543801653,False
ATOM,-3.5117985719008264,False
TRUMP,-2.2071826314049576,False
BERA,-2.182456264462809,False
ICP,-1.0155055338842962,False
DYM,-0.9666355933884292,False
