coin,fundingRate_avg_5d,isNew
LAYER,-388.14749627,False
ACE,-154.67750927000003,False
0G,-115.91002853,False
CHIP,-72.10219344000001,False
VVV,-61.911051069999985,False
STABLE,-58.56111318999999,False
AXS,-56.77008593000001,False
S,-54.86740516999999,False
TRUMP,-46.9070187,False
RESOLV,-43.842986780000004,False
MINA,-42.54057261,False
kLUNC,-40.74221907,False
2Z,-40.37945068,False
PROVE,-36.29280337,False
KAITO,-35.722371149999994,False
BIO,-34.325005149999996,False
AVNT,-33.128229280000006,False
USUAL,-29.956195320000003,False
ANIME,-28.06033641,False
SUSHI,-27.859771100000003,False
ADA,-27.400512039999995,False
ATOM,-27.103793319999998,False
BABY,-26.461130519999998,False
GAS,-24.63547206,False
MEME,-20.832905710000002,False
kSHIB,-18.684309850000005,False
YGG,-18.35250733,False
ZORA,-16.23224861,False
BIGTIME,-15.863040889999999,False
RSR,-15.183302850000002,False
SNX,-13.013221629999999,False
BLUR,-12.77113392,False
HYPER,-12.62211683,False
INIT,-10.934475820000001,False
BERA,-9.092848609999999,False
INJ,-9.0923982,False
DOT,-7.946785110000001,False
MORPHO,-7.12249539,False
TRX,-6.694489089999999,False
STX,-6.44923756,False
VIRTUAL,-6.20002797,False
SOL,-6.14982003,False
ARB,-6.01181207,False
ARK,-5.575502019999999,False
AVAX,-5.058670049999999,False
SUPER,-4.80320801,False
RUNE,-4.341410739999998,False
TIA,-3.8039022499999993,False
OP,-3.519281819999999,False
FIL,-2.72588132,False
CRV,-2.7135158499999994,False
DOGE,-2.2980472999999995,False
MET,-0.4527124199999991,False
WLFI,-0.15985393999999978,False
