coin,fundingRate_avg_5d,isNew
ALT,-305.60469676363635,False
CHIP,-92.64676631404959,False
IO,-89.93909085619835,False
SAGA,-56.75329254545454,False
ZORA,-39.61705656198347,False
ME,-38.67380510082644,False
0G,-37.13628827107438,False
TRUMP,-36.535326208264465,False
SUPER,-30.76166305785123,False
BCH,-27.677240995041323,False
ETC,-24.393330565289258,False
TON,-24.068849305785125,False
COMP,-23.046497940495872,False
FOGO,-21.946757404958685,False
MINA,-21.81623050909091,False
MEGA,-21.762140766942153,False
JUP,-20.545039398347104,False
BLAST,-17.31085174214876,False
VVV,-16.647257127272727,False
HYPER,-14.239478459504136,False
HEMI,-13.676759226446281,False
TRX,-13.613903692561982,False
STABLE,-13.491828386776863,False
SUSHI,-13.204782733884297,False
SAND,-13.174350783471075,False
OP,-13.083996813223143,False
STX,-12.297001309090911,False
DASH,-12.138259249586778,False
STRK,-11.599316538842974,False
kSHIB,-11.561416869421487,False
BLUR,-11.548751067768597,False
ADA,-11.188088112396695,False
SEI,-10.861680376859503,False
kLUNC,-10.380112770247932,False
GMT,-10.329083236363635,False
MON,-10.242008112396697,False
AIXBT,-9.954385457851242,False
BSV,-9.67351017520661,False
INJ,-8.947546532231405,False
MOVE,-8.94472812892562,False
CRV,-8.926061365289256,False
PENGU,-8.79405612892562,False
2Z,-8.415704489256196,False
kNEIRO,-7.374544462809917,False
S,-7.032327461157025,False
TURBO,-6.684670571900826,False
SNX,-6.533266641322312,False
PROVE,-5.473288542148758,False
PENDLE,-4.934091719008263,False
MOODENG,-4.436948687603305,False
BABY,-4.341587761983471,False
PURR,-3.7921909685950452,False
MERL,-2.9450548066115685,False
JTO,-2.6744055570247918,False
INIT,-2.400769943801652,False
ZETA,-2.034861123966942,False
SPX,-1.949195563636363,False
NOT,-1.9256492628099164,False
TST,-1.8940987834710745,False
APT,-1.8635987801652891,False
W,-1.859993424793388,False
XRP,-1.5570284628099171,False
ZEC,-1.1640729619834709,False
ONDO,-0.874833689256198,False
KAITO,-0.8056709553719003,False
