coin,fundingRate_avg_5d,isNew
HYPER,-349.48705250999996,False
STABLE,-253.44982711999998,False
YZY,-215.45179850000002,False
BLAST,-175.90065911,False
SKR,-171.73986789000003,False
CHIP,-130.15877589000002,True
0G,-101.82062265,False
APE,-86.73356446,False
AXS,-83.11339883000001,False
TRUMP,-67.1743664,False
kNEIRO,-40.79418047000001,False
kLUNC,-38.760109930000006,False
COMP,-35.038054550000005,False
BIO,-33.37931351,False
2Z,-32.38494985,False
AZTEC,-31.98067731,False
REZ,-31.28169209,False
TRX,-26.8253465,False
MORPHO,-24.60913512000001,False
BERA,-21.896417890000002,False
BANANA,-21.127103010000003,False
INJ,-20.89111664,False
MINA,-20.230411890000003,False
ALT,-18.11330312,False
BLUR,-17.60151691,False
CAKE,-16.30286297,False
WLD,-16.2360906,False
AVNT,-15.37350654,False
STRK,-15.049846439999998,False
EIGEN,-13.548858400000002,False
POL,-13.32461262,False
MOVE,-12.22527569,False
JTO,-11.022000630000003,False
KAITO,-10.025986439999999,False
DYM,-9.88758793,False
BABY,-8.80805225,False
NOT,-8.535662969999999,False
TST,-8.525530569999999,False
JUP,-8.50526139,False
MON,-8.399721639999997,False
PROVE,-8.21429507,False
TIA,-8.04959101,False
PNUT,-7.599080269999999,False
WLFI,-7.412847779999997,False
USTC,-7.320480880000001,False
ZK,-7.084800379999998,False
W,-6.880497470000003,False
S,-6.86316727,False
SUI,-6.65384269,False
XAI,-5.888880799999999,False
FET,-5.583800659999999,False
AERO,-4.683279959999998,False
SOL,-3.81794818,False
IMX,-3.5240625899999993,False
DOT,-2.7107104599999996,False
TAO,-2.16013278,False
PURR,-1.6286898599999977,False
PEOPLE,-1.3508452899999996,False
ICP,-1.0024578999999996,False
ACE,-0.9176618299999998,False
USUAL,-0.7443539899999979,False
SNX,-0.5882135599999987,False
ETH,-0.5838007099999999,False
ENA,-0.48425134,False
ADA,-0.2472524599999997,False
PYTH,-0.23436723000000004,False
ETC,-0.17645924999999946,False
