coin,fundingRate_avg_5d,isNew
AXS,-926.3764867799999,False
YZY,-492.85959855,False
AVNT,-383.37473145,False
0G,-370.1103175499999,False
LAYER,-246.22331695,False
BLAST,-211.57599635999998,False
MOVE,-209.99010421,False
RESOLV,-181.94283772,False
ZETA,-132.58287448,False
ZORA,-126.02712554,False
SUPER,-103.80752351000001,False
SKR,-83.74996978,True
FOGO,-80.80425042,False
JTO,-79.26525201,False
WCT,-76.54602902000002,False
DASH,-75.59874378999999,False
BERA,-70.90465617999999,False
PURR,-56.00945877999999,False
ANIME,-51.74717784999999,False
MOODENG,-50.43975223,False
MANTA,-47.257380739999995,False
XAI,-38.72947548,False
SKY,-31.89380731,False
2Z,-30.295232140000003,False
SOPH,-29.694483749999996,False
DYM,-29.264350959999998,False
IO,-29.178864310000005,False
LINEA,-28.236462780000004,False
ATOM,-24.499800829999998,False
MERL,-23.49480399,False
kFLOKI,-22.8896829,False
APT,-22.83422626,False
GMT,-22.13502934,False
TRUMP,-21.544341080000002,False
POL,-21.18476644,False
KAITO,-20.494313460000004,False
BRETT,-20.063886479999997,False
POPCAT,-18.537025050000004,False
REZ,-18.19383453,False
ACE,-17.713131720000003,False
HYPER,-16.8027239,False
STRK,-16.624232329999998,False
EIGEN,-15.86906558,False
HEMI,-13.979338669999999,False
SAND,-13.6802292,False
ICP,-13.525309329999999,False
SCR,-13.010911179999997,False
BABY,-12.36029211,False
OP,-12.313519549999999,False
S,-11.961094530000002,False
kLUNC,-10.590533400000002,False
TURBO,-10.577254699999997,False
AVAX,-10.520059199999999,False
XLM,-10.30497054,False
ME,-9.105633829999999,False
PROVE,-8.71410782,False
AIXBT,-8.190932880000002,False
VVV,-6.982955890000001,False
STX,-6.722624019999999,False
DOGE,-6.10579665,False
CAKE,-6.095738709999999,False
kPEPE,-5.622562199999998,False
WLFI,-5.4609226799999995,False
USUAL,-5.06575105,False
PNUT,-4.955707929999999,False
ETC,-4.59546388,False
RSR,-4.341198309999999,False
CELO,-3.5544889899999994,False
SOL,-2.8230851999999995,False
ZEC,-2.773820419999999,False
LTC,-2.4517393100000002,False
STABLE,-2.2845036099999994,False
MELANIA,-2.098203229999999,False
ENS,-1.5389859999999997,False
CRV,-1.3518928399999992,False
SAGA,-0.9240792599999992,False
PAXG,-0.6451608599999996,False
GOAT,-0.414653139999999,False
