coin,fundingRate_avg_5d,isNew
BLAST,-165.71248638,False
CHIP,-108.10991648,False
STABLE,-97.95784225,False
kLUNC,-41.29150757,False
WLD,-40.74075104,False
REZ,-40.11136694000001,False
kNEIRO,-39.932995819999995,False
BERA,-33.787724419999996,False
MERL,-33.2222416,False
APE,-31.455992000000002,False
TRUMP,-30.992479960000008,False
COMP,-28.203614240000004,False
BIO,-25.69277997,False
XAI,-24.132421760000007,False
WLFI,-22.843747650000005,False
KAITO,-20.36345366,False
2Z,-19.2201189,False
CAKE,-14.070525890000003,False
SEI,-13.9468982,False
MON,-13.558582000000005,False
IMX,-13.285081660000001,False
USTC,-12.80887565,False
BABY,-12.714663309999999,False
ICP,-10.08502008,False
ARB,-9.73649034,False
0G,-8.72464245,False
GRIFFAIN,-8.261579360000002,False
STX,-6.624155779999998,False
SUI,-6.564701660000001,False
ALT,-4.92253235,False
GAS,-3.86444626,False
AXS,-3.793759629999998,False
XRP,-3.4287735,False
APT,-3.22172798,False
TURBO,-3.0573531499999986,False
TIA,-2.91063921,False
GALA,-2.4403644499999997,False
MOVE,-2.3757076199999987,False
MINA,-1.6412100899999988,False
SUSHI,-1.2740273899999996,False
STRK,-1.2112656399999993,False
DYM,-1.1347755099999992,False
BTC,-0.72758078,False
SCR,-0.16364555999999975,False
BIGTIME,-0.16362292999999975,False
