coin,fundingRate_avg_5d,isNew
ACE,-265.24137549999995,False
POLYX,-50.05139661,False
GMT,-47.192684490000005,False
ME,-28.834283870000004,False
ZETA,-27.739018149999996,False
kNEIRO,-25.84387026,False
ZORA,-23.53009,False
YGG,-23.25667653,False
W,-21.31368152,False
GAS,-19.75806758,False
STX,-17.763365940000003,False
SOPH,-15.577402839999998,False
TURBO,-14.949648829999997,False
SEI,-12.219281660000002,False
ATOM,-11.820259279999998,False
SUPER,-11.3972199,False
MOVE,-8.61066317,False
AIXBT,-8.35871316,False
HYPER,-8.302127939999998,False
S,-8.26733249,False
AERO,-7.664057569999999,False
MERL,-7.57031681,False
CAKE,-7.517630519999999,False
TIA,-7.028023899999999,False
WCT,-6.9449623099999975,False
MORPHO,-6.689741169999999,False
OP,-6.4921484199999995,False
VIRTUAL,-6.351140159999999,False
NEO,-5.63744252,False
SKR,-5.4875297199999995,False
KAS,-5.244431689999999,False
MINA,-4.995377589999999,False
XAI,-4.8794119799999995,False
BLUR,-3.4819087399999984,False
2Z,-3.3504605599999993,False
FIL,-3.1853272600000007,False
BSV,-3.173058879999999,False
TRB,-2.58908516,False
SAND,-2.369522329999999,False
UMA,-2.0799364399999996,False
AVNT,-1.4485338899999984,False
ALT,-0.3539550999999994,False
