coin,fundingRate_avg_5d,isNew
STABLE,-53.82342195,False
POLYX,-36.493009519999994,False
kNEIRO,-30.714854390000006,False
SNX,-27.89428696,False
XAI,-23.58571892,False
SUPER,-21.41486755,False
MINA,-20.66992883,False
BIGTIME,-18.497851060000006,False
BLUR,-17.94038948,False
ATOM,-16.970312189999998,False
ZETA,-15.319809930000002,False
PENGU,-14.135836800000002,False
STX,-13.317057120000001,False
IO,-12.745213080000001,False
CELO,-12.35997456,False
ANIME,-12.08519526,False
AVNT,-11.551873319999999,False
ME,-11.49625316,False
TRX,-11.21610544,False
PROVE,-9.54099196,False
OP,-8.90883824,False
IOTA,-7.914372380000003,False
KAS,-7.718203129999998,False
S,-7.127154249999999,False
RENDER,-5.891946799999999,False
LIT,-5.615725749999998,False
MEME,-4.321770089999999,False
CRV,-3.1460445000000004,False
SEI,-2.8807187,False
YGG,-2.1270907899999996,False
NEO,-1.671027669999999,False
BCH,-1.476374629999999,False
STRK,-0.3686105799999991,False
WLFI,-0.34683248999999977,False
RSR,-0.14762716999999886,False
