coin,fundingRate_avg_5d,isNew
ANIME,-470.07542270082655,False
GMT,-463.05432107107436,False
AVNT,-366.97886759008264,False
HYPER,-292.57308981818187,False
POLYX,-286.6710412661157,False
0G,-174.04799339504132,False
BLAST,-170.7878906181818,False
BABY,-170.38522237685953,False
IP,-146.74018042314052,False
VVV,-108.62951952396698,False
BERA,-79.55262020826447,False
TNSR,-73.91068646280992,False
FTT,-71.42799676363637,False
REZ,-60.62879039008264,False
CELO,-50.41080277685949,False
kLUNC,-46.60538782809917,False
ZETA,-43.068322809917355,False
WCT,-40.2318579768595,False
ACE,-36.150204753719,False
FOGO,-22.888849071074382,False
XAI,-21.945165401652893,False
TRUMP,-21.87625678016529,False
ZK,-19.67738890909091,False
FET,-18.812886228099178,False
SKY,-17.929002952066114,False
STRK,-17.66791151404959,False
ZORA,-17.51391578181818,False
AR,-17.10782896859504,False
MEW,-16.796967699173557,False
SCR,-15.619245788429755,False
PROVE,-14.16411567272727,False
ATOM,-13.321701947107437,False
USTC,-12.75787214876033,False
SUPER,-10.806607487603305,False
GMX,-10.685847629752066,False
IO,-10.09048907107438,False
2Z,-9.564849976859504,False
MINA,-7.902768119008263,False
GAS,-7.652140175206611,False
SAND,-6.553584049586776,False
WLFI,-6.479359338842974,False
MOODENG,-6.28525004628099,False
EIGEN,-6.0452303900826445,False
ARK,-5.364500925619829,False
NOT,-3.0700491471074374,False
SOPH,-2.2719660892561966,False
MOVE,-1.756445157024791,False
MON,-1.5526252958677673,False
BIO,-1.4521719867768583,False
APT,-1.3074292760330581,False
OP,-1.1567275933884291,False
BIGTIME,-0.260227021487603,False
USUAL,-0.0680413090909079,False
