coin,fundingRate_avg_5d,isNew
ME,-186.68823756694218,False
CELO,-136.71362125289255,False
MANTA,-122.01725377190084,False
STABLE,-113.0294879801653,False
IP,-109.24296784462811,False
GAS,-78.43691837355372,False
TRUMP,-49.1127423570248,False
TNSR,-41.447347795041324,False
BSV,-41.2012222016529,False
LAYER,-37.00231529256198,False
S,-34.80664952727272,False
IOTA,-32.68311258842975,False
0G,-32.23642932892562,False
POLYX,-28.638031279338843,False
PROVE,-28.124643877685955,False
TRX,-27.981408466115706,False
PYTH,-26.565177818181816,False
kNEIRO,-25.93796181818182,False
ZETA,-19.3674890677686,False
ZORA,-18.911130714049587,False
OP,-17.529901695867768,False
kSHIB,-17.24783983140496,False
INJ,-17.213174122314054,False
MINA,-16.840313771900828,False
AVNT,-15.981553596694217,False
HYPER,-11.750414231404958,False
POPCAT,-10.395333451239669,False
ANIME,-10.121139659504129,False
kPEPE,-10.020750783471074,False
GMT,-9.92438281983471,False
APT,-9.562117001652892,False
NOT,-9.026086809917357,False
STRK,-8.724713127272727,False
MON,-8.602060819834708,False
ALT,-7.935400204958677,False
SNX,-7.864268280991737,False
XAI,-7.126775464462811,False
ADA,-6.808969904132229,False
BLUR,-6.502896228099172,False
KAITO,-5.832790254545454,False
ALGO,-5.6981324033057845,False
ZK,-4.387220122314048,False
TIA,-4.2900348,False
WLFI,-3.351903957024792,False
IO,-3.2720663305785127,False
YGG,-3.1512963371900815,False
FIL,-3.103649176859504,False
AXS,-2.330285970247933,False
UMA,-2.257184132231405,False
XRP,-2.217292829752066,False
AIXBT,-1.2191581586776847,False
DOGE,-0.8689608694214879,False
DOT,-0.3190363041322308,False
W,-0.21033701157024703,False
