coin,fundingRate_avg_5d,isNew
BERA,-962.3649623504132,False
ME,-537.746177276033,False
IP,-403.30841415867764,False
MOVE,-388.1623437520661,False
XAI,-372.5131069090909,False
BLUR,-340.51696872396695,False
AVNT,-319.50250326,False
KAITO,-308.48355637685955,False
BLAST,-113.2841462479339,False
LAYER,-108.55346896859506,False
IO,-63.39119774876033,False
ANIME,-55.57041237024793,False
VVV,-45.39263243305784,False
ZEC,-41.46730544,False
MOODENG,-39.18745747438017,False
GMT,-35.994782082644626,False
BSV,-34.20901119669422,False
ZORA,-33.39682037,False
0G,-30.669274649999995,False
ACE,-26.951926026446277,False
FOGO,-25.293707949999998,False
WLFI,-23.85894916,False
kLUNC,-21.935514198347107,False
ATOM,-20.977796429752065,False
STABLE,-20.912394680000002,False
TRUMP,-18.831524757024795,False
USUAL,-17.764018849586787,False
TURBO,-16.817031719008263,False
MEME,-15.653598743801654,False
POLYX,-13.205318469421487,False
FIL,-11.562234952066115,False
WCT,-11.41971266,False
AERO,-11.352768739999998,False
REZ,-10.844608512396697,False
EIGEN,-10.279458922314047,False
kFLOKI,-9.017332601652893,False
DYM,-8.820931953719008,False
FTT,-8.022132168595045,False
MELANIA,-7.924726760330579,False
SAND,-7.840408502479338,False
MEW,-7.702036700826445,False
PURR,-7.086286889256196,False
kNEIRO,-6.825846297520659,False
ADA,-6.809649709090909,False
APT,-6.806244892561984,False
IMX,-6.618347236363634,False
kBONK,-6.591690049586777,False
ZRO,-6.578749140495866,False
AIXBT,-6.43776092231405,False
SUPER,-5.00762069752066,False
RENDER,-4.502837642975207,False
POPCAT,-4.46613396694215,False
BRETT,-4.117793652892561,False
TNSR,-3.804183480991736,False
XLM,-3.4158353057851243,False
JTO,-3.0836358347107438,False
PNUT,-2.902796856198347,False
BCH,-2.3995536793388426,False
NEO,-2.039490892561983,False
GMX,-2.008670895867768,False
RESOLV,-1.380510299999997,False
LINEA,-1.3332406099999994,False
BABY,-0.18023918999999913,False
AVAX,-0.1133384727272724,False
