coin,fundingRate_avg_5d,isNew
TNSR,-471.63488359,False
LAYER,-302.4381015570248,False
ACE,-153.30868687933884,False
VVV,-98.84211704132233,False
CHIP,-72.24286861487602,False
STABLE,-55.788914280991726,False
AXS,-53.76283198016529,False
TRUMP,-48.520979018181805,False
RESOLV,-47.83193044958677,False
0G,-46.59361974545455,False
ME,-46.39437839,False
KAITO,-43.216257490909086,False
S,-40.46662814876033,False
MINA,-38.81195174876032,False
kNEIRO,-38.147877910000005,False
GAS,-37.66211052892562,False
BLUR,-36.38812562975206,False
kLUNC,-36.31680330247934,False
AVNT,-33.25909923966942,False
PROVE,-33.01119630743801,False
AIXBT,-32.92032966,False
BABY,-31.72978712727273,False
ATOM,-31.362237074380165,False
XAI,-29.88047461,False
ANIME,-29.019757328925618,False
USUAL,-26.716232072727273,False
ADA,-26.011025285950414,False
HYPER,-23.26658027107438,False
kSHIB,-22.054089847933888,False
RSR,-19.553635447933885,False
BIO,-18.671905973553717,False
STRK,-17.885777450000003,False
YGG,-17.328805398347107,False
IO,-15.409883169999999,False
XLM,-14.410275920000002,False
MEME,-13.407725147107437,False
ZORA,-12.729515811570247,False
2Z,-12.605244714049585,False
INIT,-12.008739391735537,False
DOT,-11.409905791735536,False
IP,-10.530657352066115,False
IOTA,-10.47457071,False
ICP,-10.416534099173553,False
BIGTIME,-10.067599408264464,False
ARK,-9.975704112396697,False
ALT,-7.58902233,False
MORPHO,-7.534814092561983,False
UMA,-7.4307232899999995,False
BERA,-6.638363474380164,False
AVAX,-6.569262277685951,False
SUSHI,-5.088698479338842,False
SUI,-3.506378231404959,False
MET,-3.187361474380165,False
SAGA,-3.1670108299999997,False
VIRTUAL,-3.0601641024793387,False
TRX,-2.911810244628099,False
OP,-2.902103295867769,False
ARB,-2.6939302214876037,False
INJ,-2.6718984595041317,False
FIL,-2.3899690809917358,False
SNX,-2.090138171900826,False
BCH,-1.0023836330578517,False
PENGU,-0.9940088799999995,False
SUPER,-0.9689407041322303,False
CRV,-0.7329636793388428,False
TIA,-0.6840017950413222,False
