coin,fundingRate_avg_5d,isNew
BERA,-1169.9527282809918,False
ME,-524.5605470876034,False
RESOLV,-389.26961942,False
AVNT,-377.4506916600001,False
XAI,-377.2503867669421,False
IP,-319.97894022148756,False
KAITO,-245.81140187107434,False
MEME,-224.84335799999997,False
MOODENG,-144.71371586776857,False
MOVE,-120.6386628892562,False
LAYER,-116.2164932628099,False
BLUR,-108.28727283966943,False
IO,-71.5009132661157,False
FOGO,-63.377264100000005,False
0G,-59.294307669999995,False
ANIME,-56.616135560330584,False
BLAST,-51.25439512066116,False
ACE,-47.14058762975207,False
WLFI,-44.87970577,False
GMT,-40.45168691900826,False
ZEC,-38.1411641,False
EIGEN,-36.763070280991734,False
TURBO,-34.7990399107438,False
DYM,-33.260080214876034,False
ZORA,-32.763318340000005,False
BSV,-30.08174154049586,False
kLUNC,-27.539301401652892,False
STABLE,-25.195810570000003,False
TRUMP,-24.70077036694215,False
BABY,-24.290737590000003,False
REZ,-21.39652587768595,False
POLYX,-20.409142839669418,False
WCT,-20.367600060000004,False
SUPER,-19.08965661818182,False
AERO,-18.93566053,False
SKY,-18.839074229999998,False
ATOM,-18.3206690677686,False
MEW,-16.679445421487603,False
kFLOKI,-16.300815054545456,False
IMX,-16.14011466446281,False
APT,-15.462866757024793,False
TNSR,-14.579797943801653,False
FIL,-14.239347421487606,False
FET,-13.983133348760328,False
ZRO,-13.224130750413222,False
SAND,-13.0705932892562,False
POPCAT,-11.250905276033057,False
LINEA,-11.18594476,False
ADA,-11.061750813223139,False
STRK,-10.19306505123967,False
BCH,-9.702012029752066,False
kNEIRO,-9.32887150413223,False
XLM,-8.753552350413223,False
BRETT,-8.666281755371902,False
AIXBT,-8.26433241322314,False
PURR,-8.071753586776858,False
ETC,-7.525724687603305,False
NOT,-6.9444871041322305,False
JTO,-6.787788079338842,False
PNUT,-6.7342043900826445,False
DOOD,-6.63446338,False
kBONK,-6.424208261157023,False
RSR,-6.286105775206611,False
RENDER,-6.235535236363636,False
AVAX,-5.866566208264462,False
USUAL,-5.571958720661156,False
GOAT,-4.628635586776858,False
PENGU,-4.623396238016529,False
MELANIA,-4.310292119008262,False
2Z,-3.9595419000000005,False
NEO,-2.6419761818181815,False
SYRUP,-2.3617945499999995,False
VVV,-2.2296053355371885,False
SEI,-1.9679021454545453,False
SNX,-1.5208655900826442,False
GMX,-1.2469548694214876,False
SPX,-0.87854401983471,False
PYTH,-0.6654110479338844,False
MANTA,-0.22911309421487563,False
BIGTIME,-0.2205615966942139,False
ENS,-0.20666939504132223,False
