coin,fundingRate_avg_5d,isNew
ZORA,-215.6867109917355,False
IO,-122.33758887272725,False
ALT,-80.67387921322315,False
kLUNC,-47.58370969586776,False
TRX,-45.3481634876033,False
ME,-33.07984068099172,False
TRUMP,-29.025035771900818,False
BCH,-28.652546092561984,False
0G,-28.62037734545455,False
POLYX,-28.174662753719005,False
BSV,-26.793325140495867,False
COMP,-23.003741176859503,False
CHIP,-22.810710595041325,False
STABLE,-21.701419487603307,False
2Z,-20.697495252892562,False
JUP,-19.262922902479342,False
JTO,-17.315015276033062,False
MOVE,-17.311330284297522,False
S,-17.199499110743805,False
XLM,-16.504225150413223,False
HEMI,-16.20490246611571,False
HYPER,-15.736354680991736,False
ATOM,-15.510057094214877,False
OP,-14.235674013223141,False
ETC,-13.994919530578514,False
APT,-12.939270029752064,False
STRK,-12.723764618181816,False
BIO,-11.818395451239669,False
SNX,-10.695652314049587,False
BABY,-10.444052082644626,False
SUSHI,-6.821259242975205,False
AXS,-6.617956294214875,False
STX,-6.610899788429751,False
kNEIRO,-5.135964833057851,False
ONDO,-4.913075682644627,False
ZK,-4.7925974479338835,False
ADA,-4.03474523305785,False
AIXBT,-3.8440733355371903,False
MINA,-3.2241882247933873,False
MON,-2.9376109785123945,False
DOT,-2.769582595041322,False
NXPC,-2.3351061421487596,False
PENGU,-2.2005699173553714,False
XRP,-2.0742499933884297,False
MORPHO,-1.599140895867768,False
SEI,-1.583272988429752,False
SAND,-0.9358742380165286,False
INJ,-0.4098304462809916,False
MEME,-0.3140112495867771,False
INIT,-0.18464342479338833,False
DASH,-0.09088101818181832,False
