coin,fundingRate_avg_5d,isNew
BLAST,-149.05688814,False
CHIP,-145.50508920000001,False
STABLE,-76.42805152999999,False
WLD,-46.22074351,False
REZ,-42.23214615000001,False
kLUNC,-40.59311876,False
kNEIRO,-38.16667322,False
BERA,-36.15465525,False
TRUMP,-35.622910839999996,False
MERL,-33.63074741,False
APE,-33.26781769,False
BIO,-26.828451190000003,False
WLFI,-26.720381990000003,False
YZY,-25.35111514999998,False
XAI,-23.4027342,False
COMP,-20.31883606,False
KAITO,-17.72017622,False
MON,-17.71274701,False
SEI,-15.985645120000001,False
0G,-15.070970450000003,False
IMX,-14.321827660000002,False
CAKE,-13.26898078,False
2Z,-12.59885976,False
ALT,-10.33280252,False
STX,-9.925969869999998,False
BABY,-9.159820999999997,False
ICP,-9.15504826,False
SUI,-8.202112100000003,False
AXS,-7.717975369999997,False
GRIFFAIN,-6.966380510000001,False
ARB,-6.703763739999999,False
USTC,-6.69983415,False
BANANA,-5.557719949999998,False
GAS,-3.75811081,False
GALA,-3.685594069999999,False
XRP,-3.67263876,False
TURBO,-2.992473669999999,False
TIA,-2.9253348400000005,False
DYM,-2.478949329999999,False
MOVE,-2.468067949999999,False
BTC,-1.5134571700000001,False
SUSHI,-1.0707698399999996,False
STRK,-0.9354971899999994,False
POLYX,-0.7353691499999995,False
SAND,-0.5653236799999996,False
BIGTIME,-0.04758213000000001,False
