coin,fundingRate_avg_5d,isNew
BABY,-596.35276362,False
STABLE,-172.20407710413227,False
TRX,-82.0002539801653,False
BSV,-56.180148188429754,False
kLUNC,-51.98101395371901,False
ZORA,-47.084489,False
SNX,-42.35172150743802,False
ZK,-41.963483375206614,False
AVNT,-41.39865377851239,False
TRUMP,-40.85675096000001,False
SEI,-40.734688492561986,False
MEME,-39.02186089586776,False
JTO,-34.280389993388425,False
UMA,-30.320841034710742,False
BIO,-28.126235700000002,False
S,-28.123583610000004,False
AIXBT,-27.3849061,False
NIL,-26.60268993,False
STRK,-23.37463523305785,False
STX,-22.97983434049587,False
GMT,-22.151478604958676,False
ME,-18.51734627107438,False
MOODENG,-18.317782611570248,False
IO,-18.23297567603306,False
ALT,-17.39078638016529,False
kNEIRO,-16.874706545454547,False
VIRTUAL,-15.13889695,False
ZEC,-14.121609401652892,False
CHIP,-13.930829633057852,False
ADA,-13.788494112396696,False
MERL,-13.230812241322313,False
MON,-12.96804409586777,False
CAKE,-12.876422459504132,False
W,-12.487901256198345,False
ATOM,-11.464935966942146,False
ETC,-11.381325024793387,False
TON,-10.86053361322314,False
SUSHI,-10.472737100826446,False
SAGA,-10.378407828099173,False
MORPHO,-9.88445769,False
APT,-9.883397603305784,False
SOL,-9.212830462809917,False
PENGU,-7.833237260000001,False
AERO,-7.312590267768595,False
kFLOKI,-7.29812758016529,False
COMP,-6.7160834975206605,False
DOT,-6.556217117355371,False
POPCAT,-5.987525880991735,False
2Z,-5.942759385123966,False
XRP,-5.904857543801652,False
DASH,-5.897533894214875,False
ICP,-4.923889576859503,False
PUMP,-4.410733120661156,False
WIF,-4.374738932231405,False
YGG,-3.8884423735537195,False
HYPER,-3.71253472,False
ZEN,-3.7028997818181817,False
TURBO,-3.31192722644628,False
IP,-3.233198469999999,False
XLM,-2.990941279338843,False
MEGA,-2.856339173553718,False
OP,-2.793191157024793,False
CRV,-2.237374224793388,False
INJ,-1.8382765884297512,False
AXS,-1.6646989983471074,False
FIL,-1.6233445586776847,False
0G,-1.5337739206611554,False
kBONK,-1.533581345454545,False
JUP,-1.435074783471074,False
TIA,-0.9144049983471071,False
kSHIB,-0.3838704396694213,False
POLYX,-0.27599067768594926,False
INIT,-0.23097710999999968,False
