coin,fundingRate_avg_5d,isNew
0G,-1255.5971133024793,False
GAS,-947.883685447934,False
POLYX,-436.66018623471075,False
KAITO,-425.30949514710744,False
TNSR,-220.70624456528927,False
AVNT,-201.4338036694215,False
TST,-186.95952535537188,False
MERL,-176.52269411900826,False
WCT,-166.86070080991735,False
ANIME,-158.88682972561983,False
GMT,-140.86401151735535,False
LAYER,-140.01623971239667,False
RESOLV,-122.16001715702481,False
BLAST,-120.53019092231405,False
INIT,-113.24131346776862,False
BIGTIME,-82.83744718016528,False
MOVE,-77.53188512727273,False
DYM,-77.23290632727272,False
TURBO,-71.2764560033058,False
ZORA,-68.02491485950414,False
ARK,-66.46350422479338,False
BIO,-61.23442276363636,False
SOPH,-60.94602256859505,False
NIL,-60.12770173884297,False
USTC,-60.12680039999999,False
SUPER,-51.43846371570248,False
HMSTR,-51.039160472727296,False
REZ,-42.12966491900827,False
MANTA,-40.33403432727273,False
MOODENG,-40.30381377520661,False
IMX,-37.948028965289254,False
BANANA,-36.8349290677686,False
kLUNC,-36.47189005289256,False
FXS,-35.812272912396686,False
HYPER,-34.644343378512396,False
IO,-33.82370947438016,False
CELO,-32.56587338181818,False
VVV,-26.868599603305785,False
2Z,-25.976441385123973,False
BLUR,-23.201998800000002,False
OM,-22.002606386776858,False
EIGEN,-21.783038796694214,False
BABY,-20.927410502479344,False
FET,-20.75419272396694,False
ME,-20.618854343801654,False
CFX,-19.6545767107438,False
PROVE,-18.648790433057854,False
XAI,-17.964323127272728,False
ZRO,-16.359539633057857,False
kFLOKI,-16.13191646280992,False
NOT,-12.676921785123968,False
ZETA,-12.023438092561983,False
UMA,-11.98147334876033,False
SEI,-11.945739788429753,False
IP,-11.647242426446285,False
WIF,-11.035499047933886,False
MEW,-11.024782165289256,False
ETC,-10.505443755371902,False
DOT,-9.75350562644628,False
NEO,-9.397659947107439,False
JUP,-9.383360152066116,False
FIL,-9.321834545454546,False
CC,-9.24765834049587,False
SUSHI,-9.077112,False
SKY,-8.874874006611572,False
SAGA,-8.272177319008263,False
STX,-7.890615609917355,False
BSV,-7.30161492892562,False
GMX,-6.152173338842974,False
MEME,-5.6127875603305775,False
ALT,-3.9872450380165283,False
POL,-3.77890907107438,False
ADA,-3.29639813553719,False
USUAL,-2.87399093553719,False
XLM,-2.8625124396694215,False
kSHIB,-2.662263183471074,False
S,-2.1336087669421486,False
TRUMP,-2.0447367570247934,False
AR,-0.8097338578512393,False
CAKE,-0.548968204958677,False
