coin,fundingRate_avg_5d,isNew
DOOD,-498.8653012500001,False
0G,-236.32612879,False
REZ,-87.25806289000002,False
KAITO,-53.5372729,False
BLAST,-41.696629830000006,False
CELO,-36.16687763999999,False
APT,-32.88403625,False
BIO,-11.108165450000003,False
MAV,-6.422644389999999,False
