coin,fundingRate_avg_5d,isNew
DOOD,-460.53689688595045,False
0G,-272.4188007173554,False
REZ,-70.20489877685951,False
BLAST,-54.679183001652895,False
CELO,-39.22071723966941,False
KAITO,-29.92098178512397,False
BIO,-28.787930082644618,False
APT,-24.218156628099173,False
2Z,-8.995702641322316,True
MAV,-8.340568304132232,False
SUPER,-7.949379282644628,False
ME,-2.4965724892561973,False
GMX,-0.6797644165289252,False
