coin,fundingRate_avg_5d,isNew
POLYX,-167.63017414214872,False
STABLE,-129.74551762314053,False
CHIP,-122.97754451900826,False
MOVE,-76.78382601322316,False
kLUNC,-49.16520534545454,False
SAGA,-34.25825398016529,False
SKY,-24.772401828099174,False
COMP,-20.176692981818178,False
W,-18.098860076033056,False
INJ,-17.51247870743802,False
BLAST,-16.62296586446281,False
TRUMP,-16.37611702809917,False
BIO,-15.788272522314049,False
WLD,-15.36549465123967,False
BLUR,-12.279261223140496,False
ICP,-11.206689719008263,False
0G,-9.028110297520659,False
APE,-8.39357643966942,False
EIGEN,-7.894065312396693,False
NOT,-7.793050928925618,False
ATOM,-7.465369011570247,False
MERL,-7.175176274380169,False
KAITO,-6.970647649586776,False
BSV,-5.833827699173552,False
PENGU,-5.525059418181818,False
BABY,-5.494366115702478,False
AXS,-5.048939662809917,False
APT,-4.584273788429752,False
TURBO,-4.116944439669421,False
MON,-3.8354407537190065,False
BERA,-3.538407976859504,False
GALA,-2.9086638842975203,False
BCH,-1.61585946446281,False
INIT,-1.604013193388429,False
SAND,-1.2279500132231405,False
POL,-1.013445123966941,False
LAYER,-0.6224008958677668,False
JTO,-0.28441548099173514,False
