coin,fundingRate_avg_5d,isNew
OM,-1346.22420896,False
INIT,-914.5310622100001,False
YZY,-841.4967719199999,False
MOVE,-641.59022998,False
VVV,-601.3840484499999,False
AXS,-573.41719584,False
BERA,-559.8315330300001,False
0G,-421.22894934,False
MOODENG,-376.64544252999997,False
COMP,-275.68596146000004,False
ACE,-207.34556314,False
BLAST,-191.70231722,False
TNSR,-179.01134095000003,False
SOPH,-125.31620774,False
SUPER,-123.42040431,False
RESOLV,-122.55458489,False
AVNT,-112.41427023000001,False
DYM,-103.25118613000001,False
UMA,-93.35701652,False
ARK,-81.19039925,False
ZORA,-78.13300157,False
SKR,-49.2588159,False
NXPC,-47.911812600000005,False
AZTEC,-42.832726640000004,True
REZ,-37.74188184,False
XAI,-33.02668482000001,False
2Z,-30.552888559999996,False
MINA,-30.222340910000003,False
LINEA,-30.16312915,False
PYTH,-29.941884399999996,False
JTO,-28.577098300000003,False
BIGTIME,-23.569734840000006,False
APT,-22.95477627,False
CELO,-22.29472195,False
LAYER,-21.530603210000002,False
BSV,-20.7125893,False
TAO,-19.184619729999998,False
YGG,-18.99987279,False
IP,-17.929524889999996,False
MERL,-17.781610099999998,False
BABY,-16.64232392,False
SAGA,-15.259886419999999,False
XRP,-15.101511459999998,False
POLYX,-14.72996628,False
TRUMP,-14.570206509999998,False
SOL,-14.345600110000003,False
SKY,-13.990515700000001,False
FET,-13.748692249999998,False
MANTA,-11.140384,False
SEI,-10.47299099,False
XLM,-10.2182407,False
BLUR,-9.87000296,False
MEME,-9.460946,False
DASH,-9.18664631,False
KAS,-8.778933279999999,False
AIXBT,-8.7548827,False
SPX,-8.412252819999999,False
kLUNC,-8.19313164,False
NIL,-7.315704489999999,False
NEO,-6.98147399,False
kFLOKI,-6.8907766,False
DOT,-6.76869505,False
CAKE,-6.549028559999999,False
IO,-6.133857849999999,False
ZETA,-5.94096046,False
KAITO,-5.4933624199999995,False
RSR,-4.58286116,False
WCT,-4.094167039999999,False
ENS,-3.650870159999999,False
EIGEN,-3.392715149999999,False
AERO,-3.2164639499999996,False
UNI,-2.65832274,False
IOTA,-2.446467979999999,False
PENGU,-0.9378017999999999,False
DOOD,-0.5285747499999975,False
kSHIB,-0.5064345799999999,False
STX,-0.4354325899999996,False
TIA,-0.22883236999999923,False
S,-0.17820102999999893,False
BNB,-0.02685597000000005,False
