coin,fundingRate_avg_5d,isNew
DOOD,-517.14364934,False
0G,-162.49909938000002,False
REZ,-92.74710662999999,False
KAITO,-58.48773724,False
BLAST,-38.99439686,False
CELO,-28.310711809999994,False
APT,-27.038825510000002,False
ZORA,-9.487152999999994,False
MEME,-2.3186143199999987,False
