coin,fundingRate_avg_5d,isNew
AVNT,-540.82536691,False
BIO,-536.83846169,False
DOOD,-440.56967883999994,False
BLAST,-268.6527458,False
MERL,-266.2489215,False
KAITO,-249.78520522,False
0G,-235.19411194999998,False
REZ,-179.36236291,False
OM,-127.15107588,False
ZORA,-112.96130741000003,False
BSV,-104.32450878,False
MOODENG,-75.50139390999999,False
IO,-72.47822958000002,False
APT,-70.84115639999999,False
NXPC,-69.27620065,False
VVV,-51.364905320000005,False
BERA,-47.52647845,False
HYPER,-45.36222701,False
ATOM,-40.12837739999999,False
PROVE,-38.391930779999996,False
MORPHO,-31.30068085,False
IOTA,-29.197827519999997,False
kFLOKI,-27.25000794,False
AIXBT,-26.93070886,False
IP,-26.744222330000003,False
MEW,-26.47433549,False
GRASS,-25.609208839999997,False
INIT,-23.602898009999997,False
MOVE,-20.922752650000003,False
BANANA,-18.05536156,False
SAND,-17.616557829999998,False
YZY,-17.008755450000002,False
SKY,-15.738670789999999,False
YGG,-14.27618514,False
LAYER,-13.80983267,False
ARK,-13.01823527,False
RESOLV,-12.70012901,False
SEI,-12.46344184,False
BABY,-11.947096779999999,False
TRX,-11.53440004,False
TURBO,-11.48595943,False
CELO,-10.325830289999999,False
WCT,-10.263275129999998,False
DYDX,-9.07825956,False
OP,-8.425393549999999,False
GMX,-8.19997466,False
CFX,-8.004583590000001,False
WLFI,-7.283185179999999,False
2Z,-6.733297350000001,False
TIA,-6.40923575,False
ZK,-6.3979740399999985,False
BCH,-6.203516639999999,False
TRUMP,-5.353774009999999,False
PROMPT,-4.338120629999999,False
POLYX,-4.328277309999999,False
STX,-3.8206031899999995,False
VIRTUAL,-3.43336447,False
SOPH,-3.326185139999999,False
TNSR,-3.04813909,False
kPEPE,-2.30178198,False
S,-1.9565007399999996,False
GOAT,-1.8160647999999986,False
INJ,-1.5507112599999997,False
PNUT,-1.4088700699999992,False
COMP,-1.06519337,False
CHILLGUY,-0.7813876199999987,False
