coin,fundingRate_avg_5d,isNew
ME,-292.91652522,False
CELO,-109.76434614,False
STABLE,-100.45129084,False
MANTA,-96.39515680000001,False
GAS,-34.263486590000014,False
TRX,-31.570844360000002,False
TNSR,-26.190503460000013,False
PYTH,-25.99486273,False
kNEIRO,-24.389208749999998,False
HMSTR,-23.357083650000003,False
ZETA,-23.319868980000003,False
IOTA,-20.423399800000002,False
MINA,-16.40521043,False
HYPER,-13.234028380000003,False
PROVE,-11.60422089,False
0G,-10.028373539999999,False
ATOM,-9.743392489999998,False
ALT,-7.967242629999999,False
INJ,-7.170919939999998,False
DYDX,-6.771408459999998,False
OP,-6.756725969999998,False
TRUMP,-6.319187329999997,False
BLUR,-6.12560666,False
BSV,-4.885238109999995,False
POPCAT,-4.21872913,False
TIA,-4.0719144499999995,False
kSHIB,-2.5499425599999985,False
AVNT,-1.9435724399999978,False
LAYER,-1.7969066799999984,False
IO,-0.1742210699999991,False
