coin,fundingRate_avg_5d,isNew
DOOD,-501.9667000661156,False
0G,-203.165148892562,False
REZ,-96.58834858512395,False
KAITO,-61.96071436363637,False
BLAST,-44.23091236363636,False
CELO,-35.77748195702478,False
APT,-31.912981894214873,False
BIO,-4.400814049586775,False
