coin,fundingRate_avg_5d,isNew
POLYX,-232.44163526999995,False
CHIP,-159.98730443,False
STABLE,-72.79602048000001,False
HYPER,-47.39915258,False
WLD,-46.194491250000006,False
BSV,-38.189803270000006,False
BIO,-30.716302710000004,False
0G,-28.364215699999995,False
APE,-27.095333350000004,False
SAGA,-26.712948400000002,False
kLUNC,-26.05920128,False
POL,-18.57688451,False
BABY,-18.39767535,False
JTO,-16.26198516,False
TRUMP,-16.071425960000003,False
MOVE,-16.02459865,False
BCH,-15.20544302,False
SKY,-15.024143870000003,False
APT,-14.55576054,False
MON,-14.412403869999999,False
COMP,-14.023102170000001,False
AXS,-12.37940351,False
MINA,-11.82622995,False
BANANA,-11.65869568,False
kSHIB,-11.47829443,False
CAKE,-10.90081917,False
W,-10.042599050000002,False
ATOM,-9.169756299999998,False
TURBO,-8.283746540000001,False
DASH,-7.66049882,False
2Z,-7.44449182,False
ALT,-6.83614486,False
EIGEN,-6.656934239999999,False
BLUR,-6.2247589099999985,False
SAND,-6.09891859,False
LAYER,-5.907665159999999,False
PYTH,-5.539918899999999,False
SEI,-5.470108269999999,False
ICP,-5.246682279999999,False
ACE,-5.115652389999999,False
ANIME,-4.68304052,False
PENGU,-4.265743319999999,False
PROVE,-4.04299331,False
STX,-3.31460442,False
AERO,-3.10003041,False
IO,-2.9025311000000005,False
BLAST,-2.841364399999999,False
XRP,-2.23583086,False
STRK,-1.403494349999999,False
SOL,-1.2389669499999998,False
NOT,-0.9569730599999993,False
BERA,-0.8931725199999998,False
GAS,-0.8921322699999998,False
INIT,-0.8505558499999998,False
GALA,-0.5727952299999995,False
SUI,-0.2446792099999998,False
