coin,fundingRate_avg_5d,isNew
RESOLV,-1613.16507337,False
SUPER,-1290.62159378,False
MERL,-1002.2634637699999,False
TNSR,-888.66006004,False
TURBO,-575.0623756699998,False
ACE,-430.97016788999997,False
OM,-403.27183775,False
BANANA,-296.58031053999997,False
USUAL,-271.6621795599999,False
KAITO,-212.67366013,False
HEMI,-205.14305166999998,False
DYM,-192.85780283,False
LAYER,-164.28699932,False
ALT,-129.28675731,False
COMP,-121.35915076,False
0G,-116.30397157,False
ZORA,-112.54002440999999,False
ARK,-97.37547307000001,False
BLAST,-83.75892687999999,False
REZ,-81.31891793999999,False
MEME,-73.58928155,False
DOOD,-73.28471387,False
IP,-69.88713034999999,False
XAI,-65.99045896999999,False
2Z,-59.32847093999999,False
WLFI,-55.626261340000006,False
ME,-46.66117952,False
IO,-46.14461181000001,False
MOODENG,-45.30437305,False
APT,-43.31910593,False
ZETA,-40.37388808,False
BRETT,-34.74652832,False
ZRO,-33.08263932,False
FET,-32.72947408,False
GMX,-30.511901980000005,False
MEW,-30.037466950000006,False
GRASS,-29.64245154,False
UMA,-25.97900713,False
MINA,-25.17894684,False
BABY,-23.58709789,False
WCT,-23.02596514,False
HYPER,-22.99813754,False
ATOM,-21.41264689,False
AR,-21.33054963,False
TRUMP,-19.695746019999998,False
AERO,-19.19143939,False
IMX,-17.934235580000003,False
BSV,-16.31868791,False
ZK,-14.785370360000002,False
STRK,-14.693191800000001,False
MANTA,-14.088598499999996,False
PROMPT,-13.48426143,False
BERA,-12.282503310000001,False
FXS,-11.611799749999998,False
AVAX,-10.50992534,False
INJ,-9.97970225,False
JUP,-9.628964259999998,False
SEI,-9.06872065,False
W,-8.613967879999999,False
BIO,-8.5784052,False
SKY,-7.913761369999998,False
ADA,-7.618338400000001,False
PROVE,-7.587306099999999,False
AIXBT,-7.13460755,False
GMT,-6.39641038,False
GOAT,-6.213878989999999,False
DOT,-5.81589467,False
SUSHI,-5.66423717,False
BIGTIME,-5.38552025,False
INIT,-5.315568729999999,False
PYTH,-5.3070094800000005,False
kFLOKI,-5.2630488799999995,False
BCH,-5.16891684,False
kSHIB,-4.51373308,False
ANIME,-3.51040575,False
kLUNC,-3.406736989999999,False
ZEC,-3.1455210899999977,False
SPX,-3.1148691199999994,False
kNEIRO,-3.0411376599999986,False
ICP,-2.9131212099999995,False
STX,-2.278789899999999,False
POLYX,-1.9475830599999995,False
GAS,-1.8481052299999987,False
SOL,-1.1609233799999996,False
VVV,-0.24531795999999995,False
MORPHO,-0.16635312999999866,False
