coin,fundingRate_avg_5d,isNew
DOOD,-515.50884354,False
0G,-181.25474044999999,False
REZ,-93.237498,False
KAITO,-59.393682569999996,False
BLAST,-41.51517592,False
CELO,-34.14864809999999,False
APT,-29.17680352,False
MEME,-1.074193539999999,False
