coin,fundingRate_avg_5d,isNew
AXS,-707.7648825499999,False
BERA,-599.5560240599999,False
ARK,-430.89747667999995,False
YZY,-375.62856932,False
RESOLV,-350.3085163999999,False
WCT,-242.73041586999997,False
ZORA,-207.84029363,False
WLFI,-198.31449005,False
0G,-184.97532634,False
PROVE,-170.58449105,False
INIT,-142.2712695,False
STABLE,-139.90829527,False
SOPH,-113.70678633,False
AVNT,-80.92945418,False
SKR,-76.82869597000001,False
2Z,-75.48816996,False
LINEA,-72.15825378999999,False
MINA,-64.93890857,False
ANIME,-63.91318630000001,False
OM,-62.50032313,False
FOGO,-56.92233983999999,False
AERO,-56.74797641999999,False
HYPER,-56.12074873999999,False
JTO,-49.6021568,False
NIL,-49.26059709999999,False
MANTA,-48.6947084,False
ICP,-40.15755477,False
NXPC,-39.73207573,False
DYM,-39.5674892,False
kLUNC,-36.23578015,False
FET,-34.551789140000004,False
ZETA,-33.3362895,False
MON,-30.12265137999999,False
W,-29.31551885,False
APT,-28.753767060000005,False
XAI,-28.174179180000003,False
SOL,-26.835340199999994,False
IP,-26.835083239999996,False
JUP,-26.55473915,False
POLYX,-22.612748640000003,False
NEO,-22.070790069999997,False
LAYER,-21.572826410000005,False
PYTH,-20.60968631,False
DASH,-20.304541929999996,False
STRK,-20.0960386,False
AR,-19.67461179,False
kSHIB,-19.65595664,False
RSR,-19.6329412,False
MEME,-19.523796710000003,False
SEI,-18.34015062,False
XRP,-17.818295520000003,False
SUSHI,-17.026581320000005,False
kFLOKI,-16.956051640000002,False
VVV,-15.55216747,False
ZEN,-15.33108332,False
ENS,-14.3429451,False
BSV,-14.244649870000003,False
FIL,-13.99239472,False
KAITO,-13.310116279999999,False
KAS,-13.03082558,False
GAS,-12.70881382,False
USTC,-11.98379169,False
CFX,-11.71433701,False
DOT,-11.49652837,False
ETC,-10.841386219999999,False
SNX,-8.34688205,False
BNB,-7.6768792900000005,False
YGG,-7.26005002,False
ACE,-6.7079568599999995,False
TON,-6.04975893,False
DOGE,-5.74095068,False
IMX,-5.571019089999999,False
BIGTIME,-5.435269749999999,False
SUI,-5.2582192,False
TIA,-5.10950871,False
BTC,-5.089705999999999,False
COMP,-4.9594448,False
INJ,-4.809313,False
ADA,-4.15839025,False
STX,-4.08690573,False
BABY,-3.848157769999998,False
GALA,-3.7146706999999997,False
SYRUP,-2.4285683799999997,False
LTC,-2.3084373900000004,False
GMX,-2.20574829,False
BLUR,-1.7216947799999995,False
GMT,-1.6566627299999999,False
ARB,-1.62827522,False
OP,-1.5730967099999997,False
RUNE,-0.8241130599999996,False
ALT,-0.7552229599999994,False
ONDO,-0.2303135399999997,False
