coin,fundingRate_avg_5d,isNew
MOVE,-357.9243230876034,False
STABLE,-212.45056138512396,False
LAYER,-172.5221324330579,False
SOPH,-124.55478469090907,False
ME,-80.346507153719,False
ZEC,-66.14415009917356,False
IO,-54.60506543801653,False
TRX,-49.439031361983474,False
HMSTR,-45.960215276033054,False
TRUMP,-40.40867242314049,False
AVNT,-40.3768823107438,False
kNEIRO,-38.798917447933874,False
kLUNC,-34.85385361983471,False
MERL,-33.22157313719008,False
PROVE,-32.43211469752067,False
ZORA,-31.946790426446277,False
AIXBT,-31.279604211570252,False
UMA,-29.910487884297524,False
SNX,-29.485953669421484,False
CHIP,-28.791766383471078,False
S,-26.456432191735537,False
ALT,-25.662320816528926,False
ZK,-24.923313461157026,False
SEI,-23.320891547107436,False
EIGEN,-21.39708622809917,False
BABY,-20.419635292561985,False
SAGA,-20.039420885950413,False
VIRTUAL,-19.594312978512395,False
JUP,-19.01191849586777,False
0G,-18.566061282644633,False
W,-17.90422663140496,False
POL,-17.239234760330582,False
AERO,-16.34994634710744,False
HYPER,-14.445976998347106,False
TON,-14.240670833057852,False
IP,-14.179329114049585,False
OP,-14.122739514049586,False
STRK,-13.38604450909091,False
NIL,-11.797541583471078,False
WLD,-11.639506839669423,False
ADA,-10.323842439669422,False
MOODENG,-10.259664942148762,False
APT,-9.945668171900826,False
JTO,-9.116313361983472,False
AVAX,-9.09049525289256,False
SOL,-8.782574013223142,False
MINA,-8.554305064462811,False
ETC,-8.552495147107438,False
POPCAT,-7.953572499173553,False
PNUT,-7.429747666115701,False
SUSHI,-6.969193199999999,False
PYTH,-6.869846112396692,False
XLM,-6.865170009917355,False
SAND,-6.404506224793389,False
kSHIB,-6.376211424793387,False
INJ,-6.190665937190081,False
FIL,-5.805244036363636,False
2Z,-5.799668766942148,False
BSV,-5.328991795041321,False
ICP,-5.308189328925619,False
MORPHO,-4.51950263801653,False
KAITO,-3.7215419305785127,False
GMT,-3.1024271206611598,False
XRP,-2.8770424561983465,False
BIO,-2.276311338842975,False
COMP,-1.622118158677685,False
TIA,-1.5754403900826444,False
TURBO,-1.5321616462809913,False
KAS,-1.382570528925618,False
ZEN,-1.2103272099173557,False
ATOM,-1.1908539471074373,False
ALGO,-1.1297250743801655,False
ETH,-0.3202489487603305,False
