coin,fundingRate_avg_5d,isNew
YZY,-376.37709380000007,False
PROVE,-335.41695732,False
OM,-320.53809805,False
BLAST,-228.12643809999997,False
ME,-183.78633008,False
REZ,-177.36637793,False
ZORA,-172.96168276000003,False
APT,-151.14926232000002,False
IP,-148.60404577999998,False
ATOM,-122.96450689999999,False
0G,-122.55285186999998,False
AVNT,-101.96385011000001,False
VVV,-96.97181227,False
MOODENG,-95.03702757,False
TRUMP,-91.25359524999999,False
DOOD,-90.76466898999999,False
IO,-85.33430338,False
GRASS,-78.32602014,False
KAITO,-78.30219951,False
VINE,-77.51463316999998,False
BIO,-74.34050848999999,False
BERA,-66.80644493999999,False
ZETA,-65.32879280999998,False
SOL,-64.4799656,False
INIT,-57.62552328999999,False
SYRUP,-52.734485330000005,False
HYPER,-52.726909389999996,False
USUAL,-51.692275280000004,False
PURR,-48.822498550000006,False
RESOLV,-47.53683714999999,False
ASTER,-44.03569217999999,False
PENGU,-41.70266108999999,False
IOTA,-41.600072,False
DYM,-40.3540934,False
TURBO,-39.66612023,False
SAGA,-38.984847,False
kFLOKI,-37.246297979999994,False
FARTCOIN,-36.399514039999985,False
AI16Z,-35.546471079999996,False
XPL,-28.53233105,False
ONDO,-28.506075139999993,False
MORPHO,-27.686687369999994,False
APEX,-27.111807990000006,False
ALGO,-25.697409630000006,False
MELANIA,-24.867197420000007,False
STBL,-24.46253797999999,False
SKY,-23.18294361,False
STX,-22.94786098,False
SPX,-21.10519863,False
AVAX,-20.570856149999997,False
ANIME,-19.8741916,False
S,-19.186571749999995,False
AR,-19.13960501,False
MEW,-18.13182687,False
DOGE,-18.0665218,False
EIGEN,-15.895185710000005,False
LAYER,-15.74140464,False
HYPE,-14.955742870000002,False
BABY,-14.549122650000001,False
SAND,-13.31144488,False
PUMP,-13.193547690000003,False
CELO,-13.110299949999998,False
kPEPE,-13.05673474,False
W,-12.586485530000001,False
RENDER,-10.796674449999998,False
XRP,-10.46225926,False
PNUT,-9.69105003,False
WLFI,-8.85048569,False
STRK,-8.514520709999998,False
NOT,-8.19190743,False
UMA,-6.715273649999997,False
GOAT,-6.126049769999998,False
GMX,-5.08239067,False
AIXBT,-4.87737017,False
MON,-4.47071491,True
MERL,-3.926507939999999,False
POPCAT,-3.761652040000001,False
HBAR,-3.7151233000000006,False
CRV,-3.544344909999998,False
TAO,-3.396784170000001,False
kNEIRO,-2.6148045200000003,False
LINEA,-2.577271569999997,False
2Z,-2.2592770000000004,False
WCT,-2.1801333199999995,False
ETH,-2.005888159999999,False
ENA,-1.922717069999999,False
INJ,-1.1690818599999993,False
NXPC,-0.658654179999999,False
