coin,fundingRate_avg_5d,isNew
PROVE,-266.74198978,False
CHIP,-215.26258615,False
HYPER,-52.680779230000006,False
POLYX,-49.90324968,False
LAYER,-46.466296529999994,False
FOGO,-46.25780196000001,False
WLD,-41.97369257,False
STABLE,-33.79336512999999,False
BSV,-32.66175709,False
kLUNC,-26.90307325,False
JTO,-26.471107429999996,False
BIO,-24.90590275,False
BABY,-23.03439372,False
POL,-22.25261482,False
TRUMP,-21.98758248,False
MINA,-18.00676327,False
0G,-16.767322550000003,False
ALT,-15.36172872,False
MOVE,-15.17409901,False
BANANA,-14.653141079999997,False
SAGA,-14.378155920000003,False
CAKE,-13.513320539999999,False
ACE,-13.44582401,False
BCH,-11.904991840000001,False
MERL,-11.10263205,False
IO,-10.626975,False
APE,-9.77125294,False
DASH,-8.68297405,False
SKY,-8.16667352,False
STX,-7.919486029999999,False
ZORA,-7.8858469,False
APT,-7.6215212,False
BLAST,-7.048310600000001,False
2Z,-6.65252796,False
ANIME,-5.526016779999999,False
BIGTIME,-5.44781042,False
W,-5.23904721,False
BLUR,-4.663250949999999,False
YGG,-4.02051807,False
SAND,-3.818465019999999,False
PYTH,-3.53229407,False
COMP,-3.3368840199999985,False
MEGA,-3.31081718,False
kSHIB,-2.795226209999999,False
AXS,-2.762493739999999,False
SNX,-2.496770089999999,False
ICP,-2.3061663599999993,False
kFLOKI,-2.25189305,False
EIGEN,-2.05492445,False
GAS,-1.8373282399999995,False
SUSHI,-1.3408683800000003,False
STRK,-1.3403106599999988,False
OP,-0.9077374799999998,False
MOODENG,-0.8172357299999995,False
S,-0.7134990799999998,False
