coin,fundingRate_avg_5d,isNew
0G,-763.15392163,False
AXS,-718.00081991,False
AVNT,-388.93485090999997,False
YZY,-378.03411934,False
RESOLV,-343.41394453000004,False
LAYER,-221.91021361999998,False
BLAST,-204.13307258,False
MOVE,-167.51596963,False
BERA,-165.57680712000004,False
KAITO,-154.64369348000002,False
ZORA,-142.59280165,False
DASH,-124.38014115,False
SUPER,-118.06300949999999,False
MOODENG,-103.20613272,False
WCT,-84.1974992,False
ZETA,-74.59875328999999,False
FOGO,-50.925260630000004,False
XAI,-48.667470640000005,False
MANTA,-46.48043809,False
ANIME,-43.38169029,False
DYM,-42.76256707,False
IO,-40.59738853,False
ME,-38.70910702,False
SOPH,-36.58037373,False
REZ,-34.973448819999994,False
POPCAT,-34.21934349000001,False
kPEPE,-32.45989092000001,False
ACE,-29.852967479999997,False
SKY,-29.10796087,False
LINEA,-27.91463936,False
ATOM,-26.755393520000002,False
POL,-26.435670310000003,False
kFLOKI,-26.263487399999995,False
APT,-26.184426939999998,False
PURR,-24.637347430000002,False
IP,-23.464388540000005,False
ICP,-18.95285057,False
AIXBT,-18.70826626,False
SAND,-18.704777590000003,False
HEMI,-18.22725539,False
TRUMP,-18.11832406,False
STRK,-17.96688045,False
WLFI,-16.394031209999998,False
JTO,-16.06352079,False
kLUNC,-15.475990510000003,False
TURBO,-14.206325600000001,False
SAGA,-13.692575690000002,False
STX,-13.55630148,False
MERL,-13.387424009999998,False
HYPER,-12.904584490000001,False
AVAX,-12.031841020000002,False
EIGEN,-11.290742830000001,False
PROVE,-11.289460219999999,False
ENA,-9.44503346,False
RSR,-9.17484659,False
ETC,-9.09064255,False
S,-9.017024970000001,False
CAKE,-8.87242,False
ZEC,-7.550584909999998,False
2Z,-7.545490240000001,False
BRETT,-7.276050159999999,False
GMT,-7.10713692,False
XLM,-6.7901614299999995,False
VVV,-6.634700629999999,False
SOL,-6.30390478,False
PENGU,-5.92807961,False
LTC,-5.86260883,False
OP,-5.78869049,False
PNUT,-5.48137801,False
RENDER,-4.946043459999999,False
SPX,-4.093039919999999,False
SNX,-3.968593170000001,False
SCR,-2.2433454799999986,False
BABY,-2.15470742,False
PAXG,-2.1504646600000004,False
ALT,-1.8861915200000001,False
STABLE,-1.2988948399999987,False
DOGE,-0.9259757999999997,False
GOAT,-0.6987764399999986,False
CRV,-0.2762020699999999,False
CELO,-0.25895581999999806,False
BCH,-0.21261687999999984,False
BTC,-0.20076022000000004,False
