coin,fundingRate_avg_5d,isNew
ALT,-314.04134770999997,False
IO,-108.63907304,False
CHIP,-94.76141533999999,False
ZORA,-52.950385749999995,False
TRUMP,-41.502321349999995,False
ME,-39.646213859999996,False
0G,-38.98892697,False
BCH,-28.017855519999998,False
SUPER,-26.90868549,False
COMP,-25.822640399999997,False
JUP,-25.474944320000002,False
TON,-24.629261220000004,False
ETC,-22.93051691,False
MEGA,-20.828533009999997,False
MINA,-20.51876627,False
FOGO,-19.056732490000005,False
TRX,-18.9097156,False
VVV,-17.691401080000002,False
MOVE,-16.747431510000002,False
HEMI,-16.370363880000003,False
HYPER,-15.722918119999997,False
OP,-14.64853697,False
ADA,-14.35350455,False
STABLE,-13.62363595,False
kLUNC,-13.228051870000002,False
STX,-13.06223237,False
MON,-13.012433960000001,False
DASH,-12.312806340000002,False
STRK,-12.285004289999998,False
SUSHI,-11.909038230000002,False
2Z,-11.755084149999998,False
GMT,-10.96970635,False
SNX,-10.86988323,False
SAGA,-10.8346965,False
SEI,-10.52832718,False
BSV,-10.501885119999999,False
kNEIRO,-10.35061598,False
SAND,-10.32803927,False
INJ,-10.049875689999999,False
PENGU,-9.77683525,False
S,-9.50320351,False
CRV,-9.09169521,False
BLUR,-8.72889032,False
kSHIB,-7.9622990699999985,False
AIXBT,-7.128832519999999,False
TURBO,-6.831626159999998,False
BABY,-5.552726019999999,False
PROVE,-5.472648669999999,False
PENDLE,-5.136528199999999,False
ZETA,-4.364653209999999,False
JTO,-3.338457169999999,False
KAITO,-3.3107478299999986,False
MERL,-3.0901352599999994,False
INIT,-2.962307149999999,False
XRP,-2.9497044299999997,False
ZEC,-2.2905012899999995,False
MOODENG,-2.08701525,False
SPX,-2.060205269999998,False
APT,-1.9277759699999997,False
NOT,-1.6086513599999996,False
PURR,-1.5890705700000034,False
ONDO,-0.6460697099999997,False
DOT,-0.2870768799999998,False
VIRTUAL,-0.25851927999999935,False
