coin,fundingRate_avg_5d,isNew
ALT,-303.2628664165289,False
IO,-118.8392350909091,False
ZORA,-91.33353806280992,False
CHIP,-79.509401553719,False
ME,-50.142492664462814,False
TRUMP,-45.21016814876033,False
0G,-44.1748541553719,False
COMP,-33.41179327933885,False
JUP,-30.10615587768595,False
BCH,-28.716447758677685,False
MOVE,-26.88985382479338,False
TRX,-26.484427269421484,False
TON,-20.614997047933887,False
HYPER,-19.636987209917354,False
2Z,-18.97274392066116,False
kLUNC,-18.54513429421488,False
ETC,-18.344352922314048,False
STX,-16.173223120661156,False
HEMI,-16.14457574876033,False
STABLE,-15.581362046280987,False
ADA,-15.20451915371901,False
MEGA,-15.104587824793395,False
STRK,-15.025362674380165,False
S,-14.843334218181816,False
MON,-14.741990429752066,False
BSV,-13.427763828099176,False
MINA,-13.418991520661159,False
kNEIRO,-13.269356965289257,False
OP,-12.299792201652892,False
SNX,-12.228172323966941,False
INJ,-11.139574363636365,False
GMT,-9.820190945454545,False
APT,-9.3211330214876,False
SEI,-9.156741847933882,False
DASH,-8.967375262809918,False
CRV,-8.759645256198347,False
SUSHI,-8.395491332231403,False
BABY,-7.728081411570249,False
PENGU,-7.008476370247933,False
FOGO,-6.986139094214875,False
TURBO,-6.843084674380164,False
POLYX,-6.708141580165289,False
SUPER,-6.513946859504132,False
SAGA,-6.427370548760329,False
AXS,-5.656142320661157,False
SAND,-5.226568571900826,False
VVV,-5.149292340495871,False
JTO,-5.068491114049586,False
ZETA,-4.827054654545455,False
PROVE,-4.77763739504132,False
PENDLE,-4.235572938842975,False
XRP,-4.072408889256198,False
ONDO,-3.665367887603306,False
AIXBT,-3.3015426446280993,False
BLUR,-3.086394872727273,False
MERL,-2.8619361619834702,False
ATOM,-2.5416358900000002,False
XLM,-2.5046910545454546,False
VIRTUAL,-2.312585702479338,False
ZEC,-2.2072716793388425,False
KAITO,-1.9790925024793393,False
DOT,-1.9050922214876032,False
ZK,-1.4037632132231397,False
NOT,-0.3553302148760327,False
kSHIB,-0.31549827768594935,False
INIT,-0.271893024793388,False
SPX,-0.2184157586776847,False
kBONK,-0.16493704462809877,False
