coin,fundingRate_avg_5d,isNew
PROVE,-428.5327632099172,False
SUPER,-276.2475165421488,False
ALT,-273.46049937520655,False
GMT,-185.971521153719,False
CHIP,-116.4056658247934,False
BLAST,-86.1703853752066,False
ME,-84.94265472396694,False
SAGA,-64.33960819834712,False
STABLE,-57.04318628429752,False
TST,-33.15880520330579,False
FOGO,-32.689451642975214,False
COMP,-29.77058127272727,False
OP,-24.286683719008266,False
MINA,-20.307297342148757,False
BCH,-17.345372657851236,False
POL,-17.116080019834712,False
BLUR,-14.190518747107435,False
MERL,-12.53889169586777,False
ETC,-11.307388452892562,False
kSHIB,-11.276346198347108,False
ICP,-10.754633900826446,False
TRUMP,-10.53340915041322,False
kLUNC,-7.709175014876032,False
SUSHI,-7.073128066115704,False
SNX,-6.53071827768595,False
TON,-5.669285216528925,False
AIXBT,-5.604974509090908,False
STRK,-5.053061206611568,False
ADA,-4.7253344033057845,False
SAND,-4.1832728429752075,False
DASH,-3.609012128925618,False
SUI,-2.8947188330578513,False
CAKE,-2.4627502016528924,False
STX,-2.032023173553718,False
AXS,-1.964666013223139,False
kFLOKI,-1.7325918942148757,False
YGG,-0.9447667239669416,False
UNI,-0.6798715636363633,False
KAITO,-0.5213423504132226,False
BOME,-0.5025691636363631,False
MOODENG,-0.29446776198347063,False
BTC,-0.20249789752066125,False
