coin,fundingRate_avg_5d,isNew
0G,-1260.816440033058,False
GAS,-937.6804855834711,False
POLYX,-436.1182853950413,False
KAITO,-423.8851039438017,False
TNSR,-235.65797400991738,False
AVNT,-200.71724508099172,False
MERL,-186.9244882512397,False
LAYER,-185.6542563966942,False
TST,-169.8459401256198,False
ANIME,-165.19994019173555,False
WCT,-147.4245094512397,False
GMT,-140.86513294214876,False
RESOLV,-132.0068102677686,False
INIT,-113.31443847272732,False
BLAST,-112.18548587107438,False
MOVE,-90.09617792727275,False
DYM,-82.92229103801652,False
BIGTIME,-82.64514563305785,False
ARK,-66.72456236033058,False
TURBO,-65.13989428760331,False
ZORA,-63.589292479338845,False
SOPH,-62.78944366611571,False
BIO,-60.34189242644628,False
NIL,-60.30062341487604,False
USTC,-57.800381137190094,False
BANANA,-53.220378753719,False
HMSTR,-51.03916047272729,False
SUPER,-50.74284152727273,False
REZ,-43.164378743801656,False
MOODENG,-41.08385268099174,False
IMX,-37.705376965289254,False
IO,-37.001892495867764,False
MANTA,-36.13474805950414,False
FXS,-35.812272912396686,False
HYPER,-33.85156193057851,False
kLUNC,-32.35732746446281,False
CELO,-31.420043662809917,False
2Z,-29.949016680991733,False
VVV,-24.75924734876033,False
OM,-23.156966608264465,False
BLUR,-22.877085332231406,False
ME,-21.422254938842975,False
BABY,-20.270894836363638,False
FET,-20.070286492561983,False
EIGEN,-18.25326050578512,False
PROVE,-18.088261200000005,False
XAI,-17.369345375206617,False
CFX,-17.322141282644626,False
kFLOKI,-14.625157368595039,False
ZRO,-13.191361834710746,False
ZETA,-13.123219894214875,False
NOT,-12.922783130578512,False
UMA,-12.748262935537191,False
IP,-12.71282764958678,False
SEI,-11.68833261818182,False
MEW,-11.024782165289256,False
ETC,-10.625938641322316,False
CC,-9.712320595041325,False
DOT,-9.561776013223138,False
WIF,-9.063948109090909,False
NEO,-8.881072611570247,False
SUSHI,-8.491159219834712,False
JUP,-8.382842181818182,False
STX,-8.26609092892562,False
BSV,-7.219008852892562,False
SKY,-6.970585388429753,False
FIL,-6.853567715702478,False
SAGA,-6.427311183471073,False
GMX,-5.795072300826445,False
MEME,-5.612787560330577,False
ALT,-4.469615523966941,False
ADA,-3.9456683404958675,False
TRUMP,-3.21303985785124,False
POL,-2.829692846280991,False
S,-2.256040988429752,False
USUAL,-2.130844661157023,False
XLM,-2.028185424793388,False
kSHIB,-0.7719724661157026,False
CAKE,-0.699971057851239,False
AR,-0.5251692396694208,False
