coin,fundingRate_avg_5d,isNew
POLYX,-456.282784601653,False
ANIME,-444.1685349917355,False
REZ,-229.0636936066116,False
BLAST,-228.52677148760333,False
RESOLV,-186.24664017520664,False
YZY,-168.66172361,False
DOOD,-152.05554643636364,False
TRUMP,-142.0515431801653,False
AXS,-139.56140219,False
STABLE,-127.81807396,False
VVV,-118.62737268099175,False
ME,-118.34948882975206,False
TURBO,-99.66249900495869,False
NEO,-77.19914195702478,False
GAS,-70.00778574545456,False
XAI,-64.71583065123967,False
BANANA,-61.98099919338843,False
ZETA,-56.72039259173553,False
HYPER,-52.700970842975195,False
MOODENG,-49.1866065322314,False
SOPH,-45.32844914380165,False
STRK,-43.74503932561983,False
DOT,-43.21702923966941,False
TAO,-32.69906881983471,False
POL,-32.22655659173554,False
LAYER,-30.240035464462807,False
YGG,-29.727487140495864,False
ZORA,-29.297114132231407,False
0G,-26.823170370000003,False
JTO,-26.809135130578515,False
MERL,-25.945911699173553,False
BLUR,-24.795326241322314,False
ALT,-24.400956833057855,False
2Z,-24.284336950000004,False
MORPHO,-24.275821319008262,False
WIF,-24.073605768595044,False
GRASS,-22.84974472066116,False
EIGEN,-20.927611765289253,False
kLUNC,-18.238640717355374,False
USUAL,-16.94513260165289,False
kNEIRO,-15.710334585123968,False
ZRO,-14.918101180165287,False
MANTA,-14.587136796694212,False
SKY,-12.53825224,False
ICP,-12.37099172,False
MEW,-12.266213890909093,False
APT,-11.96074907107438,False
MEME,-11.912169441322318,False
AVNT,-11.843897409999999,False
OP,-11.730078,False
S,-10.745283867768594,False
TIA,-10.313652604958678,False
kSHIB,-8.799606059504132,False
DYM,-8.067264267768596,False
COMP,-7.327019652892562,False
UMA,-7.046567166942147,False
FET,-7.026431474380164,False
MELANIA,-6.314659755371898,False
kPEPE,-5.914282145454544,False
ATOM,-5.768731487603305,False
SOL,-5.738656452892562,False
INIT,-5.715572766942148,False
PNUT,-5.682910274380165,False
PYTH,-5.524822680991735,False
BRETT,-3.9890469917355356,False
AIXBT,-3.806567504132231,False
KAITO,-3.7352871669421472,False
HBAR,-2.7589692396694194,False
RENDER,-2.442986628099174,False
kBONK,-2.371796062809916,False
NXPC,-2.3161244528925606,False
SUI,-1.63358869090909,False
BCH,-1.1110127008264463,False
MON,-0.06480793999999955,False
