coin,fundingRate_avg_5d,isNew
TNSR,-1126.8360533600003,False
RESOLV,-734.42495048,False
DYM,-383.42071196,False
WCT,-373.96771858,False
ZORA,-351.63384964999995,False
KAITO,-330.74501863999996,False
LAYER,-214.70055039000002,False
XAI,-178.7968268,False
0G,-173.21056457999998,False
BSV,-147.80539293,False
YZY,-97.63773506000001,False
SUPER,-93.49407913,False
REZ,-93.35063924,False
BLAST,-91.22875042999999,False
AVNT,-90.31353483,False
2Z,-88.93858056,False
BIO,-78.79955508,False
ME,-64.18771302,False
MOVE,-62.804584210000016,False
IO,-54.840508320000005,False
IP,-54.78491152,False
MEW,-54.7574314,False
OM,-53.77010493999999,False
BERA,-53.38163033,False
MANTA,-46.58134599,False
TURBO,-43.72470196,False
WLFI,-42.04570123,False
ANIME,-40.92972759999999,False
MOODENG,-38.9309,False
MORPHO,-37.34208784999999,False
ZK,-35.25740568,False
GAS,-34.57127357,False
APT,-31.306884390000004,False
ZRO,-29.16128518,False
GOAT,-29.139774999999997,False
BABY,-28.38967518,False
MAV,-27.55197974,False
PROVE,-26.73785016,False
AIXBT,-25.5744039,False
SKY,-21.162546700000004,False
HYPER,-21.106732360000002,False
NIL,-19.7990162,False
ZEN,-18.98652985,False
USUAL,-18.66310554,False
SAGA,-17.780188790000004,False
CC,-16.16218029,False
ZETA,-14.520546069999998,False
GMX,-14.052493429999998,False
CAKE,-13.00061307,False
STX,-12.56241743,False
MET,-12.163251970000003,False
kLUNC,-11.44465822,False
FXS,-11.216520810000002,False
SAND,-10.52451001,False
SOPH,-9.551674049999999,False
kFLOKI,-8.485756519999999,False
VVV,-7.891333579999999,False
ATOM,-7.1398774199999995,False
GRASS,-7.038816949999998,False
POPCAT,-6.633893980000001,False
COMP,-6.60817389,False
DOOD,-5.5711811499999975,False
PROMPT,-5.461298629999999,False
ALGO,-5.227277419999999,False
RSR,-5.05865034,False
INJ,-4.77391019,False
SEI,-4.57676274,False
ZEC,-4.55070612,False
OP,-4.140425679999999,False
BRETT,-3.871319939999999,False
ALT,-3.8303508799999997,False
INIT,-3.290117299999999,False
SOL,-3.1582194400000003,False
EIGEN,-3.012061759999999,False
AR,-2.55839158,False
WLD,-2.376888029999999,False
MELANIA,-2.045570959999999,False
TST,-2.0329587499999997,False
DOT,-1.8974707499999999,False
ACE,-1.8459334799999996,False
HEMI,-1.7355815699999986,False
IMX,-1.1884217499999987,False
W,-0.5692853899999993,False
MERL,-0.43144167999999955,False
YGG,-0.04462197999999822,False
