coin,fundingRate_avg_5d,isNew
STABLE,-216.7809052165289,False
SKR,-170.2300342710744,False
YZY,-169.50110453553722,False
BIO,-116.90616444297522,False
BLAST,-103.65710461487605,False
SUPER,-86.77845606942151,False
AXS,-70.76336470413224,False
UMA,-63.9187517355372,False
APE,-62.21684879999999,False
WLD,-53.54332809917356,False
kNEIRO,-44.63029017520661,False
COMP,-42.51432810247934,False
MORPHO,-31.45189386446281,False
REZ,-30.727653986776858,False
2Z,-30.35232780495868,False
ALT,-24.71928437355372,False
BLUR,-24.584110333884297,False
IP,-24.32435171900826,False
USTC,-22.330093557024803,False
MET,-18.876705361983475,False
JTO,-18.626012985123964,False
AERO,-18.199230852892565,False
MEME,-17.482330552066117,False
MOVE,-17.019053970247935,False
HYPER,-16.24820365289256,False
JUP,-15.780864168595045,False
PNUT,-14.517719950413221,False
AZTEC,-14.235493021487603,False
BABY,-14.111822092561981,False
BANANA,-13.841888846280993,False
DYM,-13.186759576859506,False
AVNT,-12.185783335537188,False
W,-11.810097342148762,False
EIGEN,-9.150590300826448,False
DOT,-9.01015229752066,False
MERL,-8.984862684297523,False
INIT,-8.848164694214876,False
TRX,-8.847056300826445,False
CAKE,-8.81072401983471,False
IMX,-8.388686766942149,False
KAITO,-7.822195666115701,False
SAND,-7.360833976859503,False
PROVE,-6.872106337190082,False
kLUNC,-5.505662895867768,False
STRK,-5.399490971900826,False
XAI,-5.362775712396692,False
S,-4.850167299173553,False
ARB,-3.977603246280992,False
FET,-2.741910406611569,False
TAO,-2.2322963206611566,False
PYTH,-2.105669434710743,False
WLFI,-2.03851281322314,False
GMX,-1.8130644396694213,False
SAGA,-1.4587166479338842,False
BOME,-1.2923012628099153,False
ACE,-1.0507634479338828,False
ETH,-0.5417813851239668,False
TIA,-0.09496998347107426,False
