coin,fundingRate_avg_5d,isNew
ACE,-196.95471359008266,False
kBONK,-134.4766321785124,False
POLYX,-50.61557320661157,False
STABLE,-47.21536834710744,False
SUPER,-32.7882608231405,False
kNEIRO,-26.9405966677686,False
TRB,-26.35521437355372,False
ATOM,-24.139742320661156,False
TRX,-23.52087583140496,False
W,-22.3987531338843,False
OP,-21.08195644958678,False
TURBO,-21.060620419834713,False
NEO,-20.22498302479339,False
WCT,-19.354088439669418,False
MINA,-18.128276300826446,False
XAI,-17.88621143801653,False
UMA,-17.244273570247934,False
S,-16.987717061157024,False
AERO,-16.174414770247935,False
GMT,-15.969416290909091,False
MEME,-15.656534429752071,False
HYPER,-13.433824879338843,False
MET,-13.131552029752068,False
ME,-12.540320082644628,False
ZETA,-12.374744499173557,False
VIRTUAL,-11.661694978512395,False
0G,-11.402488026446283,False
STRK,-10.763488740495868,False
MOODENG,-10.368562601652894,False
POPCAT,-10.064190971900826,False
BSV,-9.893331877685956,False
SEI,-8.734265871074381,False
IO,-8.57631872727273,False
BCH,-7.998295557024791,False
AIXBT,-7.670933633057852,False
GAS,-7.507678363636363,False
TRUMP,-7.039383966942148,False
ZORA,-6.8937449851239645,False
TIA,-6.66893442644628,False
ZK,-6.542933047933883,False
MOVE,-6.301877395041322,False
YGG,-4.5194020066115685,False
RENDER,-4.450563609917355,False
SOPH,-4.311897877685948,False
PYTH,-3.8780780628099167,False
KAS,-3.5347830743801647,False
ALT,-3.5346534842975195,False
SPX,-3.26344388429752,False
AVNT,-2.4933045024793383,False
CELO,-2.374321259504131,False
REZ,-2.361961695867767,False
kFLOKI,-1.83136921983471,False
NOT,-1.8304258909090911,False
BIGTIME,-0.8725249586776853,False
BIO,-0.7010490446280977,False
MORPHO,-0.5881109256198337,False
MERL,-0.5788101223140496,False
SNX,-0.5481168198347092,False
PENGU,-0.33835608595041333,False
