coin,fundingRate_avg_5d,isNew
ACE,-267.7023479404958,False
POLYX,-50.83722002975206,False
GMT,-48.626376297520665,False
ME,-27.601710971900825,False
ZETA,-26.49553654214876,False
kNEIRO,-26.237739877685954,False
ZORA,-24.63624970909091,False
YGG,-22.94990699504132,False
GAS,-20.116403186776864,False
W,-20.076243292561983,False
SOPH,-16.73623990413223,False
TURBO,-16.62538825785124,False
NEO,-15.634482396694219,False
ATOM,-13.035403428099174,False
SEI,-12.42628515371901,False
SUPER,-11.480385421487604,False
AERO,-9.856479788429752,False
OP,-9.503191160330578,False
STX,-9.168462872727272,False
HYPER,-9.064147923966942,False
S,-8.39671990413223,False
MERL,-8.23163734214876,False
AIXBT,-8.205327659504132,False
WCT,-8.135220148760329,False
TIA,-8.056669735537188,False
MOVE,-7.979995120661159,False
CAKE,-6.58246309090909,False
VIRTUAL,-6.361813894214876,False
SKR,-5.351682366942147,False
KAS,-5.209166578512397,False
MINA,-5.16253441983471,False
MORPHO,-4.320654257851238,False
TRB,-4.106879851239668,False
FIL,-3.388071173553719,False
BSV,-3.088056376859503,False
2Z,-3.0835822611570247,False
UMA,-2.9876421619834703,False
BLUR,-2.9185511008264453,False
XAI,-2.6388312694214875,False
REZ,-1.0797025785123953,False
SAND,-0.68432468429752,False
ALT,-0.12443978181818117,False
IO,-0.04506115041322308,False
