coin,fundingRate_avg_5d,isNew
STABLE,-228.9026544,False
TRX,-65.48080801000002,False
SNX,-57.733677899999996,False
SEI,-52.8263259,False
BSV,-51.70967848,False
ZK,-48.32865647,False
UMA,-46.75543055,False
MOVE,-44.95459939,False
AVNT,-44.609553209999994,False
MEME,-40.49173781999999,False
GMT,-35.595044550000004,False
ZEC,-32.02643079,False
ME,-31.332439500000007,False
JTO,-30.112321880000003,False
kNEIRO,-28.099421339999996,False
STX,-26.586324060000003,False
kLUNC,-25.25547347,False
IO,-24.94386567,False
MERL,-24.41808317,False
PROVE,-24.328393180000003,False
STRK,-21.31563208,False
MON,-21.22625599,False
W,-20.985331900000002,False
SAGA,-20.73911823,False
POPCAT,-19.710343830000003,False
MOODENG,-18.3282925,False
ALT,-16.86511627,False
CAKE,-16.68024231,False
ADA,-14.98160458,False
SOL,-14.725149739999999,False
AERO,-13.747077489999999,False
TON,-13.06879434,False
WIF,-12.289334649999999,False
ICP,-11.995073839999998,False
COMP,-11.08673265,False
SUSHI,-10.439128479999997,False
JUP,-10.0787961,False
TURBO,-9.8004763,False
ZEN,-9.01644462,False
APT,-8.77978081,False
2Z,-8.52110093,False
kSHIB,-7.850613449999999,False
PUMP,-6.91907724,False
ATOM,-6.501714339999999,False
CHIP,-6.385869909999999,False
OP,-5.945049189999999,False
INJ,-5.49899145,False
ETC,-5.148854249999999,False
FIL,-5.09155436,False
DASH,-4.857817849999998,False
WLD,-4.720055169999998,False
XRP,-4.18742235,False
AVAX,-3.9245420500000003,False
YGG,-3.7260922799999987,False
kFLOKI,-3.46929507,False
MEGA,-3.1806654799999996,False
XLM,-2.83942552,False
CRV,-2.403522079999999,False
kBONK,-2.3245952099999996,False
DOGE,-1.7194025799999997,False
PENDLE,-1.1618606999999994,False
TIA,-1.0981178299999996,False
ORDI,-0.8553154499999995,False
DOT,-0.6525126899999999,False
AXS,-0.1525283899999997,False
ONDO,-0.04439786999999936,False
