coin,fundingRate_avg_5d,isNew
ZORA,-165.35892255999994,False
kLUNC,-56.07008966,False
TRX,-53.34600414,False
ALT,-42.74611725,False
BSV,-39.972567659999996,False
SEI,-26.541134139999997,False
MEME,-25.42545908,False
BIO,-23.37542271,False
STABLE,-23.17492967,False
JTO,-22.888674039999998,False
POLYX,-21.362447709999998,False
TRUMP,-18.699740589999998,False
SNX,-16.21193198,False
S,-15.114517869999997,False
XLM,-14.255931290000001,False
IO,-13.670042780000001,False
BCH,-12.93750238,False
ETC,-12.543769580000001,False
ATOM,-11.799422159999999,False
APT,-11.305047180000003,False
0G,-11.27880441,False
SUSHI,-9.722014439999999,False
AIXBT,-9.213619079999999,False
HYPER,-9.1867434,False
STX,-8.71715046,False
2Z,-8.162986290000001,False
STRK,-7.64931522,False
COMP,-7.360054179999999,False
DASH,-7.096217579999999,False
DOT,-6.7968664799999985,False
ME,-6.496680989999998,False
BABY,-5.99882026,False
AXS,-5.449300349999998,False
OP,-4.872529539999999,False
kNEIRO,-4.65024965,False
XRP,-4.406385119999999,False
CHIP,-3.699312230000001,False
ZK,-3.3238031499999994,False
ADA,-2.5880047599999987,False
IP,-2.4892299199999988,False
MORPHO,-1.8789710899999983,False
MEGA,-1.72690698,False
MOVE,-1.2150324399999983,False
GMT,-1.1646544099999985,False
PENGU,-0.64919849,False
