coin,fundingRate_avg_5d,isNew
POLYX,-197.89813089999998,False
CHIP,-171.67311887999998,False
STABLE,-52.07296955,False
HYPER,-51.31681,False
WLD,-50.61353019,False
BSV,-47.52742452999999,False
BIO,-34.6178483,False
LAYER,-34.54413144,False
0G,-29.213333449999997,False
TRUMP,-25.61131343,False
APE,-24.017424860000002,False
kLUNC,-22.945460009999998,False
JTO,-21.977827490000003,False
POL,-21.823187210000004,False
BABY,-21.237025680000002,False
SAGA,-20.000421739999997,False
MINA,-19.94292256,False
MOVE,-19.79315065,False
W,-16.75557028,False
BCH,-16.08469517,False
CAKE,-15.888388680000002,False
APT,-15.84207675,False
ACE,-15.47544009,False
MON,-14.32788374,False
BLAST,-14.01502764,False
SKY,-13.56135381,False
BANANA,-13.40294673,False
COMP,-11.768927869999999,False
kSHIB,-11.515106140000002,False
DASH,-11.50734551,False
AXS,-10.581733980000003,False
2Z,-10.234286829999999,False
EIGEN,-9.31448464,False
SAND,-8.98934556,False
ICP,-8.576115189999998,False
PROVE,-7.70822622,False
MERL,-7.610321539999999,False
GAS,-7.30458951,False
ANIME,-7.26039458,False
STX,-7.00847742,False
ALT,-6.464004729999999,False
PYTH,-5.639352929999999,False
ATOM,-4.931723779999999,False
YGG,-4.34156039,False
BIGTIME,-4.231217969999999,False
TURBO,-4.201552959999999,False
ZORA,-3.614326359999999,False
AERO,-3.51826931,False
IO,-3.3368920499999994,False
XRP,-2.9598112800000003,False
BLUR,-2.3669921499999993,False
MEGA,-1.52939234,False
STRK,-1.5150500299999996,False
SEI,-1.3389440999999995,False
PENGU,-0.9244705399999997,False
SUSHI,-0.8053170199999997,False
BERA,-0.7963190399999993,False
INIT,-0.61437092,False
PAXG,-0.46099207999999997,False
AVNT,-0.3627034199999994,False
SOL,-0.21966794999999992,False
