coin,fundingRate_avg_5d,isNew
0G,-1259.9246684132231,False
GAS,-933.7241141157026,False
POLYX,-434.46048869752065,False
KAITO,-422.2289868495869,False
TNSR,-250.90566186446281,False
LAYER,-204.08045088595043,False
AVNT,-199.7529971305785,False
MERL,-188.56284354049586,False
ANIME,-168.9007303338843,False
TST,-154.54544105454542,False
GMT,-140.86513294214876,False
RESOLV,-134.00716929917354,False
WCT,-126.45738357024793,False
INIT,-113.31443847272732,False
BLAST,-107.32866965950413,False
MOVE,-94.42525481652893,False
DYM,-84.88967192727273,False
BIGTIME,-82.98329249256197,False
ARK,-67.21760556694215,False
SOPH,-63.09070585785125,False
TURBO,-62.760236667768595,False
NIL,-61.94622344132232,False
ZORA,-61.78308038677686,False
BIO,-60.34189242644628,False
BANANA,-58.72187811570249,False
USTC,-57.226231190082636,False
SUPER,-51.30341492231405,False
HMSTR,-51.28892472396696,False
REZ,-45.743886714049594,False
MOODENG,-42.57009744793388,False
IMX,-38.07532407272727,False
IO,-37.44888923305785,False
FXS,-35.812272912396686,False
MANTA,-33.87613336859505,False
HYPER,-33.468711560330576,False
kLUNC,-32.02527278677686,False
2Z,-31.58305785123967,False
CELO,-30.246803107438016,False
OM,-26.22155342479339,False
VVV,-24.29078861157025,False
BLUR,-22.69446611900826,False
ME,-21.907409077685955,False
BABY,-20.003535292561985,False
FET,-19.598430178512398,False
PROVE,-17.83660667107438,False
EIGEN,-17.665486224793387,False
XAI,-17.2193568,False
CFX,-16.399752376859503,False
kFLOKI,-14.35395138842975,False
IP,-13.453490717355377,False
ZETA,-13.2641429553719,False
UMA,-12.561481636363634,False
ZRO,-12.32183627107438,False
NOT,-12.28172198677686,False
SEI,-11.192596254545457,False
MEW,-11.024782165289256,False
ETC,-10.635495004958678,False
CC,-10.545558763636365,False
DOT,-9.49365,False
NEO,-9.061742181818182,False
SUSHI,-8.750277123966944,False
STX,-8.481913438016528,False
JUP,-7.99689974876033,False
WIF,-7.991565560330578,False
BSV,-6.938070585123965,False
SKY,-6.904430013223141,False
GMX,-6.5938619504132205,False
FIL,-6.230927910743802,False
SAGA,-6.0147962677685936,False
MEME,-5.612787560330577,False
ADA,-4.307791537190083,False
ALT,-4.001284928925619,False
TRUMP,-3.6700266148760337,False
USUAL,-3.1081558710743793,False
POL,-2.3766603966942146,False
S,-2.162602919008264,False
XLM,-1.79116733553719,False
CAKE,-0.6999710578512387,False
AR,-0.5251692396694209,False
kSHIB,-0.4246138512396694,False
