coin,fundingRate_avg_5d,isNew
OM,-1379.0682915799998,False
INIT,-902.40865301,False
YZY,-862.5261914399999,False
VVV,-613.9404127199999,False
AXS,-572.3277445699999,False
BERA,-483.65060329,False
MOVE,-355.3388208399999,False
MOODENG,-309.41690575,False
JTO,-298.56751216,False
0G,-297.66014917,False
COMP,-276.60396201000003,False
BLAST,-204.95604830000002,False
ACE,-198.01735668999999,False
SUPER,-127.67922504,False
SOPH,-124.50350239,False
RESOLV,-121.05942079000002,False
UMA,-102.25000500000002,False
AVNT,-89.61254941,False
ZORA,-86.20092580000001,False
ARK,-81.67673912000001,False
TNSR,-74.01332322000002,False
DYM,-51.2110403,False
NXPC,-48.26033869,False
SKR,-42.73026311,False
XAI,-34.11911011,False
AZTEC,-32.78977646,True
REZ,-31.93277106,False
MINA,-26.808948509999997,False
2Z,-26.52185922,False
PYTH,-26.472081250000002,False
APT,-22.031716089999996,False
LAYER,-20.84830798,False
BSV,-20.712589300000005,False
BIGTIME,-20.350128970000004,False
MERL,-19.934906429999998,False
TAO,-19.46419805,False
YGG,-18.94649154,False
FET,-18.35253288,False
IP,-17.929524889999996,False
SKY,-17.075876760000003,False
BABY,-17.04718192,False
IO,-16.52840012,False
CELO,-16.46261252,False
TRUMP,-14.730012999999998,False
SAGA,-14.58104336,False
XRP,-14.537696689999999,False
SOL,-14.280463670000003,False
POLYX,-13.974584909999999,False
SPX,-12.889853819999999,False
KAS,-11.9978493,False
LINEA,-11.686666360000002,False
MANTA,-11.13991169,False
XLM,-10.49060078,False
kLUNC,-9.825496320000001,False
DASH,-9.72628421,False
BLUR,-9.49337187,False
MEME,-9.373204379999999,False
CAKE,-8.61109022,False
DOT,-7.364254600000001,False
SEI,-7.184518379999998,False
NEO,-6.7457942200000005,False
RSR,-6.39481095,False
kFLOKI,-6.17208138,False
NIL,-5.780779479999997,False
KAITO,-5.145069929999999,False
AIXBT,-4.8668399199999985,False
EIGEN,-3.68258428,False
S,-3.667745569999999,False
WCT,-3.2907261199999995,False
ZETA,-2.6483604299999977,False
ENS,-1.9808206899999992,False
USTC,-1.6559473299999987,False
UNI,-1.35929723,False
STX,-1.1290223799999994,False
ADA,-1.10255769,False
IOTA,-1.087893449999999,False
kSHIB,-0.7768207399999999,False
JUP,-0.5423841599999997,False
PENGU,-0.5350513099999998,False
ATOM,-0.3233746699999995,False
