coin,fundingRate_avg_5d,isNew
BLAST,-231.56688211000002,False
CHIP,-202.51661241,False
0G,-128.85774215,False
YZY,-121.30269183000001,False
STABLE,-74.98041408,False
TRUMP,-68.2363704,False
APE,-62.15479806999999,False
BERA,-57.38966540000001,False
kLUNC,-57.04537257999999,False
kNEIRO,-51.039656009999995,False
HYPER,-50.36448996000001,False
WLD,-41.924563570000004,False
REZ,-35.378417049999996,False
COMP,-29.238653500000005,False
INJ,-24.18309617,False
BIO,-23.557478869999997,False
MINA,-20.427738190000007,False
AXS,-19.845746419999998,False
BANANA,-19.46836635,False
2Z,-16.93356618,False
STX,-16.83819825,False
MERL,-15.82013879,False
AVNT,-15.556036469999997,False
KAITO,-15.279063520000001,False
TST,-14.656148680000001,False
MON,-14.459245779999998,False
CAKE,-14.19170589,False
WLFI,-13.11034667,False
MOVE,-12.65059705,False
ALT,-12.27183071,False
TRX,-11.195088740000001,False
SUI,-10.12874124,False
SEI,-10.00846863,False
XAI,-9.62226724,False
DYM,-8.30991485,False
JTO,-8.272354159999999,False
IMX,-8.05505579,False
POL,-7.007464179999999,False
STRK,-6.823279339999999,False
FET,-5.035568469999998,False
TIA,-4.36872296,False
EIGEN,-3.692449499999999,False
ZK,-3.5767006999999973,False
ADA,-2.34819027,False
MANTA,-2.0863268599999993,False
XRP,-1.6718416200000001,False
PYTH,-1.62841538,False
ARB,-1.30003072,False
PROVE,-1.0915704599999996,False
BTC,-0.53186632,False
BABY,-0.45184225999999955,False
PNUT,-0.4251680599999996,False
BLUR,-0.27251191999999963,False
W,-0.21025532999999966,False
S,-0.12088653999999945,False
