coin,fundingRate_avg_5d,isNew
PROVE,-432.42216124999993,False
SUPER,-267.00821202,False
ALT,-265.41848372000004,False
GMT,-189.50084016000002,False
CHIP,-125.92783021000001,False
BLAST,-86.210664,False
ME,-84.10845745,False
SAGA,-64.30121342000001,False
STABLE,-58.12600691,False
FOGO,-41.36558067,False
TST,-38.11739384,False
COMP,-29.556690409999998,False
OP,-23.113719169999996,False
POL,-17.15490437,False
MERL,-16.930982710000002,False
MINA,-16.04954348,False
BCH,-14.736754550000002,False
BLUR,-12.88749008,False
TRUMP,-11.126799429999998,False
ICP,-10.935505849999998,False
SNX,-9.54131243,False
kSHIB,-7.836580659999999,False
ETC,-6.9297775800000005,False
kLUNC,-6.59145981,False
JTO,-5.38076065,False
SUSHI,-5.2354651,False
STRK,-5.186420049999999,False
CAKE,-3.452041519999999,False
AIXBT,-3.024248379999999,False
ADA,-2.83868749,False
DASH,-2.819502359999999,False
STX,-2.4917586399999996,False
SUI,-2.4059266999999998,False
TON,-2.1947471899999993,False
kFLOKI,-1.98920547,False
AXS,-1.6070125099999983,False
LAYER,-1.3982127999999996,False
YGG,-1.3476588399999994,False
BSV,-1.3274473299999991,False
ZORA,-1.2218557500000002,False
UNI,-0.8203937099999992,False
KAITO,-0.12203482999999962,False
