coin,fundingRate_avg_5d,isNew
DOOD,-470.11790652892563,False
0G,-252.86259229090908,False
REZ,-71.10407947438016,False
BLAST,-55.36924584793389,False
CELO,-39.22071723966941,False
KAITO,-28.301594429752065,False
APT,-26.337803692561984,False
BIO,-24.083881755371902,False
2Z,-8.303074056198348,True
MAV,-8.152583047933883,False
ME,-2.2212181785123954,False
SUPER,-0.9236210975206605,False
