coin,fundingRate_avg_5d,isNew
0G,-764.5452454199999,False
AXS,-689.0970692400001,False
AVNT,-386.41445582999995,False
RESOLV,-353.72841602000005,False
YZY,-351.46429036000006,False
LAYER,-210.34905543,False
BLAST,-199.11967712999999,False
BERA,-196.67619850000003,False
KAITO,-158.40801294000002,False
MOVE,-152.02153859,False
ZORA,-139.33317426000002,False
DASH,-129.34562305,False
SUPER,-117.38607538999999,False
MOODENG,-108.25204309999998,False
WCT,-83.30424711,False
MANTA,-53.293000299999996,False
FOGO,-50.92526063,False
ZETA,-46.96971256,False
DYM,-45.50992061,False
XAI,-44.16184421,False
ME,-42.96966806999998,False
IO,-42.102130960000004,False
ANIME,-41.59997272,False
REZ,-39.55168689,False
SOPH,-37.747986829999995,False
kPEPE,-34.42797092,False
POPCAT,-33.90467407,False
ACE,-30.18956537,False
SKY,-29.79789336,False
IP,-27.48901578,False
POL,-26.928080130000005,False
LINEA,-26.702154619999998,False
APT,-26.104669329999997,False
ATOM,-25.850283310000002,False
kFLOKI,-24.81423227,False
PURR,-24.61466049,False
AIXBT,-19.964664879999997,False
SAND,-19.55144254,False
ICP,-18.53652938,False
WLFI,-18.478076820000002,False
TRUMP,-17.05872541,False
kLUNC,-16.93769725,False
STRK,-16.20925069,False
JTO,-15.792438939999998,False
HEMI,-15.5556211,False
SAGA,-14.172523680000003,False
TURBO,-13.87725912,False
PROVE,-13.313419530000001,False
MERL,-13.283372,False
STX,-13.14911259,False
AVAX,-12.451690300000001,False
HYPER,-12.23867411,False
EIGEN,-10.03331272,False
ENA,-10.018521459999999,False
CAKE,-9.97496528,False
ETC,-9.423375819999999,False
RSR,-8.933206369999999,False
S,-8.825116000000001,False
ZEC,-7.644817689999998,False
2Z,-7.394021079999999,False
BRETT,-6.930751399999999,False
VVV,-6.89696846,False
XLM,-6.396129329999999,False
SOL,-6.056827520000001,False
LTC,-6.00000797,False
PENGU,-5.733941949999999,False
SPX,-5.56305187,False
PNUT,-5.12671481,False
RENDER,-4.959725849999999,False
GMT,-4.444811589999999,False
OP,-4.2956923,False
BABY,-3.22632114,False
SNX,-3.04580674,False
PAXG,-2.76518306,False
ALT,-1.81237976,False
GOAT,-1.5738566399999983,False
STABLE,-1.1401694799999988,False
BCH,-0.8374428599999999,False
CRV,-0.7559361699999999,False
BNB,-0.7130493999999999,False
BTC,-0.63446417,False
SCR,-0.5922256399999983,False
CELO,-0.37421916999999844,False
DOGE,-0.3219234299999995,False
NIL,-0.2829071199999981,False
