coin,fundingRate_avg_5d,isNew
GMT,-372.7862400892562,False
ANIME,-362.7642556661157,False
AVNT,-336.82656678347115,False
POLYX,-259.3535068661157,False
BLAST,-184.99035916363638,False
0G,-176.64221599338848,False
BABY,-166.34130086280993,False
IP,-146.8844388,False
ZK,-95.17427318677687,False
VVV,-79.94613316363638,False
BERA,-75.74397274710745,False
FTT,-71.42799676363637,False
HYPER,-66.97350852892562,False
TNSR,-66.08584614545455,False
kLUNC,-47.47452317355371,False
GAS,-38.42262549421487,False
CELO,-37.68988479669421,False
REZ,-34.86593952396694,False
WCT,-34.532240717355364,False
ACE,-30.40677953057851,False
XAI,-25.727057940495865,False
ZETA,-24.689876112396696,False
TRUMP,-21.013908624793388,False
SKY,-18.02485617520661,False
ATOM,-16.960290297520665,False
SCR,-15.085538806611568,False
STRK,-14.69355921322314,False
PROVE,-14.15970816198347,False
FOGO,-13.724205847933888,False
ZORA,-11.984081801652891,False
USUAL,-10.512954188429752,False
FET,-8.787569385123966,False
SUPER,-8.109655428099174,False
USTC,-7.226732132231405,False
GMX,-5.837158671074379,False
2Z,-5.42640589090909,False
MINA,-5.350183031404957,False
ARK,-5.196652809917352,False
BSV,-4.820588905785122,False
WLFI,-3.8098427305785125,False
SAND,-3.6791746611570244,False
MEW,-3.4874551834710728,False
MOODENG,-3.4025128661157025,False
SOPH,-3.0635457520661142,False
MON,-2.333571332231404,False
AR,-2.157750892561983,False
EIGEN,-1.8677311834710735,False
OP,-1.293138168595041,False
IO,-0.030882257851238066,False
