coin,fundingRate_avg_5d,isNew
SUPER,-288.01275533000006,False
ALT,-280.53804443,False
GMT,-187.3784221,False
PROVE,-177.98072914000005,False
CHIP,-105.64464662,False
ME,-88.44149436,False
BLAST,-87.02218309999999,False
SAGA,-62.80966282,False
STABLE,-61.35149439000001,False
COMP,-31.05915086,False
TST,-29.764208970000002,False
FOGO,-26.5719051,False
OP,-23.044979450000003,False
MINA,-22.928553939999997,False
BCH,-20.700715119999998,False
kSHIB,-16.40579735,False
BLUR,-15.897557480000001,False
ETC,-15.3490603,False
POL,-13.08177593,False
MERL,-11.44932657,False
TRUMP,-8.992929129999998,False
ICP,-8.42467304,False
SUSHI,-8.282842800000001,False
AIXBT,-8.219247390000001,False
DASH,-8.1890013,False
TON,-8.08484052,False
SNX,-6.97624792,False
kLUNC,-6.506971070000001,False
STRK,-5.186420049999998,False
SAND,-4.808383709999998,False
NOT,-3.6180508199999997,False
PURR,-3.4918236000000014,False
MEGA,-3.4818225999999997,False
ADA,-3.45780998,False
BOME,-3.252544929999999,False
SUI,-2.9995678100000003,False
STX,-2.71878937,False
AXS,-2.5838481399999993,False
BTC,-2.05625889,False
SEI,-1.89252208,False
CAKE,-1.718023609999999,False
UNI,-0.9059380299999998,False
kFLOKI,-0.6361212699999996,False
KAITO,-0.5137623199999996,False
SOL,-0.4516663299999999,False
MOODENG,-0.24921542999999938,False
