coin,fundingRate_avg_5d,isNew
YZY,-402.59879527,False
0G,-205.3857263,False
STABLE,-145.78136135000003,False
TRUMP,-143.35980973,False
BIO,-122.10565022,False
BLAST,-119.92683674,False
FET,-105.45678039,False
DOT,-105.33540913,False
REZ,-76.59580407000001,False
BLUR,-72.60288657000001,False
JTO,-66.80015599,False
AXS,-56.39308327000002,False
SUPER,-52.14992834,False
BERA,-52.088872599999995,False
POL,-46.814532809999996,False
COMP,-43.72754604,False
TURBO,-42.67522768,False
ALT,-41.88534213,False
W,-38.63345712,False
POLYX,-36.12009997,False
IMX,-34.777490539999995,False
RESOLV,-34.616501449999994,False
AVNT,-33.80271935,False
APT,-30.544205939999994,False
EIGEN,-29.64322826,False
HYPER,-29.327434640000003,False
MOVE,-28.119497069999998,False
ZETA,-27.861712899999997,False
GAS,-27.31996311,False
SAGA,-26.92251753,False
SEI,-26.16756029,False
kLUNC,-25.74922503,False
WLFI,-23.509995290000003,False
2Z,-23.292329,False
SAND,-22.46711656,False
XAI,-21.889144169999998,False
OP,-21.854270609999997,False
KAITO,-21.762407409999998,False
kNEIRO,-20.7887356,False
APE,-20.74431145,False
MEW,-18.736920220000002,False
PROVE,-18.50909306,False
STX,-18.320417260000006,False
IP,-17.91965456,False
ARK,-17.363465370000004,False
BABY,-15.69048714,False
NEO,-15.588760180000005,False
ME,-15.44008692,False
S,-14.99732878,False
IOTA,-14.083574640000004,False
BSV,-14.003373190000001,False
DYM,-12.572001600000004,False
WCT,-10.33224042,False
HBAR,-10.246299709999999,False
GRIFFAIN,-10.003128680000001,False
USUAL,-8.96302249,False
AERO,-8.88346928,False
GMT,-8.188774999999998,False
NOT,-8.091073989999998,False
XLM,-7.737764940000001,False
kFLOKI,-6.95824904,False
ANIME,-6.846188929999999,False
STRK,-6.75944157,False
USTC,-6.568498390000001,False
ZEN,-4.92480119,False
INJ,-4.71738483,False
BIGTIME,-4.61923122,False
SUI,-4.19578961,False
ADA,-3.9194510299999985,False
INIT,-3.313971509999999,False
ETH,-3.1891269100000006,False
CHILLGUY,-3.0041186299999993,False
TIA,-2.9642416499999995,False
MORPHO,-2.8776534299999996,False
KAS,-2.87062134,False
ICP,-2.7665576499999998,False
SUSHI,-2.6950614499999985,False
BCH,-2.2527208699999997,False
IO,-2.1276601899999994,False
MINA,-1.7820000799999984,False
kSHIB,-1.6071380699999995,False
ARB,-1.5369492999999999,False
PYTH,-1.2609100199999994,False
MELANIA,-1.1101898399999994,False
BTC,-0.9564985599999999,False
TNSR,-0.673263669999999,False
