coin,fundingRate_avg_5d,isNew
VVV,-109.8823638644628,False
ACE,-85.38442369586775,False
STABLE,-76.50844781157025,False
CHIP,-57.535650317355376,False
TRUMP,-50.51772255867769,False
AXS,-44.9552876231405,False
kNEIRO,-39.53180023,False
0G,-37.46341635371901,False
BLUR,-34.4026412231405,False
TNSR,-33.52063129,False
XAI,-30.010083190000003,False
IO,-29.991581340000003,False
GAS,-29.501004218181823,False
KAITO,-29.268457348760332,False
LAYER,-29.006010644628095,False
HYPER,-28.411451345454545,False
ME,-28.20101252,False
ADA,-27.383426975206614,False
MINA,-23.967771213223145,False
ATOM,-23.93081270082645,False
ANIME,-23.871288862809916,False
kSHIB,-20.482693537190087,False
kLUNC,-20.364583398347108,False
BABY,-19.806593117355373,False
TRX,-19.667173011570252,False
DOT,-12.263664079338843,False
USUAL,-12.1723979107438,False
ICP,-11.645657662809917,False
UMA,-11.09197551,False
S,-10.869539038016528,False
STRK,-10.77039664,False
AVNT,-10.34849423801653,False
IP,-10.346328852892563,False
BRETT,-10.025530189999998,False
RESOLV,-9.554330737190083,False
INIT,-9.097115930578513,False
AVAX,-8.955282842975205,False
ARK,-6.733156085950413,False
BCH,-6.6874889752066125,False
OP,-6.543823527272728,False
AIXBT,-6.417806679999999,False
SUSHI,-5.929346449586776,False
IOTA,-5.79403117,False
EIGEN,-5.486631089999999,False
XLM,-5.46278053,False
YGG,-5.133094304132231,False
REZ,-4.463890139999999,False
MORPHO,-4.207692247933885,False
ARB,-3.679667682644628,False
RSR,-3.499546155371899,False
MEME,-3.4882660264462806,False
POLYX,-3.1558421256198335,False
ALT,-2.94183138,False
BERA,-2.600529798347106,False
APT,-2.229405520661157,False
PROVE,-2.141738915702478,False
SAGA,-1.7051558999999996,False
ZORA,-1.6728016363636355,False
WIF,-0.39628647272727247,False
PENGU,-0.23685725999999996,False
