coin,fundingRate_avg_5d,isNew
YZY,-358.91095977,False
0G,-205.8943465,False
TRUMP,-160.75927505000004,False
STABLE,-146.75182481,False
BLAST,-139.38392167,False
BIO,-120.10423696000001,False
FET,-105.21663229,False
DOT,-103.18447142999999,False
REZ,-81.79401727000001,False
JTO,-71.08128114000002,False
AXS,-60.52700319,False
BERA,-55.15209057,False
SUPER,-54.32137466,False
POL,-53.789754349999995,False
COMP,-48.13575616,False
W,-41.90496745,False
IMX,-39.882300969999996,False
TURBO,-38.75554597000001,False
GAS,-37.242896179999995,False
POLYX,-36.73058875,False
RESOLV,-35.32920264,False
EIGEN,-33.46704126,False
APT,-31.871889059999997,False
HYPER,-31.71342212,False
AVNT,-28.958294079999998,False
MOVE,-28.911493779999994,False
SEI,-28.58846367,False
ZETA,-27.670625179999995,False
WLFI,-26.797830610000002,False
2Z,-26.22528723,False
SAND,-24.43818591,False
KAITO,-23.411984760000003,False
kLUNC,-23.22822405,False
BLUR,-22.12191781,False
NEO,-21.28873815,False
PROVE,-20.262330409999997,False
OP,-19.907599320000003,False
STX,-19.899600710000005,False
ARK,-19.61624902,False
APE,-19.40902976,False
kNEIRO,-19.021601240000003,False
IP,-18.39514079,False
XAI,-18.252389290000004,False
MEW,-17.79128698,False
BABY,-17.07077917,False
IOTA,-16.981962260000003,False
BSV,-16.643617480000003,False
S,-14.67849617,False
SAGA,-14.603361649999998,False
ME,-14.042716540000002,False
GMT,-13.63423336,False
HBAR,-12.676444889999999,False
DYM,-11.93242597,False
ALT,-11.25181704,False
GRIFFAIN,-10.136842779999998,False
USTC,-9.016404469999996,False
NOT,-8.266074699999997,False
STRK,-8.029697780000001,False
XLM,-7.85100984,False
USUAL,-7.4014408000000005,False
kFLOKI,-6.95824904,False
MINA,-6.608538159999999,False
ADA,-6.237444119999999,False
IO,-5.9823419699999985,False
ARB,-5.604261829999999,False
ICP,-5.35609541,False
SUI,-4.75007423,False
BIGTIME,-4.61923122,False
ZEN,-4.14606493,False
SUSHI,-3.9437103899999997,False
TIA,-3.74674325,False
KAS,-3.359186249999999,False
CHILLGUY,-3.067081129999999,False
INJ,-2.65973018,False
ANIME,-2.5157683400000006,False
MORPHO,-2.31832378,False
TNSR,-2.286451979999999,False
BCH,-2.0862304999999997,False
kSHIB,-1.8300238599999998,False
MELANIA,-1.5670800499999988,False
DASH,-1.4669357299999979,False
PYTH,-1.39786094,False
PENGU,-1.3150446299999994,False
AIXBT,-1.214949219999999,False
ETH,-0.5558672599999999,False
BTC,-0.042479429999999894,False
