coin,fundingRate_avg_5d,isNew
POLYX,-846.21666357,False
TST,-292.71494374999986,False
GAS,-202.46247634,False
REZ,-147.30968424,False
BLAST,-117.07744672000001,False
IP,-96.96527292999998,False
kLUNC,-94.84513685000002,False
ANIME,-77.08237315999999,False
DYM,-75.46617944,False
MANTA,-72.48199054000001,False
USTC,-58.254062049999995,False
TURBO,-55.94559327,False
IMX,-35.771810399999985,False
TNSR,-31.897594550000008,False
CELO,-30.491906549999996,False
kNEIRO,-30.387271269999992,False
VVV,-29.72819077,False
LAYER,-28.91131712,False
SUPER,-28.185403660000002,False
USUAL,-27.53802214,False
XAI,-26.292195380000003,False
MERL,-25.66246161,False
FET,-25.590841310000002,False
UMA,-21.82309523,False
CFX,-19.298603390000007,False
MOODENG,-19.22514057,False
WIF,-18.366191180000005,False
NEO,-17.992050120000002,False
EIGEN,-17.33720362000001,False
OM,-17.24100057,False
SAGA,-15.335705680000004,False
TRUMP,-14.628331300000003,False
XLM,-14.304906989999997,False
BLUR,-12.903570519999999,False
BSV,-11.581051420000003,False
IO,-10.49012263,False
ATOM,-8.97190805,False
GMT,-8.259439730000002,False
ZETA,-7.831637829999999,False
kFLOKI,-7.642928450000002,False
MEME,-7.417219019999999,False
ALT,-7.316141029999998,False
ETC,-7.3035215199999985,False
ZRO,-6.952874049999998,False
FIL,-6.755068139999998,False
SCR,-6.011805499999999,False
PYTH,-5.30777598,False
SEI,-4.646103979999999,False
SUSHI,-4.594336029999999,False
BOME,-4.149295179999999,False
POL,-3.844493169999998,False
MEW,-3.207973319999998,False
GMX,-2.5346497899999987,False
ARK,-2.1940142699999985,False
kSHIB,-2.1728990199999982,False
DOT,-1.96807562,False
MINA,-1.6959936699999996,False
SAND,-1.514444859999999,False
NOT,-0.6689778399999985,False
OP,-0.33985149999999964,False
