coin,fundingRate_avg_5d,isNew
SOPH,-246.32007188,False
MOVE,-96.35216929,False
TRUMP,-67.54243094000002,False
STABLE,-59.93878963,False
TRX,-56.11724911999999,False
ME,-42.21625624,False
LAYER,-40.75696069,False
CHIP,-40.71997962,False
UMA,-37.15617291,False
ZEC,-33.44350605999999,False
EIGEN,-31.982103730000002,False
ZORA,-31.27063843,False
HMSTR,-30.980888290000003,False
kNEIRO,-30.340643250000003,False
kLUNC,-29.095854549999995,False
IO,-26.944765740000005,False
ALT,-26.35752016,False
XLM,-26.29843834,False
TON,-24.523982080000003,False
BRETT,-23.793531670000004,False
0G,-22.960460050000005,False
POL,-18.516072589999997,False
IP,-18.15442694,False
MOODENG,-16.02364089,False
MINA,-15.21085743,False
SNX,-14.584664889999999,False
SEI,-14.42895224,False
WLD,-13.601089170000003,False
JUP,-13.49766277,False
AIXBT,-13.045191979999998,False
GAS,-12.37105888,False
AVAX,-10.40262775,False
AVNT,-10.352348999999997,False
W,-10.314287529999998,False
ZK,-10.170852019999998,False
STRK,-9.715754689999999,False
ETC,-9.59515358,False
HYPER,-9.224025229999999,False
SKR,-8.360335949999996,False
FIL,-8.02285038,False
MERL,-6.866992470000002,False
2Z,-6.79140681,False
SAND,-6.55544234,False
OP,-5.701312409999999,False
S,-5.6486180899999985,False
APT,-5.424305149999999,False
IOTA,-3.510399909999999,False
XRP,-3.4857040099999996,False
TIA,-3.136263229999999,False
ZEN,-2.9084893599999995,False
APE,-2.85199612,False
VIRTUAL,-2.6126597799999995,False
ADA,-2.55910917,False
XAI,-2.2073886,False
SAGA,-2.1532853799999994,False
PNUT,-1.8473306999999994,False
MORPHO,-1.5737617399999988,False
KAS,-1.5379391799999986,False
NOT,-1.3405909799999998,False
ALGO,-0.75183795,False
JTO,-0.17870034999999942,False
SOL,-0.17830396000000004,False
