coin,fundingRate_avg_5d,isNew
TRUMP,-69.95372496198347,False
STABLE,-61.970103490909096,False
VVV,-55.38690846942148,False
kNEIRO,-39.38187590082645,False
0G,-30.749725566942146,False
MOVE,-30.37128053553719,False
IO,-29.510808902479337,False
CHIP,-28.44764172892562,False
TRX,-28.427990370247933,False
LAYER,-28.23595307107438,False
BRETT,-27.298998674380165,False
ME,-23.565873996694215,False
HYPER,-21.62046550413223,False
BLUR,-20.87119229752066,False
ADA,-20.329417428099177,False
KAITO,-19.461917523966942,False
EIGEN,-19.20799335867769,False
GAS,-19.01313186446281,False
MINA,-17.184800409917358,False
XAI,-16.60648982479339,False
IP,-16.31913576198347,False
AVAX,-14.197104674380164,False
kSHIB,-13.116799031404959,False
ATOM,-10.333296723966944,False
DOT,-7.916419963636364,False
BABY,-7.901686512396693,False
INIT,-6.687252238016528,False
XLM,-6.11845240661157,False
ICP,-6.0443522181818174,False
POLYX,-5.136007547107437,False
ZORA,-4.789467014876032,False
BCH,-4.704589130578512,False
OP,-3.9195743999999992,False
IOTA,-3.5071673553719003,False
SUSHI,-3.2657460991735534,False
UMA,-3.0469234710743796,False
kLUNC,-2.8825822512396697,False
2Z,-1.8516417421487588,False
NOT,-1.659837560330578,False
ORDI,-1.6063132363636359,False
RENDER,-1.5436169752066105,False
STRK,-1.4974039933884296,False
ANIME,-1.250976505785123,False
SEI,-1.000263857851239,False
REZ,-0.6951385785123958,False
USUAL,-0.5507860859504108,False
PENGU,-0.35115075371900756,False
ARB,-0.27574380495867773,False
SAGA,-0.26701203966942066,False
MOODENG,-0.16998164628099038,False
BNB,-0.07663117685950392,False
