coin,fundingRate_avg_5d,isNew
ACE,-257.29044472,False
POLYX,-50.0608742,False
GMT,-33.64650519,False
kBONK,-31.61479984999999,False
W,-27.462220400000003,False
STABLE,-26.320328119999992,False
kNEIRO,-25.504176439999995,False
AERO,-24.798825620000002,False
SUPER,-24.36567866,False
OP,-24.333109710000002,False
TURBO,-23.438720280000002,False
ZETA,-22.11302422,False
NEO,-21.537899560000003,False
ME,-19.01627078,False
UMA,-18.59404024,False
ZORA,-17.424626959999998,False
TRB,-16.249748170000004,False
S,-15.319200380000002,False
ATOM,-14.78940215,False
YGG,-13.2323961,False
MET,-13.212484620000007,False
WCT,-13.178327920000001,False
HYPER,-11.311828879999998,False
SOPH,-11.171638219999998,False
MOODENG,-11.149257150000002,False
TRX,-10.756362390000001,False
TIA,-9.53808437,False
VIRTUAL,-9.12291074,False
XAI,-9.025976230000001,False
ZK,-8.716060569999998,False
GAS,-8.02264744,False
SEI,-7.68129798,False
MEME,-6.952352829999999,False
POPCAT,-6.054582039999998,False
AIXBT,-5.699766999999999,False
MINA,-5.29265403,False
PYTH,-5.292131349999999,False
MERL,-5.1022437499999995,False
IO,-2.86986287,False
KAS,-2.718098789999999,False
REZ,-2.464671259999999,False
kFLOKI,-1.8361003799999984,False
MOVE,-1.56442431,False
ANIME,-1.1926513700000003,False
RENDER,-0.4043083099999999,False
