coin,fundingRate_avg_5d,isNew
ZORA,-219.47093322,False
IO,-120.62101198999999,False
ALT,-89.61536720999999,False
kLUNC,-38.809026499999995,False
ME,-35.278581519999996,False
TRX,-34.78324367000001,False
TRUMP,-33.82980016,False
BCH,-33.00149106,False
0G,-30.19147651,False
COMP,-27.248355949999997,False
JUP,-25.95890804,False
POLYX,-25.219210720000003,False
BSV,-24.905588849999997,False
2Z,-22.69516637,False
CHIP,-21.793243340000004,False
JTO,-21.43698217,False
MOVE,-17.682641079999996,False
OP,-17.45478764,False
XLM,-17.03211764,False
HEMI,-16.480788790000002,False
HYPER,-16.24584924,False
S,-16.126330720000002,False
APT,-13.316965139999999,False
ETC,-12.57164755,False
ATOM,-11.762409700000001,False
STRK,-11.478343339999999,False
BABY,-11.35126859,False
SNX,-10.66436268,False
STABLE,-10.422978689999999,False
MON,-8.256757709999999,False
STX,-7.978970079999998,False
kNEIRO,-7.806315589999999,False
AXS,-6.989387919999999,False
ONDO,-6.88560309,False
SUSHI,-5.314492709999999,False
ADA,-5.001207369999998,False
INJ,-4.694535829999999,False
ZK,-4.242808909999999,False
MINA,-4.135843469999999,False
AIXBT,-3.0863377999999995,False
SEI,-3.056493209999999,False
PROVE,-2.3684229500000002,False
DASH,-2.2479036,False
PENGU,-1.8248861199999995,False
NXPC,-1.5890377199999997,False
XRP,-1.49694384,False
SAND,-1.2445799199999996,False
VIRTUAL,-1.193925949999999,False
GMT,-0.9231090899999995,False
BLUR,-0.49213971999999995,False
MEME,-0.40787800999999946,False
MORPHO,-0.06471011999999898,False
