coin,fundingRate_avg_5d,isNew
POLYX,-547.3064405000001,False
ANIME,-526.1006215900001,False
ZETA,-323.15375448,False
STABLE,-251.56355895,False
BLAST,-188.70659505,False
XAI,-173.76466961999998,False
BANANA,-165.4371771,False
REZ,-120.50897816000003,False
0G,-92.73688006,False
AXS,-84.08871606,False
IP,-71.83187589999999,False
NXPC,-71.49072573000001,False
TURBO,-64.77941744,False
ME,-60.193634090000025,False
ZORA,-59.872475699999995,False
STRK,-47.5930362,False
TRUMP,-47.58853502,False
HYPER,-46.82518934999999,False
2Z,-43.90978032,False
LAYER,-37.92594404,False
JTO,-34.2030696,False
FTT,-26.078434589999997,False
POL,-23.919824589999997,False
SOPH,-22.90387921,False
ALT,-22.56289402,False
kFLOKI,-21.763126459999995,False
kNEIRO,-21.208269519999998,False
EIGEN,-21.20692559,False
AERO,-21.18183914,False
BSV,-20.808342670000005,False
MON,-20.470812570000003,False
MANTA,-20.12004976,False
FET,-18.943719730000005,False
kLUNC,-18.76796858,False
MEW,-18.234342960000003,False
MORPHO,-18.0528124,False
S,-17.92720495,False
MOVE,-17.253736149999998,False
YZY,-16.1256927,False
PYTH,-15.58877916,False
IMX,-14.65722689,False
OP,-14.064288040000005,False
SKY,-13.642134150000002,False
MINA,-13.23824048,False
INIT,-13.17182289,False
USTC,-12.748757959999997,False
APT,-12.084698860000001,False
kPEPE,-11.75774354,False
W,-11.028503469999999,False
BABY,-10.81425358,False
GRASS,-9.42750981,False
BLUR,-9.403100799999999,False
SAND,-8.663436330000001,False
ZRO,-8.21921454,False
SEI,-8.210069829999998,False
AIXBT,-8.03199217,False
GAS,-7.86250077,False
TIA,-7.299754720000001,False
COMP,-7.233266319999998,False
SOL,-7.159999870000001,False
KAITO,-6.891945329999999,False
YGG,-6.171352109999999,False
MEME,-6.1414024,False
ADA,-5.80332042,False
PNUT,-5.55333265,False
SPX,-5.447254889999999,False
BIGTIME,-5.40377609,False
NEO,-5.377475649999999,False
BNB,-5.35187966,False
XRP,-4.8187431400000005,False
MET,-4.21550253,False
SYRUP,-4.1797836299999975,False
DYM,-3.9539143300000004,False
INJ,-3.7161723100000006,False
kSHIB,-3.5699241099999997,False
USUAL,-3.2267350499999985,False
kBONK,-2.4649253,False
ENA,-2.2659265699999995,False
IO,-1.4319088699999996,False
DOT,-0.33487289999999986,False
CELO,-0.15810120999999847,False
