coin,fundingRate_avg_5d,isNew
MOVE,-358.8985813289256,False
BERA,-296.82936314380163,False
IP,-277.04471563636366,False
AVNT,-272.4412958181818,False
ANIME,-258.0191083735537,False
BLUR,-255.3227818214876,False
HYPER,-170.76531515702476,False
KAITO,-166.36429115702478,False
VVV,-156.29515259504132,False
GMT,-154.0926562016529,False
BLAST,-145.87354783140498,False
ME,-126.7343450876033,False
POLYX,-81.48449051900828,False
LAYER,-55.17285678347107,False
0G,-52.4311765983471,False
REZ,-47.69533888264463,False
IO,-37.18287699173553,False
ZORA,-36.554200750413216,False
XAI,-31.148501038016526,False
FTT,-25.305898135537195,False
MEME,-24.76938071404959,False
USUAL,-18.793131342148758,False
kLUNC,-18.597723976859502,False
BSV,-18.488155923966946,False
ACE,-18.43575374876033,False
ZEC,-15.602593824793384,False
TNSR,-13.5399678446281,False
ZETA,-13.382846747107441,False
ATOM,-12.859771219834712,False
WCT,-12.855973289256198,False
TRUMP,-9.513818271074378,False
MELANIA,-9.380771246280991,False
MEW,-9.24215763966942,False
AR,-8.08105294214876,False
IMX,-8.077532290909089,False
ZEREBRO,-7.148124525619834,False
WLFI,-5.997409477685951,False
2Z,-4.632138862809916,False
SCR,-4.480980357024793,False
NOT,-4.461652611570246,False
FIL,-4.232520694214876,False
STX,-4.038044350413221,False
GMX,-3.96734680661157,False
TURBO,-2.764543785123967,False
APT,-2.4738565785123963,False
TRX,-2.314826380165289,False
USTC,-2.2494499933884295,False
BCH,-2.138621514049587,False
FOGO,-2.09114738181818,False
PROVE,-1.6561207140495862,False
CELO,-1.3909497223140486,False
SUPER,-1.3747060760330563,False
SAND,-1.1686346776859493,False
NEO,-0.6722474677685941,False
ADA,-0.6031679900826443,False
SOPH,-0.5012406842975198,False
