coin,fundingRate_avg_5d,isNew
BLAST,-152.65045695,False
CHIP,-139.84118637,False
STABLE,-79.81332651999999,False
WLD,-46.46148218,False
REZ,-40.61081031000001,False
kLUNC,-38.932873189999995,False
kNEIRO,-37.811374189999995,False
TRUMP,-36.74998193,False
BERA,-35.46461253,False
APE,-35.25487915,False
MERL,-34.08444095,False
WLFI,-26.64086017,False
YZY,-24.73460897999999,False
XAI,-22.99218731,False
BIO,-22.05686532,False
COMP,-22.022818850000004,False
KAITO,-16.984893209999996,False
SEI,-16.43249491,False
MON,-16.092476240000003,False
IMX,-14.19298047,False
2Z,-14.07930633,False
CAKE,-12.50008857,False
0G,-10.4471979,False
ALT,-9.982157970000003,False
ICP,-9.535144659999998,False
USTC,-9.25411729,False
STX,-9.115457439999998,False
BABY,-8.916905469999998,False
SUI,-7.87551156,False
GRIFFAIN,-7.079458970000001,False
ARB,-6.84504064,False
AXS,-6.500650729999998,False
GAS,-4.146094129999999,False
GALA,-3.517013709999999,False
XRP,-3.44633365,False
BANANA,-3.3095754499999983,False
DYM,-3.2444747799999996,False
TURBO,-2.992473669999999,False
TIA,-2.9139512200000004,False
MOVE,-2.215373339999999,False
BTC,-1.45269927,False
SUSHI,-1.08093728,False
STRK,-0.9354971899999992,False
SAND,-0.2238209199999997,False
POLYX,-0.18609305999999975,False
BIGTIME,-0.047582129999999716,False
