coin,fundingRate_avg_5d,isNew
BERA,-818.8195219400001,False
ME,-412.96376743,False
IP,-408.80853077999996,False
MOVE,-385.47639415,False
XAI,-367.35802629,False
BLUR,-346.51662338,False
KAITO,-305.50871716,False
BLAST,-121.21121260999999,False
LAYER,-89.13539878,False
VVV,-69.02744147000001,False
ANIME,-56.93493745,False
IO,-54.83857528000001,False
BSV,-34.75328958,False
GMT,-31.41889632,False
ATOM,-22.46322128,False
ACE,-21.652288369999997,False
kLUNC,-19.0905731,False
FTT,-16.100810650000007,False
USUAL,-15.874056590000007,False
TRUMP,-15.144650810000002,False
MEME,-14.881400400000004,False
REZ,-10.272324939999999,False
MELANIA,-9.147217549999999,False
TURBO,-8.69585125,False
POLYX,-7.7788128400000005,False
SAND,-7.62977531,False
PURR,-7.398089369999995,False
kNEIRO,-6.539282329999998,False
FIL,-5.7149736299999985,False
ADA,-4.44492547,False
kFLOKI,-4.3839931000000005,False
MEW,-3.8792061299999987,False
APT,-3.6687310699999993,False
RENDER,-3.2740551099999995,False
kBONK,-3.08004374,False
ZRO,-2.9792394999999985,False
POPCAT,-1.9327443499999992,False
MOODENG,-1.6105194299999999,False
BCH,-0.7051683199999997,False
XLM,-0.5958975399999996,False
EIGEN,-0.5201454399999991,False
IMX,-0.5019436199999996,False
SUPER,-0.1507800399999996,False
NEO,-0.14164919999999956,False
