coin,fundingRate_avg_5d,isNew
ALT,-304.79002979504133,False
SUPER,-159.93967675041324,False
CHIP,-98.7588246446281,False
SAGA,-59.4600065752066,False
IO,-53.11279509421487,False
BLAST,-44.27844006942149,False
ME,-37.18016211570248,False
TRUMP,-34.4342373123967,False
BCH,-31.141642899173554,False
FOGO,-31.001653031404956,False
GMT,-30.932957980165288,False
0G,-28.47951726942149,False
TON,-25.549924948760335,False
COMP,-25.166234052892563,False
ETC,-25.023425781818183,False
MEGA,-24.010572138842974,False
MINA,-23.492649808264463,False
ZORA,-21.79941203305785,False
STABLE,-20.16687092231405,False
OP,-17.527316409917358,False
JUP,-17.055020647933883,False
VVV,-16.254969847933882,False
kSHIB,-15.340839957024794,False
SUSHI,-15.058634023140495,False
TST,-14.546084975206613,False
BSV,-14.32213014545454,False
BLUR,-13.768466290909092,False
SAND,-13.247142039669423,False
STX,-13.15964918677686,False
HYPER,-13.106916158677684,False
DASH,-12.851082168595042,False
SEI,-12.69075389752066,False
AIXBT,-12.28998606942149,False
ADA,-10.654580221487603,False
STRK,-9.913854892561984,False
kLUNC,-9.080020899173553,False
CRV,-8.056867378512399,False
MOVE,-7.532428621487603,False
MON,-7.057417983471072,False
SNX,-7.052909841322313,False
PENGU,-6.597208849586776,False
kNEIRO,-6.532266119008264,False
MERL,-6.45177692231405,False
MOODENG,-6.173345028099172,False
TURBO,-6.030883537190082,False
PURR,-5.7691723834710755,False
TRX,-5.580383523966941,False
PROVE,-5.515679702479339,False
S,-5.368164198347107,False
PENDLE,-5.055973001652893,False
2Z,-4.897796360330577,False
INJ,-4.871548214876033,False
W,-3.466916241322314,False
NOT,-3.0553388628099163,False
POL,-2.7818617983471063,False
APT,-2.5267633586776856,False
INIT,-2.2496570479338835,False
SPX,-2.0051314214876035,False
ZETA,-1.4372083140495866,False
AXS,-1.068080013223139,False
KAITO,-0.7261518743801647,False
BTC,-0.6754039636363638,False
SOL,-0.38947973553719006,False
BABY,-0.3518037719008251,False
JTO,-0.22731910413222947,False
XRP,-0.05974464793388449,False
