coin,fundingRate_avg_5d,isNew
GMT,-522.5406214016529,False
ANIME,-443.9006027900826,False
AVNT,-387.6233054776859,False
HYPER,-308.0907608727273,False
POLYX,-287.1761001520661,False
0G,-156.66898161322314,False
BLAST,-156.63445200991737,False
IP,-144.37518458181816,False
VVV,-114.48242013223141,False
FTT,-77.38962345123967,False
BERA,-75.58853776859503,False
TNSR,-64.5433071570248,False
REZ,-60.33005556694216,False
CELO,-46.8498490214876,False
ZETA,-39.456387302479335,False
BABY,-36.021828763636364,False
kLUNC,-32.16893027107439,False
WCT,-27.064492026446285,False
ZORA,-23.469345312396694,False
FOGO,-23.253149236363637,False
AR,-21.722101775206614,False
TRUMP,-20.461377778512396,False
MEW,-20.445919636363637,False
XAI,-20.300668700826446,False
MOVE,-19.913393444628102,False
FET,-19.119532561983476,False
ACE,-17.38996395371901,False
STRK,-16.675702512396697,False
GMX,-15.81898609586777,False
IO,-15.744408813223139,False
USTC,-15.356083080991736,False
ATOM,-14.111598386776857,False
SKY,-13.917431176859507,False
SCR,-12.471011107438015,False
SUPER,-12.295740158677685,False
PROVE,-9.52196507107438,False
2Z,-9.301218138842975,False
SAND,-8.669588112396694,False
WLFI,-7.08456312396694,False
MINA,-6.441490076033056,False
NOT,-6.225161514049587,False
MEME,-5.015620532231403,False
ZK,-4.237640588429751,False
BIO,-4.0001649520661156,False
MOODENG,-3.445665639669421,False
EIGEN,-3.3622139702479332,False
APT,-3.215178456198348,False
TURBO,-2.882352753719008,False
ETC,-2.425515857851239,False
SOPH,-1.7626546214876027,False
MON,-1.1531902909090896,False
ZEN,-0.6435595537190076,False
IMX,-0.5268510148760315,False
BSV,-0.3556740991735529,False
BIGTIME,-0.04804896198347144,False
