coin,fundingRate_avg_5d,isNew
LAYER,-307.5395625599999,False
STABLE,-125.30209903000001,False
MOVE,-82.64503594000001,False
kLUNC,-60.91785833,False
CHIP,-56.01651861,False
BANANA,-50.14908521000001,False
BLAST,-49.39658734,False
ACE,-48.483644959999964,False
SKY,-19.74833376,False
KAITO,-14.156695090000001,False
W,-13.78663108,False
INJ,-11.646807629999998,False
EIGEN,-10.31197124,False
JTO,-9.44915796,False
MERL,-9.119305270000002,False
COMP,-7.90405383,False
WLFI,-6.05340601,False
NOT,-5.986030659999999,False
ICP,-5.142317829999999,False
BLUR,-4.95730663,False
TRUMP,-4.111405989999999,False
ATOM,-2.32183581,False
BERA,-2.28608333,False
WLD,-2.0595482699999996,False
GRIFFAIN,-1.552458879999999,False
BSV,-1.1057791799999988,False
DYM,-0.5469473899999991,False
