coin,fundingRate_avg_5d,isNew
ME,-201.81693928264463,False
CELO,-139.40738496198347,False
MANTA,-123.14845211900823,False
IP,-116.64366488925621,False
STABLE,-113.91551854214876,False
GAS,-78.43691837355374,False
TRUMP,-48.1420228661157,False
TNSR,-40.55422525289256,False
BSV,-39.60428723305785,False
LAYER,-35.55376676033057,False
S,-34.164865864462804,False
IOTA,-33.21344805619835,False
0G,-29.972830125619833,False
TRX,-28.954471438016522,False
POLYX,-28.581000783471072,False
PYTH,-27.311454525619833,False
PROVE,-26.20071838016529,False
kNEIRO,-25.4832642446281,False
ZETA,-19.80376168264463,False
MINA,-18.10218236033058,False
INJ,-17.170831467768597,False
OP,-16.784013758677688,False
kSHIB,-16.55795290909091,False
ZORA,-16.153507328925624,False
AVNT,-15.934182991735543,False
HYPER,-12.336757229752065,False
POPCAT,-10.409216965289257,False
kPEPE,-9.633702852892561,False
ANIME,-9.45497858181818,False
GMT,-9.204692350413222,False
APT,-9.118192056198346,False
STRK,-7.9360510512396685,False
ALT,-7.889642598347108,False
MON,-7.458104003305783,False
NOT,-7.086486704132232,False
XAI,-6.848354429752065,False
BLUR,-6.540912456198346,False
ALGO,-5.6981324033057845,False
KAITO,-5.3721713553719,False
ADA,-5.318761418181816,False
SNX,-5.259024733884298,False
TIA,-4.43984093553719,False
ZK,-3.6584083933884286,False
IO,-3.2720663305785123,False
YGG,-2.9952134082644615,False
WLFI,-2.6862938181818174,False
FIL,-2.5845974578512387,False
UMA,-2.2571841322314055,False
AXS,-2.1558917454545443,False
XRP,-1.8142886677685948,False
DOGE,-0.562727920661157,False
ATOM,-0.5341247107438015,False
W,-0.1342003041322305,False
DOT,-0.0035416462809913607,False
