coin,fundingRate_avg_5d,isNew
POLYX,-188.96535085,False
CHIP,-149.20316992000002,False
STABLE,-132.81458232,False
SAGA,-42.34586700999999,False
kLUNC,-40.85510334999999,False
WLD,-25.907796360000003,False
BLAST,-23.13805372,False
SKY,-22.045105749999998,False
COMP,-20.35080057,False
INJ,-19.13518997,False
TRUMP,-19.06025985,False
APE,-18.861764089999998,False
W,-17.95871394,False
BIO,-17.015310120000002,False
BSV,-16.46536535,False
MOVE,-15.6306505,False
0G,-14.47255076,False
EIGEN,-13.92144602,False
ICP,-12.66977634,False
BLUR,-12.227175149999999,False
NOT,-9.505142389999998,False
ATOM,-9.29620982,False
AXS,-8.93071196,False
APT,-8.88116686,False
PENGU,-8.01568251,False
POL,-7.19129862,False
KAITO,-7.187195289999998,False
TURBO,-6.65843585,False
MON,-6.104941089999999,False
JTO,-4.98777318,False
BCH,-4.68575101,False
INIT,-3.58238083,False
SAND,-3.531729779999999,False
GALA,-3.323665179999999,False
BABY,-2.80552067,False
ALT,-2.7397053299999996,False
MEGA,-2.2607326200000015,False
MINA,-2.182366389999999,False
BERA,-1.9918356599999996,False
SEI,-1.5542670899999997,False
ADA,-0.9949075099999998,False
