coin,fundingRate_avg_5d,isNew
TRUMP,-67.78325283000001,False
VVV,-65.99524485,False
STABLE,-65.08351281,False
kNEIRO,-38.02330706,False
CHIP,-36.21227415,False
0G,-30.433770080000006,False
LAYER,-27.974411759999995,False
IO,-26.6104345,False
TRX,-25.714209120000003,False
HYPER,-23.97522429,False
BLUR,-23.961082,False
ADA,-23.092735320000003,False
ME,-22.43257442,False
MOVE,-22.319825919999996,False
BRETT,-21.39188496,False
KAITO,-19.37508184,False
EIGEN,-19.097185440000008,False
MINA,-18.008595569999997,False
GAS,-17.619859620000003,False
XAI,-16.86902323,False
kSHIB,-13.924051390000002,False
AVAX,-12.377283590000001,False
BABY,-11.74606865,False
ATOM,-11.449466,False
IP,-10.106175479999997,False
DOT,-8.54767074,False
ICP,-7.854226949999998,False
INIT,-6.804778219999999,False
POLYX,-5.524139949999999,False
BCH,-4.843621540000001,False
kLUNC,-4.43440179,False
USUAL,-4.401637199999997,False
OP,-4.29809473,False
SUSHI,-4.117622669999999,False
XLM,-3.6296841,False
UMA,-2.3014731900000003,False
IOTA,-1.8170831499999993,False
NOT,-1.75306215,False
ARK,-1.60018628,False
SAGA,-1.3015805099999993,False
ANIME,-1.0266515599999988,False
RENDER,-0.5272286299999993,False
REZ,-0.48831597999999904,False
SEI,-0.3356247999999996,False
ARB,-0.17952524999999994,False
ZORA,-0.07590247999999844,False
