coin,fundingRate_avg_5d,isNew
CELO,-120.61186308099172,False
MANTA,-108.52597342809919,False
IP,-101.73803621157025,False
STABLE,-84.2039130644628,False
GAS,-78.5244973785124,False
BSV,-70.41545732231405,False
TNSR,-68.44136670743801,False
ME,-67.61814534545454,False
LAYER,-58.30875506776861,False
TRUMP,-55.758534456198355,False
ZORA,-47.90957879999999,False
0G,-47.87151479008266,False
S,-36.318650866115696,False
PROVE,-35.19884631074381,False
POLYX,-34.0026270446281,False
IOTA,-30.093775319008262,False
kNEIRO,-29.467848704132226,False
TRX,-25.628561514049586,False
AVNT,-25.13763446280992,False
PYTH,-21.027489520661156,False
AIXBT,-19.96093200991736,False
OP,-19.911068062809914,False
INJ,-19.47220002644628,False
STRK,-18.756130839669424,False
kSHIB,-18.387184978512394,False
POPCAT,-16.594572604958678,False
MON,-15.530624271074387,False
ZETA,-15.473505451239667,False
SNX,-15.379005322314056,False
MINA,-14.947534056198348,False
ANIME,-14.69158133553719,False
GMT,-13.10596920991736,False
APT,-13.004986680991738,False
ADA,-12.46096751404959,False
kPEPE,-12.067974366942149,False
USUAL,-11.602989223140497,False
NOT,-11.279580158677689,False
XAI,-11.034259616528926,False
BIO,-9.962931163636368,False
AXS,-9.287603216528925,False
YGG,-8.802467176859503,False
FIL,-8.427453024793389,False
SOPH,-6.908833180165289,False
ALGO,-6.589830902479338,False
WLFI,-6.526537368595039,False
ALT,-6.142518515702479,False
KAITO,-6.1265318776859505,False
XRP,-5.355216049586777,False
ZK,-4.813538191735536,False
ATOM,-4.200512667768595,False
BLUR,-3.2345518115702467,False
DOT,-2.8908405421487604,False
DOGE,-2.53880292892562,False
HYPER,-2.260051041322314,False
IO,-1.648256985123967,False
ETH,-1.472522697520661,False
MOODENG,-1.2106356198347088,False
W,-0.38491078016528896,False
TIA,-0.16992228099173548,False
