coin,fundingRate_avg_5d,isNew
PROVE,-439.02917808999996,False
CHIP,-229.34146542999997,False
ALT,-154.56712304999996,False
TST,-75.63887700000001,False
HYPER,-52.81002354000002,False
FOGO,-50.51630660000001,False
LAYER,-43.48642922999999,False
STABLE,-41.80649994,False
WLD,-27.278488889999995,False
BIO,-24.986794780000004,False
TRUMP,-24.77873091,False
BABY,-22.613417320000007,False
JTO,-20.356028830000003,False
POL,-19.024492770000002,False
SAGA,-18.508241879999996,False
MERL,-17.67788732,False
MINA,-15.79523557,False
CAKE,-13.443182869999998,False
ACE,-12.77093171,False
BSV,-12.338716960000001,False
IO,-9.49188705,False
MOVE,-7.808031089999998,False
ICP,-7.672345989999999,False
kLUNC,-7.11736568,False
BCH,-6.791614129999999,False
SNX,-5.84822199,False
SKY,-5.763728869999998,False
BLAST,-5.617063839999999,False
BLUR,-5.1944624600000004,False
BIGTIME,-4.046208229999998,False
0G,-4.025090059999999,False
YGG,-3.959069589999999,False
W,-3.8894056899999994,False
ZORA,-3.626180099999999,False
STX,-3.5410219499999993,False
kFLOKI,-3.20495258,False
2Z,-2.351503739999999,False
OP,-1.29558137,False
ANIME,-0.9535332999999995,False
MOODENG,-0.47658853,False
XRP,-0.35424053,False
