coin,fundingRate_avg_5d,isNew
YZY,-384.15441305999997,False
ZETA,-287.28357438999996,False
BLUR,-240.70650474000004,False
FTT,-195.09401913000002,False
SUPER,-178.04581083,False
MOVE,-139.51872493,False
BLAST,-138.44350939,False
COMP,-128.87199612999999,False
STABLE,-118.23146795000002,False
SAGA,-95.70665292000004,False
ALT,-87.22602246,False
FET,-77.99055959000002,False
WLD,-67.40323819000001,False
ACE,-63.961418859999995,False
MEME,-55.514180790000005,False
IP,-54.40804464,False
kNEIRO,-45.840292330000004,False
AXS,-31.87241539,False
KAITO,-30.271331939999996,False
BOME,-28.90888914,False
kLUNC,-28.2608842,False
BIO,-28.03928175,False
0G,-27.35990433,False
XAI,-25.848580950000006,False
JTO,-21.736250780000002,False
BANANA,-19.69095649000001,False
BERA,-17.677393110000004,False
TRUMP,-17.270622510000003,False
PROVE,-17.15865511,False
UMA,-16.781288180000004,False
OP,-16.01613576,False
TIA,-14.583757500000003,False
S,-14.279130690000002,False
W,-14.23676587,False
IO,-13.42648485,False
2Z,-13.397541080000002,False
PNUT,-13.212810930000002,False
SAND,-12.43052468,False
AERO,-12.317597330000003,False
USUAL,-11.772809280000002,False
ARB,-11.6429598,False
USTC,-11.47804915,False
ETH,-11.24195693,False
TAO,-9.72503007,False
PYTH,-9.57401935,False
DYM,-9.51071594,False
TURBO,-9.386158229999998,False
ANIME,-9.35564496,False
DASH,-8.26917501,False
EIGEN,-8.003587139999999,False
GAS,-7.06345299,False
INIT,-6.70941978,False
JUP,-6.674562279999999,False
APE,-5.722526210000002,False
AVNT,-5.48527694,False
STRK,-4.19525452,False
BTC,-4.11789277,False
TON,-3.115280109999999,False
REZ,-2.9047356999999994,False
LAYER,-2.105464539999999,False
MOODENG,-1.6835530099999996,False
YGG,-1.5687240099999995,False
ENA,-1.4544271799999993,False
IOTA,-1.427456599999999,False
SOL,-1.31666742,False
IMX,-1.2898231299999996,False
ARK,-1.0791801699999992,False
MANTA,-1.042359699999999,False
APT,-0.7140947600000002,False
TNSR,-0.07783113999999941,False
DOT,-0.0608396599999998,False
