coin,fundingRate_avg_5d,isNew
ACE,-255.0735815404959,False
kBONK,-77.18876389090912,False
POLYX,-49.484447980165285,False
STABLE,-25.995309411570243,False
kNEIRO,-25.939612462809915,False
GMT,-25.80517180165289,False
SUPER,-24.94389511735537,False
OP,-24.47339189752066,False
W,-24.000573431404963,False
TURBO,-23.491676796694218,False
NEO,-21.038945573553722,False
AERO,-20.69013468099174,False
TRB,-20.672988247933883,False
UMA,-19.23512112396694,False
ATOM,-17.533161719008262,False
ZETA,-17.141208188429754,False
TRX,-16.38449694545455,False
S,-15.208453190082649,False
ME,-15.165276525619833,False
HYPER,-14.637952760330576,False
ZORA,-14.540060122314054,False
WCT,-13.637714241322316,False
MET,-13.131552029752072,False
XAI,-11.370111500826448,False
VIRTUAL,-10.975910052892562,False
YGG,-10.070865223140494,False
MINA,-9.712434981818184,False
TIA,-9.572275705785122,False
MOODENG,-9.532653719008264,False
ZK,-8.875873804958674,False
MEME,-8.207288161983469,False
GAS,-7.865848700826448,False
SEI,-7.704538006611569,False
AIXBT,-7.418023745454546,False
BSV,-7.0487615107438035,False
POPCAT,-6.073130628099173,False
SOPH,-5.81973930247934,False
IO,-5.769170211570248,False
PYTH,-4.271757530578511,False
RENDER,-3.1866570545454542,False
KAS,-2.862954783471074,False
ALT,-2.8580564231404955,False
TRUMP,-2.6048699801652897,False
REZ,-2.3619616958677674,False
MOVE,-1.9161146181818178,False
kFLOKI,-1.7184571636363628,False
STRK,-1.6431262314049568,False
BCH,-1.3867644694214876,False
AVNT,-1.3654269917355364,False
MERL,-0.8917216661157022,False
BIGTIME,-0.16645592727272665,False
ANIME,-0.04507924958677656,False
