coin,fundingRate_avg_5d,isNew
BLUR,-374.70597414999986,False
VINE,-70.46160896,False
IOTA,-49.46563585,False
STABLE,-44.73517452999999,False
BANANA,-44.11905891000002,False
kNEIRO,-34.56539050000001,False
SNX,-27.84545434,False
0G,-26.04609705,False
ATOM,-20.11531717,False
UMA,-15.58711549,False
ANIME,-14.98083297,False
STX,-13.71003948,False
W,-12.288819270000001,False
POLYX,-12.101950949999999,False
OP,-9.89078606,False
ME,-9.10793771,False
TRUMP,-9.03696711,False
KAS,-8.45896552,False
HYPER,-7.735810729999998,False
MINA,-6.438356179999999,False
XAI,-5.342964899999998,False
AIXBT,-4.898627769999999,False
BIO,-4.7734072199999975,False
CELO,-4.73836138,False
TRX,-4.17914123,False
CHIP,-3.80324671,False
ZETA,-3.40720419,False
AVNT,-2.88775663,False
FIL,-1.7700054499999993,False
ADA,-1.5890355299999999,False
PENGU,-1.57957619,False
ZORA,-1.3927414500000002,False
PROVE,-1.1773162599999991,False
