coin,fundingRate_avg_5d,isNew
MOVE,-349.10016784000004,False
STABLE,-320.21871866999993,False
ME,-76.21121014,False
ZEC,-70.64931824,False
AVNT,-53.30830767,False
IO,-50.821577999999995,False
kNEIRO,-47.54816967000001,False
SNX,-45.56874255,False
MERL,-44.74857149,False
HMSTR,-40.64468304,False
ZK,-39.800332919999995,False
kLUNC,-39.48598908,False
UMA,-39.08537749,False
PROVE,-34.698919180000004,False
TRX,-32.395362569999996,False
SEI,-32.04157245,False
W,-26.801400310000002,False
SAGA,-26.757795950000002,False
ALT,-26.64010681,False
JUP,-23.12150389,False
JTO,-20.860032510000003,False
WLD,-20.83766458,False
POPCAT,-20.46160435,False
CHIP,-19.86398182,False
AERO,-19.77917991,False
0G,-17.47152727,False
BSV,-17.262200500000006,False
STRK,-16.863019710000003,False
GMT,-15.772662510000004,False
MOODENG,-14.434220649999999,False
POL,-13.283067590000002,False
ADA,-13.016946820000001,False
APT,-12.89970882,False
AVAX,-12.865557229999999,False
SOL,-12.577619680000002,False
OP,-12.56385407,False
ETC,-11.848621969999998,False
2Z,-11.77997131,False
TURBO,-11.747335199999998,False
ICP,-11.29307883,False
ATOM,-9.267959549999999,False
PYTH,-9.19044961,False
MINA,-8.236873240000001,False
INJ,-8.053019820000001,False
kSHIB,-7.954088029999998,False
STX,-7.62224755,False
FIL,-6.990993189999999,False
PNUT,-6.337737359999999,False
COMP,-6.020000480000001,False
SUSHI,-5.887666810000001,False
XLM,-5.859773510000001,False
WIF,-5.78661437,False
TON,-5.11333902,False
ZEN,-4.9333516799999995,False
XAI,-4.647389509999999,False
EIGEN,-4.176066469999999,False
MON,-3.6473457199999983,False
CAKE,-3.134898129999999,False
XRP,-2.5408109899999998,False
SAND,-2.28896683,False
ALGO,-2.07234882,False
MEGA,-1.6293643799999993,False
NEO,-1.1789850399999995,False
ARB,-1.10820059,False
