coin,fundingRate_avg_5d,isNew
SUPER,-529.1839816958677,False
REZ,-462.88429888264454,False
BLUR,-397.2499489289256,False
ZETA,-196.37478493884296,False
TNSR,-187.15000250578512,False
FTT,-138.73682650909092,False
ALT,-131.36597789752068,False
POLYX,-117.09137183801651,False
BLAST,-103.91930155041324,False
BERA,-101.06790127933884,False
2Z,-97.1996148694215,False
ME,-88.32085533223137,False
SOPH,-88.19829352066115,False
NIL,-74.33463788429754,False
DYM,-73.05768037685951,False
TURBO,-69.38876505123967,False
AXS,-61.195386466115686,False
STABLE,-56.023809699173555,False
JTO,-53.09204837355372,False
MOODENG,-46.424195553719,False
BSV,-45.20639845289256,False
APT,-44.234061619834705,False
POL,-43.481576171900834,False
AVNT,-39.68258932561983,False
XAI,-34.599023771900825,False
TRUMP,-33.120015778512396,False
0G,-32.07466905123967,False
MOVE,-31.6009116,False
EIGEN,-30.39330722975206,False
GAS,-29.425945497520654,False
STRK,-27.25622091570248,False
CELO,-26.06382781487604,False
LAYER,-24.154554684297526,False
ANIME,-22.955957910743802,False
ZORA,-20.585277480991735,False
MERL,-18.645523894214875,False
ZEC,-18.559143054545455,False
FET,-17.362840532231402,False
MEW,-14.187681520661164,False
AIXBT,-13.660393229752065,False
IMX,-13.647091061157024,False
OP,-13.43358452231405,False
SEI,-13.415048796694215,False
W,-12.90571705785124,False
AERO,-12.763742072727277,False
HYPER,-12.661551242975207,False
BANANA,-12.344290829752069,False
PROVE,-11.971890198347108,False
KAS,-11.785539659504131,False
S,-11.517566191735536,False
kNEIRO,-11.36223256859504,False
kLUNC,-10.676836413223139,False
DASH,-10.021736826446281,False
MINA,-9.032190575206611,False
DOT,-8.148096624793387,False
TIA,-7.112487252892561,False
kBONK,-5.825236383471072,False
kSHIB,-4.81760616198347,False
BABY,-4.082807950413221,False
ICP,-3.919884981818182,False
MEME,-3.8149380099173538,False
ARK,-3.4463867107438015,False
INIT,-3.2534929586776853,False
IO,-3.142890357024792,False
HBAR,-2.6437730677685956,False
BRETT,-1.7251777487603301,False
PENGU,-1.2255587504132233,False
WLFI,-1.0051542545454535,False
kFLOKI,-0.8773690214876034,False
VVV,-0.5640694314049581,False
ACE,-0.49831223801652685,False
STX,-0.4807147735537182,False
VIRTUAL,-0.27245409917355334,False
SOL,-0.2536447140495865,False
