coin,fundingRate_avg_5d,isNew
ANIME,-315.41789338,False
AVNT,-290.29921826000003,False
GMT,-283.20016171000003,False
POLYX,-188.73221002,False
BLAST,-187.03985175,False
BABY,-162.17888634,False
0G,-157.23733457,False
IP,-149.89311628,False
ZK,-95.24666239999999,False
VVV,-85.54273809000001,False
BERA,-72.31633602000001,False
FTT,-72.11448007,False
kLUNC,-57.587699070000006,False
TNSR,-51.025056740000004,False
GAS,-46.91474648,False
REZ,-43.359536979999994,False
WCT,-34.6293677,False
ACE,-33.79818897,False
CELO,-32.074226079999995,False
XAI,-28.343966230000003,False
TRUMP,-19.442419960000002,False
ATOM,-17.47334497,False
MINA,-17.017304480000004,False
SKY,-15.29981961,False
STRK,-14.09564373,False
SCR,-13.16570403,False
ZETA,-11.278830690000001,False
PROVE,-10.22120742,False
SUPER,-10.21628211,False
ZORA,-10.05220512,False
USUAL,-9.30480265,False
SOPH,-8.95638898,False
BSV,-7.268196089999997,False
USTC,-6.578589910000001,False
ARK,-5.331208249999998,False
2Z,-4.466263369999999,False
HYPER,-4.423230599999999,False
FET,-3.8939550499999993,False
WLFI,-3.864976239999999,False
MOODENG,-3.2054394899999994,False
MON,-3.0687214399999982,False
SAND,-2.96087781,False
LAYER,-2.291780979999999,False
GMX,-2.0534191899999987,False
OP,-0.5633066899999997,False
EIGEN,-0.48086705999999924,False
