coin,fundingRate_avg_5d,isNew
POLYX,-189.36840501999998,False
IP,-142.65554734,False
kLUNC,-96.823769,False
BLAST,-88.79724599,False
REZ,-79.97607563999999,False
ANIME,-69.19823154,False
USTC,-39.697392699999995,False
GAS,-33.492473000000004,False
ZETA,-29.874261579999995,False
SUPER,-23.99792656,False
MINA,-23.554509960000004,False
TNSR,-19.578612409999998,False
MANTA,-16.77487075,False
ACE,-15.554166940000002,False
UMA,-14.5187802,False
LAYER,-13.91146692,False
MEME,-13.229945489999999,False
MELANIA,-12.065222460000001,False
TRUMP,-10.961206959999997,False
XAI,-10.914040199999999,False
VVV,-9.243961529999998,False
ATOM,-8.396308159999998,False
BERA,-6.828468909999998,False
SCR,-6.6517906600000005,False
CELO,-5.628030629999999,False
MERL,-5.009656389999999,False
ZRO,-4.238269039999999,False
TURBO,-4.012889569999999,False
BSV,-3.3291277699999995,False
IMX,-2.8380144299999994,False
USUAL,-2.7618600999999985,False
FTT,-2.5590916499999974,False
DOT,-1.5396736599999998,False
ADA,-0.41704389,False
kNEIRO,-0.3235301599999975,False
