coin,fundingRate_avg_5d,isNew
BLUR,-671.23254866,False
VINE,-73.70902856000001,False
STABLE,-62.40314991,False
BANANA,-44.119058910000014,False
0G,-39.18294418,False
kNEIRO,-34.468679370000004,False
MINA,-32.61101041,False
ZETA,-32.13185374,False
ATOM,-26.85507721,False
SNX,-25.41931321,False
W,-22.852548530000004,False
IOTA,-21.35818451,False
HYPER,-18.988203740000003,False
AIXBT,-18.288590720000002,False
ME,-18.18710904,False
ANIME,-17.190177969999997,False
INJ,-14.691936200000004,False
STX,-14.584513049999998,False
KAS,-13.4507391,False
ZORA,-12.42274872,False
SAND,-7.6716065,False
MEME,-6.169343149999998,False
BIO,-5.274763919999999,False
OP,-5.170184849999999,False
CELO,-3.7369663599999994,False
SEI,-3.35335282,False
UMA,-3.04749815,False
TRUMP,-2.9799665799999984,False
POLYX,-2.2572140199999997,False
FIL,-1.7038689099999993,False
CHIP,-1.6681332199999992,False
ALT,-1.3093995399999998,False
XAI,-1.3037091899999986,False
APE,-0.16529827999999938,False
