coin,fundingRate_avg_5d,isNew
ACE,-265.16597088000003,False
POLYX,-50.50297242,False
GMT,-48.03214653,False
ME,-28.634987300000002,False
ZETA,-27.34853531,False
kNEIRO,-26.058056639999997,False
ZORA,-23.72244938,False
YGG,-23.25636482,False
W,-20.79535159,False
GAS,-19.910373319999998,False
SOPH,-16.27654282,False
TURBO,-15.909669639999999,False
STX,-13.65897525,False
ATOM,-12.691259509999998,False
SEI,-12.51365197,False
SUPER,-11.276082969999997,False
NEO,-9.624520750000002,False
HYPER,-8.905467100000001,False
AERO,-8.639723739999999,False
S,-8.328168499999999,False
AIXBT,-8.30655101,False
MOVE,-8.1216953,False
OP,-7.84518809,False
MERL,-7.74280705,False
CAKE,-7.517630519999999,False
WCT,-7.46815258,False
TIA,-7.355585119999999,False
VIRTUAL,-6.00136358,False
SKR,-5.4875297199999995,False
MORPHO,-5.365487589999998,False
KAS,-5.343826299999999,False
MINA,-4.9953775899999995,False
XAI,-3.839370759999999,False
TRB,-3.6513468500000004,False
BLUR,-3.4819087399999984,False
2Z,-3.2595011,False
FIL,-3.23775367,False
BSV,-3.205040179999998,False
UMA,-2.24781746,False
SAND,-1.660892349999999,False
AVNT,-1.1838993999999985,False
ALT,-0.21672677999999934,False
