coin,fundingRate_avg_5d,isNew
BLUR,-670.5598602299999,False
STABLE,-79.34799459,False
BANANA,-44.11905891,False
0G,-38.31056717,False
ZETA,-35.51229174999999,False
kNEIRO,-35.08541841,False
MINA,-33.70182897,False
ATOM,-30.70522861,False
SNX,-22.54399359,False
W,-21.537747720000002,False
IOTA,-21.264754000000003,False
HYPER,-18.479814949999998,False
ME,-18.13546738,False
HMSTR,-16.25565168,False
AIXBT,-16.034233190000002,False
ANIME,-15.83807635,False
INJ,-13.50006812,False
STX,-13.263841580000001,False
KAS,-10.45231155,False
ZORA,-9.193238209999999,False
MEME,-6.189011539999998,False
TRUMP,-5.605059719999999,False
BIO,-4.445159799999998,False
SEI,-4.43443902,False
OP,-4.22303102,False
CELO,-3.8712067899999987,False
CC,-0.384726059999999,False
SAND,-0.0616959499999988,False
