coin,fundingRate_avg_5d,isNew
BERA,-763.4938083570248,False
IP,-415.7609699008264,False
MOVE,-371.69857894214874,False
XAI,-361.1506383272727,False
BLUR,-337.9807127107438,False
AVNT,-293.40458059,False
ME,-292.24304776859503,False
KAITO,-289.7560316429752,False
BLAST,-120.44231436694216,False
VVV,-86.6490672495868,False
LAYER,-77.55984762644627,False
ANIME,-67.73205502809917,False
IO,-52.47119097520662,False
GMT,-42.276473107438015,False
ZEC,-32.838162319999995,False
BSV,-31.723584902479338,False
ZORA,-26.88486486,False
ACE,-22.466053824793388,False
ATOM,-19.726866257851242,False
STABLE,-19.28212656,False
kLUNC,-19.08118982479339,False
FTT,-18.841134694214883,False
WLFI,-18.158383540000003,False
0G,-16.501248500000003,False
USUAL,-15.652370171900833,False
MEME,-15.37980675371901,False
POLYX,-13.360365401652892,False
TRUMP,-13.058592089256196,False
FOGO,-11.1621745,False
MELANIA,-10.58646361983471,False
REZ,-9.171515841322316,False
WCT,-8.02057132,False
PURR,-6.922537874380162,False
SAND,-6.5742844363636355,False
kNEIRO,-6.394742806611568,False
TURBO,-5.6130597719008275,False
FIL,-4.841056175206612,False
MEW,-4.337106406611569,False
ADA,-3.0514938743801654,False
kFLOKI,-2.8603738413223136,False
RENDER,-2.8567663140495867,False
APT,-1.7829394512396695,False
POPCAT,-1.4433844760330568,False
BCH,-1.4349683603305785,False
IMX,-0.3576736958677679,False
kBONK,-0.12301935867768528,False
SUPER,-0.05765745123966917,False
