coin,fundingRate_avg_5d,isNew
YZY,-563.8299047702479,False
ZETA,-295.2403396859504,False
BLUR,-263.519308938843,False
FTT,-193.57316970247936,False
BIO,-138.22775612231408,False
COMP,-129.5435945553719,False
BLAST,-127.69586513057851,False
MOVE,-119.99308419173555,False
SAGA,-110.16088335867774,False
FET,-88.63061689586777,False
STABLE,-83.42085956033058,False
ALT,-83.20043479338842,False
ACE,-63.49137305454544,False
kLUNC,-36.85626509752066,False
WLD,-36.75225059504132,False
XAI,-34.060374267768594,False
IP,-33.98577237024793,False
TURBO,-33.144829745454544,False
0G,-32.65480548099173,False
BERA,-28.96619825454545,False
KAITO,-27.292873914049586,False
TRUMP,-21.968026105785125,False
W,-21.871572714049588,False
AXS,-19.932869603305786,False
OP,-19.243760945454543,False
JTO,-19.105140823140495,False
MEME,-19.05953380165289,False
BANANA,-18.30368118347108,False
kNEIRO,-17.568035930578514,False
S,-17.47059721983471,False
AERO,-17.18794459834711,False
PROVE,-16.465827391735537,False
TIA,-16.120180234710745,False
EIGEN,-15.783045480991735,False
DOT,-15.364821361983472,False
UMA,-15.353915523966943,False
IO,-13.8413393553719,False
BOME,-13.78345240661157,False
USUAL,-13.77262620495868,False
ETH,-13.628762390082645,False
AVNT,-12.92385966942149,False
SAND,-12.702734102479338,False
DYM,-12.29910732892562,False
ANIME,-11.245642036363636,False
APE,-10.964452552066117,False
RESOLV,-10.631049123966946,False
INIT,-10.340442277685948,False
SUPER,-9.989392879338842,False
WCT,-8.421258039669421,False
REZ,-7.588942204958679,False
GAS,-7.584187190082645,False
HYPER,-6.707104859504132,False
ARB,-6.690363123966943,False
STRK,-5.819682109090909,False
BTC,-5.21120599338843,False
TAO,-5.04850600661157,False
PNUT,-4.615575947107438,False
2Z,-3.921338707438016,False
DASH,-3.6085589256198327,False
MEW,-3.4940092561983467,False
PYTH,-2.848080882644628,False
ARK,-2.80389428429752,False
SEI,-1.95746254214876,False
YGG,-1.7946532363636352,False
INJ,-1.6980463636363632,False
SUI,-1.6707209553719007,False
SOL,-1.1378834578512398,False
APT,-0.961219596694215,False
MOODENG,-0.8291767140495859,False
IOTA,-0.7595195107438011,False
SPX,-0.10204096859504072,False
