coin,fundingRate_avg_5d,isNew
BERA,-1126.6086576300002,False
ME,-549.5033010400001,False
XAI,-379.7329935899999,False
IP,-358.92589192,False
KAITO,-327.17363234,False
MOVE,-218.26820127999997,False
LAYER,-142.15387819999998,False
BLUR,-131.01728071000002,False
MEME,-107.95682745,False
MOODENG,-106.70527822,False
IO,-85.65178621999999,False
BLAST,-75.86901826,False
ANIME,-57.9709863,False
ACE,-40.83660734,False
GMT,-39.60452721,False
TURBO,-34.4428016,False
EIGEN,-32.765740480000005,False
BSV,-32.252423459999996,False
DYM,-28.027729500000003,False
kLUNC,-25.78700764,False
TRUMP,-21.32998315,False
USUAL,-20.59660836000001,False
POLYX,-19.498160569999996,False
ATOM,-18.69697024,False
MEW,-16.24600546,False
IMX,-16.055254269999995,False
kFLOKI,-15.89423087,False
SUPER,-15.55184481,False
FIL,-15.033814910000004,False
REZ,-14.147647469999999,False
APT,-13.40183859,False
TNSR,-12.748360109999998,False
SAND,-11.67235544,False
ADA,-10.39816818,False
PURR,-9.777841189999995,False
ZRO,-9.46429743,False
kNEIRO,-9.285555469999998,False
POPCAT,-9.226932819999998,False
FET,-9.05589163,False
VVV,-8.57206515,False
BRETT,-8.44435238,False
AIXBT,-8.33615616,False
MELANIA,-7.743280819999999,False
XLM,-7.449591600000001,False
RENDER,-7.27306519,False
JTO,-6.99875893,False
PNUT,-6.765488890000001,False
kBONK,-6.7390533999999995,False
BCH,-6.44545689,False
RSR,-6.15392044,False
STRK,-5.200006809999999,False
NOT,-4.64199554,False
ETC,-4.05765536,False
PENGU,-3.77937717,False
AVAX,-3.4935369099999996,False
NEO,-2.7020541199999997,False
GMX,-2.5016691200000003,False
GOAT,-1.940378689999998,False
SEI,-1.0019563899999995,False
PYTH,-0.51284471,False
ONDO,-0.15474393999999989,False
