coin,fundingRate_avg_5d,isNew
VINE,-65.80780494000001,False
BLUR,-60.839328580000014,False
IOTA,-38.96240096000001,False
SNX,-34.52120871,False
kNEIRO,-33.56834628,False
STABLE,-29.43121362999999,False
ATOM,-18.53038716,False
POLYX,-17.701411569999998,False
0G,-17.569334860000005,False
TRUMP,-14.52365733,False
UMA,-14.037641579999999,False
STX,-13.500845569999997,False
AVNT,-11.61870628,False
ME,-10.99427304,False
KAS,-9.79046143,False
OP,-8.35955631,False
BIGTIME,-7.19654586,False
ANIME,-7.179181349999999,False
HYPER,-6.307164229999999,False
CHIP,-6.148019119999998,False
PENGU,-6.100070530000001,False
MINA,-5.44808636,False
XAI,-5.228568059999998,False
CELO,-5.20453354,False
TRX,-4.735445029999999,False
NXPC,-4.52920032,False
W,-3.7330053799999994,False
BIO,-3.358436539999996,False
FIL,-2.2906005699999983,False
ADA,-1.8115439099999997,False
PROVE,-1.4609132299999994,False
AIXBT,-0.47154057999999877,False
SEI,-0.10689024999999922,False
