coin,fundingRate_avg_5d,isNew
TNSR,-1119.59115741,False
RESOLV,-790.37385284,False
WCT,-578.99400237,False
DYM,-388.6182302,False
ZORA,-369.13117074,False
KAITO,-330.52125393,False
XAI,-179.40451749000002,False
BSV,-165.36288208000002,False
0G,-162.09075052000003,False
LAYER,-140.35952798,False
AVNT,-125.97224852,False
YZY,-97.35871300000001,False
BIO,-90.66793741999999,False
REZ,-89.85987414,False
BLAST,-82.6709597,False
2Z,-71.69756101,False
MOVE,-65.88986205000002,False
ME,-63.65795932,False
IP,-60.17033102999999,False
IO,-56.592593730000004,False
MEW,-55.45453395,False
BERA,-48.75189003,False
MANTA,-47.691348219999995,False
OM,-46.13663583,False
MORPHO,-45.0947572,False
TURBO,-40.398724869999995,False
ZK,-40.2254674,False
WLFI,-39.690222639999995,False
GAS,-38.85406458,False
MOODENG,-34.000371959999995,False
GOAT,-31.309841619999997,False
APT,-26.5584366,False
PROVE,-26.372404859999996,False
AIXBT,-25.923227100000002,False
ANIME,-24.065755969999994,False
ZEN,-23.898545090000002,False
ZRO,-22.339496500000003,False
BABY,-21.08718077,False
USUAL,-21.040755690000005,False
ZETA,-20.012222190000003,False
HYPER,-19.384799600000004,False
SKY,-18.85615988,False
MAV,-18.74899807,False
SAGA,-18.666443830000002,False
CAKE,-13.780953140000001,False
STX,-13.613861250000001,False
POPCAT,-11.825838670000001,False
GMX,-11.488199069999999,False
SOPH,-11.411656379999998,False
MET,-10.851044120000003,False
CC,-10.29403003,False
SAND,-9.159533380000001,False
kLUNC,-9.01643659,False
GRASS,-8.705836919999998,False
FXS,-8.179227330000002,False
NIL,-7.137118749999998,False
COMP,-6.7704872,False
kFLOKI,-6.523572730000001,False
ALGO,-5.959644809999999,False
RSR,-5.760224139999999,False
YGG,-5.51420757,False
ATOM,-5.38042777,False
INJ,-5.295619289999999,False
ZEC,-5.140416179999999,False
VVV,-5.137752409999998,False
ALT,-4.7099249599999995,False
TST,-4.556052639999999,False
DOOD,-4.465091719999999,False
INIT,-4.296736200000001,False
PROMPT,-3.9355584799999987,False
BRETT,-3.792280649999998,False
SEI,-3.3108084199999994,False
OP,-3.0442744699999995,False
W,-2.913008059999999,False
HEMI,-2.8825035499999996,False
GMT,-2.79302891,False
kNEIRO,-1.9222338099999987,False
AR,-1.80546009,False
ACE,-1.6225899799999992,False
EIGEN,-1.4443290899999994,False
SOL,-1.1304772699999999,False
MELANIA,-0.6914691399999987,False
DOT,-0.5925008499999999,False
MERL,-0.5383049199999999,False
BLUR,-0.5256810299999992,False
NEO,-0.08183810999999944,False
