coin,fundingRate_avg_5d,isNew
BLAST,-250.33336879000004,False
CHIP,-208.50154734,False
0G,-129.01632734999998,False
YZY,-113.20136499000002,False
STABLE,-69.74334298000001,False
kLUNC,-63.129258279999995,False
APE,-61.56650421000001,False
BERA,-58.50564414000001,False
TRUMP,-56.55496515,False
kNEIRO,-48.49241152999999,False
WLD,-42.365336840000005,False
REZ,-39.87308179999999,False
COMP,-24.713121430000005,False
BIO,-23.557478869999997,False
BANANA,-21.39409102,False
MERL,-21.10986187,False
STX,-18.14046715,False
HYPER,-17.31810682,False
WLFI,-17.27789623,False
MON,-16.6434744,False
CAKE,-16.49417772,False
AXS,-15.66595695,False
KAITO,-14.701672209999998,False
2Z,-14.33869066,False
MOVE,-14.169149619999999,False
TST,-12.441292180000003,False
AVNT,-11.482897809999999,False
ALT,-11.28188501,False
SEI,-10.97530764,False
XAI,-10.44325152,False
IMX,-9.870970939999998,False
SUI,-9.82464879,False
INJ,-9.706194609999999,False
DYM,-8.85155733,False
STRK,-8.031354149999999,False
TRX,-7.399062459999999,False
FET,-5.035568469999998,False
POL,-4.194176309999999,False
TIA,-3.9861642699999993,False
ARB,-2.61790191,False
ADA,-2.065082399999999,False
MANTA,-2.0112872399999997,False
XRP,-1.77734779,False
JTO,-1.478030269999999,False
EIGEN,-1.111223519999999,False
BTC,-1.08366821,False
GAS,-1.0167790399999999,False
MINA,-0.5954982299999998,False
PYTH,-0.58091794,False
PROVE,-0.47517013999999974,False
