coin,fundingRate_avg_5d,isNew
STABLE,-58.951680710000005,False
MOVE,-53.51501228000001,False
POLYX,-37.434700760000005,False
MINA,-35.7303902,False
kNEIRO,-32.6369349,False
SUPER,-32.16049456,False
XAI,-31.90622607,False
ZETA,-24.74989299,False
SNX,-23.91412986,False
ALT,-21.762804529999997,False
BIGTIME,-19.72560959000001,False
IO,-19.59669816,False
ATOM,-19.43502433,False
TRX,-18.867819439999998,False
PENGU,-14.99178881,False
BLUR,-13.554283029999999,False
ME,-12.770127250000002,False
AVNT,-12.73895406,False
SAND,-11.6323602,False
STX,-11.528151240000001,False
CELO,-11.276526810000002,False
MEME,-9.70423383,False
RENDER,-9.46030798,False
PROVE,-9.07372918,False
OP,-8.51861017,False
BCH,-7.88891071,False
S,-7.519032119999999,False
STRK,-7.284667809999999,False
WCT,-7.24533906,False
KAS,-7.240103499999998,False
LIT,-6.979178869999999,False
ANIME,-6.325198149999998,False
BSV,-5.548240169999999,False
SEI,-4.797492109999999,False
POPCAT,-4.323495079999999,False
CRV,-3.9586783100000003,False
MORPHO,-2.9273839500000003,False
SOPH,-2.325954469999999,False
SUSHI,-2.2776956299999993,False
MOODENG,-2.10688804,False
YGG,-1.4259914899999993,False
WLFI,-1.3481785999999998,False
SPX,-1.3012140499999991,False
NOT,-0.43797882999999854,False
