coin,fundingRate_avg_5d,isNew
POLYX,-549.88748106,False
ANIME,-463.40614912,False
REZ,-271.35324428999996,False
BLAST,-252.17726703000002,False
ME,-130.70352014,False
RESOLV,-128.95821935000004,False
DOOD,-125.38644176999995,False
TRUMP,-123.48625104,False
VVV,-80.50205159000002,False
BANANA,-78.51499816,False
NEO,-77.30723579000001,False
NXPC,-73.32219937,False
ZETA,-71.13372580000001,False
GAS,-70.68243396,False
TURBO,-55.04295703,False
HYPER,-52.71513668000001,False
STRK,-50.5227963,False
ZORA,-42.12071383999999,False
DOT,-38.837802369999984,False
XAI,-37.48396043,False
LAYER,-35.69479029,False
TAO,-33.062811059999994,False
MERL,-32.83151713,False
SOPH,-31.58839502000001,False
YGG,-31.24991811,False
JTO,-30.964149389999996,False
MOODENG,-30.963363179999998,False
POL,-28.633914200000003,False
IP,-26.270066889999995,False
MORPHO,-26.057338319999996,False
ALT,-23.197229710000002,False
BLUR,-22.474476420000002,False
EIGEN,-22.350169100000002,False
MANTA,-20.459804169999998,False
kNEIRO,-18.49476389,False
WIF,-17.759942970000004,False
kLUNC,-16.703905990000003,False
USUAL,-16.11598297,False
ZRO,-15.983784349999999,False
APT,-14.973750509999999,False
FET,-13.952511900000001,False
OP,-13.207323519999997,False
GRASS,-12.728657409999999,False
kSHIB,-11.658794959999998,False
TIA,-10.74669938,False
S,-10.602501019999998,False
MEW,-10.23770761,False
MEME,-8.662590989999998,False
PNUT,-8.36759361,False
COMP,-8.347341949999999,False
kPEPE,-8.278919779999999,False
SOL,-8.27744664,False
PYTH,-7.52976677,False
UMA,-6.046549849999998,False
ATOM,-5.75270514,False
INIT,-5.73005616,False
DYM,-5.5653703499999985,False
kBONK,-5.010367409999999,False
KAITO,-4.893548429999999,False
BRETT,-4.688998049999999,False
kFLOKI,-3.5321436899999994,False
SEI,-2.91725082,False
AIXBT,-2.7765462399999996,False
BNB,-2.68383989,False
IMX,-2.41057534,False
HBAR,-1.733548519999998,False
W,-1.3860064699999992,False
SAND,-1.0979513899999997,False
MELANIA,-0.13216941999999834,False
