coin,fundingRate_avg_5d,isNew
TNSR,-433.10623038,False
ACE,-153.30868687933884,False
VVV,-112.25759804628099,False
LAYER,-103.88101093884298,False
STABLE,-71.4071313123967,False
CHIP,-63.858682750413216,False
TRUMP,-51.131556753719,False
AXS,-50.08848255867768,False
ME,-47.087943360000004,False
KAITO,-45.68970792396693,False
0G,-43.881906,False
RESOLV,-41.00964679338843,False
BLUR,-39.90164651900826,False
kNEIRO,-36.77272873,False
MINA,-36.370615041322324,False
kLUNC,-33.54072093223141,False
XAI,-33.26527802,False
ATOM,-32.29310580495868,False
ANIME,-30.77168927603305,False
GAS,-29.366525186776858,False
S,-28.317235011570244,False
ADA,-27.928639963636368,False
BABY,-23.876276995041323,False
kSHIB,-22.013743894214876,False
AVNT,-21.92524183140496,False
IO,-21.056604720000003,False
HYPER,-20.216881110743806,False
RSR,-18.549776370247937,False
AIXBT,-17.83063033,False
PROVE,-17.451031289256196,False
STRK,-16.02618859,False
USUAL,-15.409285239669423,False
INIT,-15.011838247933886,False
YGG,-14.365180839669419,False
ARK,-12.025861933884297,False
ICP,-11.351019768595041,False
XLM,-10.18011426,False
DOT,-9.913576889256197,False
IOTA,-9.605039240000002,False
AVAX,-9.081992261157021,False
IP,-8.070965910743803,False
MEME,-7.996577583471076,False
UMA,-6.935819059999999,False
ALT,-6.32273586,False
SUSHI,-5.880542390082645,False
BIGTIME,-5.825053219834712,False
REZ,-5.701334309999998,False
SAGA,-5.50687764,False
TRX,-5.35458402644628,False
BCH,-4.955897603305786,False
BERA,-4.881793795041321,False
SUI,-4.399992347107437,False
OP,-3.9787203272727263,False
MORPHO,-3.8416914842975203,False
BIO,-3.37183259504132,False
ARB,-2.7549982809917353,False
ZORA,-1.7200064528925603,False
WIF,-0.8958178710743796,False
PENGU,-0.8148946199999992,False
CRV,-0.409734158677686,False
VIRTUAL,-0.20816728264462758,False
BRETT,-0.15094209999999847,False
APT,-0.022280806611569986,False
