coin,fundingRate_avg_5d,isNew
ME,-264.37015554000004,False
STABLE,-81.50101425,False
CELO,-60.86287181,False
ZETA,-35.20123875,False
MINA,-27.671763979999998,False
ATOM,-26.664228929999997,False
HMSTR,-26.1900713,False
HYPER,-22.188691640000002,False
kNEIRO,-19.579816179999998,False
MANTA,-16.03756929,False
IOTA,-14.79889142,False
DYDX,-14.260443420000001,False
0G,-12.47198941,False
TRX,-11.550584140000003,False
PYTH,-9.34531181,False
BLUR,-8.670503459999999,False
TRUMP,-8.562505069999998,False
AIXBT,-4.22410412,False
W,-4.133439579999998,False
TIA,-3.7981425499999992,False
BCH,-2.6332012499999995,False
GAS,-2.261587449999999,False
INJ,-2.2172333799999997,False
ALT,-1.557836789999999,False
MEME,-0.26824433999999914,False
