coin,fundingRate_avg_5d,isNew
ME,-294.84970975999994,False
IP,-194.13622774,False
CELO,-140.68887989,False
MANTA,-129.17479064000003,False
STABLE,-105.64887405,False
GAS,-72.26796184000003,False
TNSR,-37.431171940000006,False
TRX,-33.652423299999995,False
IOTA,-32.09385286,False
PYTH,-28.12248131,False
BSV,-27.102028180000005,False
TRUMP,-26.04259305,False
ZETA,-23.43080051,False
kNEIRO,-21.824028170000002,False
0G,-18.339135190000004,False
MINA,-16.65941176,False
LAYER,-15.250657030000012,False
PROVE,-14.80716743,False
POLYX,-14.75674998,False
HYPER,-13.53575271,False
INJ,-12.68620207,False
OP,-11.426856440000002,False
AVNT,-10.3658248,False
ALT,-9.43843426,False
kSHIB,-8.93179017,False
ANIME,-6.470974039999996,False
POPCAT,-5.883049559999999,False
ALGO,-5.836866839999998,False
ATOM,-4.467783959999999,False
TIA,-4.38941627,False
GMT,-4.020774299999998,False
BLUR,-3.786506349999998,False
IO,-2.9291483599999992,False
kPEPE,-2.911171379999999,False
XAI,-2.0800298799999983,False
STRK,-2.037381819999999,False
APT,-1.8122476299999983,False
ZK,-0.7344610299999997,False
UMA,-0.5385005599999997,False
ZORA,-0.06321580999999928,False
