coin,fundingRate_avg_5d,isNew
BERA,-834.281049490909,False
ME,-426.95471147107446,False
IP,-406.40812567933887,False
MOVE,-382.7677540363636,False
XAI,-366.40456343801645,False
BLUR,-343.5623537652893,False
KAITO,-303.5245594710744,False
AVNT,-302.69923551,False
BLAST,-120.11897118347109,False
LAYER,-90.6464601322314,False
VVV,-68.36647087933885,False
ANIME,-56.3739049090909,False
IO,-55.097429563636375,False
ZEC,-35.260883400000004,False
BSV,-34.743734628099176,False
GMT,-32.22959797685951,False
ZORA,-29.485575270000002,False
ATOM,-22.270289543801653,False
ACE,-21.440015295867767,False
STABLE,-20.40497679,False
WLFI,-20.24995764,False
0G,-19.359783959999998,False
kLUNC,-19.186917957024793,False
USUAL,-16.142990985123976,False
FTT,-15.877250231404966,False
TRUMP,-15.505476555371898,False
FOGO,-15.08384181,False
MEME,-14.95968656528926,False
REZ,-10.12897515371901,False
TURBO,-9.455689517355372,False
MELANIA,-8.981124842975206,False
WCT,-8.495949509999999,False
POLYX,-7.624029262809918,False
SAND,-7.476223447933885,False
PURR,-7.246452267768591,False
kNEIRO,-6.493814062809915,False
FIL,-6.31378737520661,False
AERO,-5.054909089999998,False
MOODENG,-4.928888568595041,False
ADA,-4.706601758677685,False
kFLOKI,-4.691614195041322,False
APT,-3.907842515702479,False
MEW,-3.756650707438015,False
ZRO,-3.4396009685950397,False
kBONK,-3.410729890909091,False
RENDER,-3.3247950148760324,False
POPCAT,-2.639025292561983,False
EIGEN,-1.2419204033057842,False
XLM,-0.8838999272727268,False
BCH,-0.8577473454545453,False
SUPER,-0.4904144826446276,False
IMX,-0.4072994578512393,False
NEO,-0.10452634710743758,False
JTO,-0.04926667438016497,False
