coin,fundingRate_avg_5d,isNew
HYPER,-346.1766128727273,False
STABLE,-252.96479398016527,False
YZY,-183.74201065785124,False
BLAST,-170.28965367272727,False
SKR,-170.23003427107443,False
CHIP,-120.73159924958676,True
0G,-108.86034045619834,False
APE,-103.12092094214876,False
AXS,-83.15736020826446,False
TRUMP,-68.88267668429752,False
kLUNC,-40.772585266115705,False
COMP,-39.154713173553716,False
kNEIRO,-34.85032066115702,False
AZTEC,-31.811260195041324,False
REZ,-31.652818581818178,False
BERA,-31.607257170247934,False
2Z,-31.552609973553718,False
TRX,-27.05929321983471,False
INJ,-22.598783752066115,False
MORPHO,-21.417850323966945,False
MINA,-20.227475642975207,False
WLD,-20.21997462148761,False
BIO,-19.86154872396694,False
BLUR,-18.752047666115704,False
BANANA,-17.03374832727273,False
CAKE,-16.31946878677686,False
ALT,-15.393362310743802,False
AVNT,-15.069582575206612,False
POL,-14.052251920661158,False
JTO,-13.90366711735537,False
MOVE,-13.82253865785124,False
STRK,-13.456865127272728,False
EIGEN,-11.557018770247936,False
TST,-10.626748036363635,False
KAITO,-8.732299576859504,False
MON,-8.54615898842975,False
DYM,-8.267206561983473,False
PROVE,-8.26679462479339,False
ZK,-7.619563110743801,False
TIA,-7.58254812892562,False
NOT,-6.98055803305785,False
PNUT,-6.867666247933883,False
BABY,-6.718853395041321,False
SUI,-6.7062599900826445,False
JUP,-5.8320503603305776,False
W,-5.433472532231406,False
SOL,-4.698574413223141,False
FET,-4.430404750413222,False
WLFI,-3.6518963107438007,False
S,-3.062832644628099,False
IMX,-2.951687791735537,False
SEI,-2.008287917355372,False
PURR,-1.5247337454545433,False
USTC,-1.5092727074380161,False
ENA,-1.3127381256198343,False
PYTH,-1.1207942181818182,False
XAI,-1.0966694677685944,False
ADA,-0.7248183272727272,False
ETH,-0.6876766512396693,False
STX,-0.5432908561983463,False
DOT,-0.5236684561983472,False
PEOPLE,-0.46898506115702426,False
TAO,-0.1972780958677682,False
ETC,-0.039875375206611274,False
