coin,fundingRate_avg_5d,isNew
BLUR,-662.5611274512397,False
STABLE,-76.07081269090911,False
BANANA,-43.60384839669422,False
ZETA,-38.09242127603305,False
0G,-34.21223212561984,False
ATOM,-30.857034842975214,False
MINA,-30.269199748760336,False
kNEIRO,-30.081019021487606,False
HMSTR,-29.837515636363637,False
IOTA,-20.845741963636364,False
W,-20.45760373884298,False
SNX,-20.21785339834711,False
ME,-15.785009603305785,False
AIXBT,-15.596791229752068,False
ANIME,-15.472900214876034,False
HYPER,-14.780931163636366,False
INJ,-11.118234714049585,False
STX,-10.991630995041323,False
KAS,-7.46686545123967,False
ZORA,-6.545624757024791,False
MEME,-6.295767838016529,False
TRUMP,-4.478067114049584,False
OP,-3.3512118446280987,False
SEI,-3.1940733719008265,False
CELO,-3.0261991933884302,False
DYDX,-1.6612123735537172,False
ALT,-1.0533255669421482,False
VVV,-0.19852331900826334,False
