coin,fundingRate_avg_5d,isNew
GMT,-542.4969238299999,False
ANIME,-396.80220326,False
AVNT,-377.82561236,False
HYPER,-310.18131649,False
POLYX,-277.86087528,False
0G,-143.33113752,False
IP,-141.68816667000002,False
VVV,-139.62341277,False
BLAST,-131.37485296,False
FTT,-80.42518259,False
BERA,-64.3587126,False
REZ,-58.43766581,False
TNSR,-47.04912999,False
ZETA,-37.656301019999994,False
CELO,-34.673288879999994,False
kLUNC,-28.04326317,False
FOGO,-23.573793640000005,False
MOVE,-22.75968304,False
MEW,-21.456602380000003,False
AR,-21.422831120000005,False
WCT,-21.288424980000006,False
TRUMP,-17.139390410000004,False
IO,-16.62678149,False
XAI,-16.58810609,False
FET,-15.473341340000005,False
ZORA,-15.352561380000001,False
GMX,-14.371723890000004,False
ATOM,-12.52905643,False
ACE,-12.49262797,False
SUPER,-11.520606690000001,False
SCR,-11.143877779999999,False
USTC,-10.26503078,False
SKY,-10.047453550000004,False
PROVE,-8.764322329999997,False
MEME,-8.291320289999998,False
2Z,-8.02919408,False
STRK,-7.975867579999998,False
NOT,-6.421376379999999,False
SAND,-6.34636304,False
WLFI,-4.736643689999999,False
BABY,-4.532856159999999,False
BIO,-3.60970692,False
ZK,-3.119673249999999,False
TURBO,-2.888133309999999,False
EIGEN,-2.86266288,False
ETC,-2.23541257,False
MOODENG,-2.220192069999999,False
SOPH,-1.8685934099999995,False
BSV,-1.7465717199999988,False
IMX,-1.6501328799999988,False
APT,-1.5229077500000001,False
MINA,-1.5172677699999992,False
MON,-0.6547077999999988,False
ZEN,-0.39150994999999966,False
STX,-0.16730723999999972,False
BIGTIME,-0.08349959000000082,False
