coin,fundingRate_avg_5d,isNew
ME,-265.02927327,False
STABLE,-81.65635168000001,False
CELO,-67.25340350000002,False
ZETA,-34.40585484,False
MINA,-27.080372,False
ATOM,-26.739255410000005,False
HMSTR,-26.051105579999998,False
HYPER,-21.49615524,False
kNEIRO,-19.49426383,False
MANTA,-18.871956350000005,False
IOTA,-15.696657830000001,False
DYDX,-14.260443420000001,False
0G,-12.615562160000001,False
TRX,-12.324876160000004,False
PYTH,-10.9355241,False
TRUMP,-8.76445592,False
BLUR,-8.60121332,False
AIXBT,-3.9142307999999986,False
TIA,-3.8927206199999995,False
W,-3.883464219999999,False
GAS,-3.0143692899999994,False
INJ,-2.69385987,False
BCH,-2.4871238700000005,False
ALT,-2.375041859999999,False
