coin,fundingRate_avg_5d,isNew
AXS,-900.8985896099999,False
YZY,-490.3237727299999,False
0G,-429.63505337,False
AVNT,-380.22190159999997,False
LAYER,-248.38280806000006,False
MOVE,-211.63273123,False
BLAST,-210.89379821999998,False
RESOLV,-189.29108706999997,False
ZETA,-131.57420501000001,False
ZORA,-128.57084193,False
SUPER,-107.12313898000002,False
DASH,-88.88854125,False
SKR,-85.64194728000001,True
WCT,-78.52396548,False
BERA,-69.95751184,False
FOGO,-69.74628415,False
JTO,-62.062654550000005,False
MOODENG,-57.54632266999999,False
PURR,-55.9254095,False
ANIME,-52.12346146,False
MANTA,-48.65351523,False
XAI,-39.945159079999996,False
SKY,-31.93437341,False
LINEA,-30.522818400000006,False
IO,-30.25522157,False
DYM,-29.006798930000002,False
SOPH,-28.35465051,False
2Z,-25.94514681,False
KAITO,-25.361158489999998,False
ATOM,-24.522608220000002,False
APT,-22.9421334,False
POPCAT,-22.783798590000007,False
MERL,-22.33532601,False
TRUMP,-22.16533456,False
GMT,-21.92652455,False
POL,-21.760088930000006,False
kFLOKI,-21.47258062,False
BRETT,-19.234138549999997,False
ACE,-19.089928510000004,False
REZ,-18.424941580000002,False
STRK,-17.753089000000003,False
HYPER,-15.593430719999999,False
EIGEN,-14.684625250000002,False
SAND,-14.310811959999999,False
ICP,-12.766953939999999,False
BABY,-12.75408842,False
HEMI,-12.64631487,False
SCR,-12.49954034,False
OP,-12.281073970000001,False
kLUNC,-11.964060520000002,False
S,-11.916176900000002,False
TURBO,-11.047456459999998,False
AVAX,-10.96882232,False
XLM,-10.554640029999998,False
PROVE,-9.703471709999999,False
AIXBT,-8.958902370000002,False
ME,-8.25047168,False
VVV,-8.00184171,False
kPEPE,-7.96708568,False
STX,-7.443947969999999,False
CAKE,-7.335023940000001,False
WLFI,-6.568107839999999,False
DOGE,-5.84285065,False
ETC,-5.297543569999999,False
RSR,-5.207741159999999,False
USUAL,-4.12855807,False
ZEC,-4.058545229999999,False
SOL,-3.591989819999999,False
PNUT,-3.3170214499999995,False
CELO,-2.9397012399999993,False
LTC,-2.8226048599999998,False
MELANIA,-2.098203229999999,False
IP,-1.8113679799999975,False
CRV,-1.4892868699999993,False
ENS,-1.1655617999999996,False
SAGA,-0.7738729999999993,False
PAXG,-0.4841943999999997,False
PENGU,-0.38413986999999955,False
RENDER,-0.2137228300000001,False
ENA,-0.09566868999999993,False
SPX,-0.006841559999999369,False
