coin,fundingRate_avg_5d,isNew
STABLE,-82.42981734000001,False
MOVE,-44.51274134,False
XAI,-36.821487620000006,False
SUPER,-35.49341468,False
POLYX,-35.33648366,False
MINA,-30.712692129999997,False
ZETA,-30.6184411,False
kNEIRO,-30.583447090000003,False
TRX,-28.221691229999998,False
IO,-19.30872995,False
ATOM,-18.45704698,False
ALT,-15.26278379,False
ME,-13.495924640000002,False
BLUR,-13.462478959999997,False
BIGTIME,-12.95829643,False
MEME,-12.56355112,False
STRK,-12.333561699999999,False
RENDER,-11.96246036,False
OP,-11.24058599,False
WCT,-11.049408479999999,False
BSV,-10.043225389999998,False
BCH,-9.525943739999999,False
KAS,-9.191886979999998,False
CELO,-8.600142410000002,False
PENGU,-8.45720914,False
PROVE,-8.029953279999999,False
LIT,-7.56792606,False
SNX,-7.1108205,False
S,-6.9638715,False
ANIME,-6.815291679999997,False
MOODENG,-6.5621043199999995,False
SAND,-6.552608479999999,False
SEI,-6.426325049999999,False
POPCAT,-5.982642000000001,False
MORPHO,-5.76188197,False
VIRTUAL,-5.60184626,False
MET,-5.517621049999998,False
STX,-5.479953049999998,False
CRV,-3.3452782899999987,False
BIO,-2.8105992799999995,False
AVNT,-2.8004332999999995,False
SUSHI,-2.7421778399999996,False
ICP,-2.36425246,False
SPX,-2.338874009999999,False
SOPH,-2.1938376099999988,False
YGG,-1.9723614499999989,False
NOT,-1.5836758699999984,False
ADA,-0.22631168,False
