coin,fundingRate_avg_5d,isNew
DOOD,-538.5526301699999,False
YZY,-255.51469636000002,False
PROVE,-135.49050609,False
OM,-113.54572278,False
REZ,-109.94954421999999,False
BLAST,-109.0275367,False
ME,-105.74721235,False
0G,-92.86382851999998,False
APT,-83.05441264,False
TRUMP,-67.96495567000001,False
MAV,-63.85639010999999,False
ATOM,-57.20254522999999,False
MOODENG,-56.8435159,False
KAITO,-56.30409919,False
BSV,-54.805398239999995,False
IP,-53.55715079999999,False
SOL,-40.88470046999999,False
AVNT,-39.64628394,False
HYPER,-39.36200661,False
ZORA,-35.467731089999994,False
ASTER,-35.44823570999999,False
FARTCOIN,-34.1335225,False
XAI,-31.69240469,False
kBONK,-29.98051454,False
AI16Z,-28.712343939999997,False
BIO,-27.02092372,False
IO,-26.967569479999998,False
MELANIA,-24.76586539,False
RESOLV,-24.074642990000005,False
SUPER,-23.37810108,False
VINE,-23.27384175,False
DYM,-21.175330459999998,False
ALGO,-20.456194319999998,False
VVV,-20.387286700000004,False
GRASS,-20.05987148,False
CAKE,-19.57444922000001,False
SPX,-19.551617009999998,False
SNX,-19.0819591,False
SEI,-18.87561146,False
INIT,-18.00124228,False
XPL,-17.31613509,False
USUAL,-16.77841855,False
TURBO,-16.501716430000002,False
ONDO,-16.401663359999997,False
APEX,-13.284086669999995,False
TIA,-12.371285179999997,False
BERA,-12.022667109999999,False
PUMP,-11.945436029999996,False
EIGEN,-11.1640287,False
RUNE,-10.926323909999997,False
WIF,-9.952287829999998,False
IOTA,-9.77817699,False
MEME,-9.128730299999999,False
DOT,-9.060212499999999,False
ETC,-9.030407329999996,False
ZETA,-8.791360799999998,False
kLUNC,-8.20128866,False
PURR,-7.933755339999998,False
FIL,-7.700959069999995,False
kFLOKI,-7.028588190000002,False
RENDER,-7.008879649999998,False
JUP,-6.385175679999998,False
kSHIB,-4.467512399999998,False
AVAX,-4.285464269999997,False
HYPE,-4.053783439999998,False
XRP,-3.77450442,False
ZEN,-3.531431939999997,False
IMX,-3.144737069999998,False
MEW,-2.971361339999998,False
NEO,-2.791844119999998,False
SAND,-2.6211547899999976,False
POPCAT,-2.400292559999997,False
STBL,-2.155457129999997,False
CELO,-2.1515450599999983,False
NEAR,-1.983771349999997,False
SAGA,-1.9249304299999976,False
kNEIRO,-1.7368743999999983,False
AR,-1.6065620999999988,False
STRK,-1.3615288399999965,False
BANANA,-1.3519483199999969,False
LINEA,-0.8331044699999974,False
MORPHO,-0.6071285899999975,False
GMX,-0.3866904899999993,False
FTT,-0.26454761999999765,False
WLFI,-0.028845219999996074,False
