coin,fundingRate_avg_5d,isNew
MOVE,-312.87258279669425,False
SOPH,-229.25075508099167,False
LAYER,-131.53175474380168,False
STABLE,-131.2415294280992,False
ME,-75.10210003636364,False
TRX,-56.208991755371905,False
ZEC,-56.15403325289257,False
TRUMP,-55.00960296198348,False
IO,-44.40851159008263,False
HMSTR,-43.79400338181818,False
CHIP,-38.3406065553719,False
AVNT,-36.388400013223134,False
EIGEN,-34.19457312396695,False
kLUNC,-31.061698849586776,False
kNEIRO,-30.636630347107438,False
UMA,-30.077577282644633,False
MERL,-25.688073044628098,False
ALT,-24.621008757024793,False
ZORA,-23.643809038016524,False
IP,-22.785399262809918,False
POL,-21.391527609917357,False
TON,-20.207907540495867,False
0G,-20.199163467768596,False
SEI,-19.206837907438018,False
SNX,-18.932233626446283,False
AIXBT,-17.8176423570248,False
JUP,-17.33542969586777,False
W,-17.25629359338843,False
S,-16.393676846281,False
XLM,-16.071027947107435,False
WLD,-14.380001166942153,False
ZK,-13.650692796694216,False
SAGA,-13.047842628099175,False
MOODENG,-12.786110479338841,False
OP,-11.879013203305785,False
BRETT,-11.810433262809916,False
STRK,-11.254701758677687,False
MINA,-10.79761002644628,False
VIRTUAL,-9.571385950413221,False
ETC,-9.012919299173552,False
AVAX,-8.884006125619834,False
AERO,-8.015510042975208,False
APT,-7.43429924628099,False
PNUT,-7.118673550413221,False
ADA,-6.921462783471074,False
SAND,-6.883374158677685,False
BABY,-6.763209401652891,False
FIL,-5.891454743801653,False
HYPER,-5.829640998347107,False
PYTH,-5.807096667768593,False
TIA,-3.7441991999999997,False
INJ,-3.631346509090908,False
SOL,-3.274530714049587,False
SUSHI,-3.109659550413223,False
MORPHO,-2.6103771966942144,False
XRP,-2.1218986016528922,False
ICP,-2.039153523966942,False
ZEN,-1.8352134842975203,False
XAI,-1.5247779074380152,False
KAS,-1.434733071074379,False
PROVE,-1.3969492363636358,False
ALGO,-1.2122464462809912,False
POPCAT,-1.2045933917355371,False
KAITO,-1.132256786776859,False
2Z,-0.6433148528925613,False
ARB,-0.4344091239669419,False
NOT,-0.28349893884297317,False
JTO,-0.2645244892561981,False
