coin,fundingRate_avg_5d,isNew
HYPER,-247.98034601652887,False
STABLE,-217.9903245719008,False
YZY,-178.14204817190088,False
SKR,-170.2300342710744,False
BIO,-115.894937553719,False
BLAST,-100.75828740495866,False
AXS,-82.86639861818182,False
APE,-72.7218835140496,False
UMA,-62.6813829123967,False
WLD,-43.98333521652893,False
COMP,-38.06751898512397,False
kNEIRO,-37.51865213553719,False
MORPHO,-31.93727460495868,False
REZ,-30.87398146115703,False
SUPER,-28.772433570247934,False
2Z,-28.10351273057851,False
ALT,-26.92897048264463,False
IP,-24.32435171900826,False
AZTEC,-21.34414107768595,False
BLUR,-20.884146961983472,False
MET,-19.75582059173554,False
AERO,-19.669441200000005,False
USTC,-19.27246406280992,False
BANANA,-14.987103193388428,False
JUP,-14.821489963636365,False
BABY,-14.706146826446282,False
W,-13.16707491570248,False
TRX,-12.882069401652892,False
TRUMP,-12.471604760330578,False
JTO,-12.459111262809916,False
AVNT,-11.94198891570248,False
PNUT,-11.673686766942149,False
DYM,-11.024693117355374,False
MOVE,-10.756065183471073,False
EIGEN,-10.682053319008265,False
CAKE,-10.56463456859504,False
MERL,-9.98891361322314,False
STRK,-9.491166793388429,False
IMX,-9.059083775206611,False
DOT,-8.864601639669422,False
PROVE,-8.210749447933884,False
KAITO,-7.625451133884299,False
INIT,-7.012523345454545,False
XAI,-6.68647107768595,False
SAND,-6.2165752661157,False
kLUNC,-5.705354697520661,False
S,-5.318174280991736,False
WLFI,-4.182938370247934,False
GMX,-2.9139090247933876,False
ARB,-2.4679490082644637,False
POL,-1.4701401223140496,False
SUI,-1.4275390115702482,False
ACE,-1.1042059636363628,False
TAO,-0.961541761983471,False
TIA,-0.6647247272727271,False
SOL,-0.6006551008264462,False
PYTH,-0.2583700462809919,False
YGG,-0.14812508429751986,False
ETH,-0.11206935867768594,False
ICP,-0.09142326942148712,False
