coin,fundingRate_avg_5d,isNew
DOOD,-464.03283479008275,False
0G,-265.55804690578515,False
REZ,-70.86138114049587,False
BLAST,-54.94504827768595,False
CELO,-39.22071723966941,False
KAITO,-28.749302102479337,False
BIO,-26.621936102479342,False
APT,-25.252103047933883,False
2Z,-8.769667854545457,True
MAV,-8.05201752396694,False
SUPER,-5.328351808264462,False
ME,-2.4539858578512384,False
