coin,fundingRate_avg_5d,isNew
ALT,-387.6971826842975,False
SUPER,-293.82261549421486,False
GMT,-190.0687266347107,False
CHIP,-104.97367614545455,False
ME,-96.5844826016529,False
BLAST,-88.02241299173554,False
SAGA,-60.3737172892562,False
STABLE,-56.860514221487605,False
COMP,-36.32144393057851,False
FOGO,-27.863983923966938,False
BCH,-24.825856651239672,False
PURR,-22.97324044958678,False
OP,-22.853662829752068,False
TON,-21.460527451239667,False
MINA,-20.739534565289258,False
kSHIB,-19.743093976859505,False
ETC,-19.41890085619835,False
BLUR,-16.312685216528923,False
PROVE,-14.2385966677686,False
TST,-14.03988149752066,False
TRUMP,-13.019393623140495,False
MEGA,-12.3215995338843,False
DASH,-11.301207223140496,False
VVV,-10.977180614876032,False
SUSHI,-9.975091636363636,False
SNX,-9.405832085950411,False
POL,-9.219058750413225,False
AIXBT,-9.185876449586775,False
MERL,-8.034527930578514,False
SEI,-7.9273670677685955,False
MOVE,-6.956434730578512,False
SAND,-6.156019775206611,False
ADA,-6.014425596694214,False
kLUNC,-5.851199285950414,False
STRK,-5.138542879338841,False
STX,-4.139527140495868,False
AXS,-3.852459044628098,False
BTC,-3.5061139834710744,False
ICP,-3.2015577421487595,False
BOME,-3.113440105785123,False
SOL,-2.976483659504132,False
NOT,-2.958186842975206,False
0G,-2.746616915702477,False
BSV,-1.9808372628099165,False
SUI,-1.8455560760330583,False
KAITO,-1.6960402512396686,False
MOODENG,-1.6523249553719002,False
SPX,-1.1379804694214863,False
UNI,-0.8079550710743794,False
JUP,-0.7227159272727274,False
ZEC,-0.6434748495867763,False
XRP,-0.6121618314049586,False
PNUT,-0.5629197719008264,False
