coin,fundingRate_avg_5d,isNew
BABY,-589.76075339,False
STABLE,-146.59442488264463,False
TRX,-84.05743934876034,False
BSV,-70.13056909090909,False
kLUNC,-50.250981282644624,False
ZORA,-49.510260020000004,False
TRUMP,-40.990534409999995,False
MEME,-38.509917808264454,False
ZK,-37.2792398876033,False
SNX,-36.93542291900827,False
AVNT,-36.818572482644626,False
SEI,-36.42280871404958,False
JTO,-33.3339574214876,False
BIO,-27.895341810000005,False
S,-26.289599499999998,False
UMA,-24.381370631404955,False
AIXBT,-22.440889119999998,False
NIL,-21.08241679,False
STRK,-20.470201487603305,False
STX,-18.88030926942149,False
ALT,-18.271180135537193,False
GMT,-18.256010856198348,False
ME,-17.93634832066116,False
MOODENG,-16.086979834710746,False
IO,-15.764210757024793,False
kNEIRO,-13.704702178512395,False
ADA,-12.596291414876033,False
CHIP,-12.430459547107441,False
ZEC,-12.105344816528925,False
VIRTUAL,-11.781180919999999,False
MON,-11.49660010909091,False
MERL,-10.962258932231405,False
ATOM,-10.765038029752064,False
ETC,-10.661586049586775,False
TON,-10.555228790082644,False
CAKE,-10.374580214876032,False
SUSHI,-9.869286763636364,False
MORPHO,-8.88013756,False
W,-8.79316420165289,False
SOL,-8.611816274380166,False
APT,-7.831271315702479,False
PENGU,-7.07215386,False
SAGA,-7.012557371900825,False
AERO,-6.7435761421487594,False
DOT,-6.183518211570249,False
kFLOKI,-5.993380601652892,False
2Z,-5.66036883966942,False
XRP,-5.2938229289256205,False
COMP,-4.867808925619835,False
DASH,-4.491876783471073,False
IP,-4.387859179999999,False
HYPER,-4.05090724,False
MEGA,-3.6269281388429744,False
PUMP,-3.2559225917355366,False
ICP,-3.2475484661157026,False
WIF,-2.9798530016528915,False
YGG,-2.5719048694214877,False
OP,-2.546699236363636,False
XLM,-2.010034125619835,False
INJ,-1.9721134611570244,False
POPCAT,-1.8563207404958666,False
POLYX,-1.7967150942148742,False
BCH,-1.647923236363636,False
CRV,-1.3688701785123953,False
0G,-1.248706145454544,False
TURBO,-0.9508075041322308,False
ZEN,-0.791014968595041,False
TIA,-0.6456568859504129,False
AXS,-0.3925240165289253,False
PROVE,-0.012308885950412445,False
