coin,fundingRate_avg_5d,isNew
ZORA,-699.04401785,False
GAS,-504.96296789,False
0G,-361.39622579,False
SOPH,-226.86955694999997,False
ARK,-198.88494709,False
YZY,-168.82215425,False
AXS,-140.81960391,False
INIT,-130.82193271000003,False
MERL,-62.820785830000005,False
2Z,-60.10379225999999,False
POLYX,-59.79246843,False
SKR,-52.015757990000004,False
FET,-50.16760166,False
XAI,-47.34010507,False
DYM,-47.28350817,False
IMX,-46.30091941,False
RESOLV,-45.57315175000001,False
STABLE,-45.54190921000001,False
YGG,-42.79652375,False
TRX,-42.14035668,False
MINA,-38.57830927,False
ZETA,-36.399010340000004,False
kLUNC,-33.85985718,False
WLFI,-32.34984488,False
MANTA,-32.28983377,False
STRK,-32.17606838,False
BANANA,-27.15905651,False
NEO,-26.709767060000004,False
POPCAT,-26.573019809999998,False
SOL,-23.57751372,False
W,-23.19733556,False
MEME,-22.140181680000005,False
ICP,-21.969412050000003,False
STX,-21.75689007,False
XRP,-21.65356368,False
ATOM,-21.05624921,False
PYTH,-20.94961227,False
SEI,-20.31125136,False
SKY,-19.48127202,False
PROVE,-18.314726910000005,False
APT,-17.08931022,False
SUSHI,-16.20387205,False
TAO,-16.14350178,False
JUP,-15.788996990000003,False
EIGEN,-15.272191300000001,False
RSR,-14.95712184,False
OP,-14.730513779999999,False
JTO,-13.98305656,False
TON,-13.843501000000002,False
CAKE,-13.335004900000001,False
AR,-13.264225560000002,False
ADA,-13.237990089999998,False
KAS,-12.501306210000001,False
AVAX,-12.35816489,False
kBONK,-12.025658650000002,False
BLUR,-11.05323587,False
TIA,-11.03433033,False
WLD,-10.942251050000001,False
kSHIB,-10.760705889999999,False
ETH,-10.599583939999999,False
MNT,-9.54162779,False
DOGE,-8.71014246,False
USTC,-8.583911590000001,False
ENS,-8.27608592,False
kFLOKI,-7.588037559999999,False
FIL,-6.841219089999999,False
BNB,-6.2805330999999995,False
DASH,-5.54078322,False
ALT,-5.148148339999998,False
RUNE,-5.074328549999998,False
ETHFI,-4.68941415,False
DOT,-4.511238669999999,False
SUPER,-3.3951978799999996,False
ZEN,-3.10501631,False
ETC,-2.5259168,False
GMT,-2.514137519999999,False
LINEA,-1.3713955199999996,False
WIF,-1.05460326,False
BSV,-0.9957083199999983,False
ARB,-0.5918139199999997,False
GMX,-0.1883947499999998,False
SAGA,-0.04372407999999932,False
