coin,fundingRate_avg_5d,isNew
LAYER,-259.4472265586777,False
JTO,-126.44531866115703,False
IO,-72.97929937190082,False
kLUNC,-64.40848206942148,False
BLAST,-58.7767707371901,False
STABLE,-53.77866368925619,False
ACE,-50.28184688925618,False
BANANA,-49.16794700826446,False
WIF,-48.231223557024805,False
NIL,-30.567671047933885,False
HYPER,-30.324582495867766,False
MEGA,-29.01598039338844,False
BLUR,-27.95488810909091,False
COMP,-24.366101444628104,False
ATOM,-12.733153745454546,False
CHIP,-11.58156704132232,False
KAITO,-9.959240380165289,False
EIGEN,-8.375708935537189,False
BABY,-8.002708135537189,False
XAI,-7.643371487603305,False
DYM,-7.31366680661157,False
GRIFFAIN,-4.089122390082643,False
S,-3.574490489256198,False
NOT,-2.969908591735537,False
MERL,-2.545232479338843,False
STX,-1.9017366347107443,False
W,-1.3444565652892557,False
