coin,fundingRate_avg_5d,isNew
TNSR,-471.63488359,False
LAYER,-305.0374983471075,False
ACE,-153.30868687933884,False
VVV,-96.66244515371902,False
CHIP,-72.60629712396694,False
AXS,-55.708008079338846,False
STABLE,-55.049120697520664,False
TRUMP,-48.265025573553714,False
RESOLV,-47.83193044958677,False
0G,-47.424145933884304,False
ME,-46.76559799,False
KAITO,-42.96926748099173,False
S,-40.97031366942149,False
MINA,-39.195072882644624,False
kNEIRO,-38.645854709999995,False
GAS,-37.67145477024794,False
kLUNC,-36.28003012561984,False
BLUR,-35.67541058181817,False
AVNT,-33.71071560991736,False
AIXBT,-33.26536562,False
PROVE,-33.02069909752066,False
BABY,-31.992942595041324,False
ATOM,-31.322472466115702,False
XAI,-30.096637830000006,False
ANIME,-28.673896601652896,False
USUAL,-27.264167900826447,False
ADA,-25.920252862809917,False
HYPER,-22.955328059504133,False
kSHIB,-21.65416326942149,False
RSR,-19.553635447933882,False
BIO,-19.18975083966942,False
STRK,-17.505589800000003,False
YGG,-17.21767430082645,False
IO,-15.184039420000001,False
XLM,-14.537132400000003,False
MEME,-13.487151560330577,False
2Z,-12.900581236363635,False
ZORA,-12.7580039107438,False
INIT,-12.133257361983471,False
DOT,-11.313790492561983,False
IOTA,-10.579408199999998,False
BIGTIME,-10.209960991735539,False
ARK,-9.73500030743802,False
ICP,-9.583424796694214,False
IP,-9.566316733884298,False
ALT,-7.902255110000001,False
UMA,-7.661448550000001,False
MORPHO,-7.534814092561983,False
BERA,-6.638363474380164,False
AVAX,-6.4670750677685955,False
SUSHI,-5.000138499173553,False
VIRTUAL,-3.4115827239669416,False
SUI,-3.3528719008264454,False
MET,-3.1873614743801646,False
SAGA,-3.0677052799999998,False
ARB,-2.917971927272727,False
OP,-2.9021032958677684,False
INJ,-2.7530718049586778,False
TRX,-2.6257969685950413,False
SNX,-2.5977664165289256,False
FIL,-2.3899690809917358,False
TIA,-0.8289472165289258,False
BCH,-0.8196036991735539,False
CRV,-0.7991986909090909,False
PENGU,-0.7503932799999996,False
SUPER,-0.6821607471074365,False
