coin,fundingRate_avg_5d,isNew
AVNT,-657.5302063,False
BIO,-566.09135457,False
DOOD,-431.06064628,False
MERL,-252.11377163,False
BLAST,-250.85095193000004,False
0G,-240.20647007,False
KAITO,-234.94054936999999,False
REZ,-184.61721316,False
OM,-129.96098020000002,False
ZORA,-107.53555102000001,False
MOODENG,-94.90672111,False
BSV,-90.59903491000001,False
APT,-84.84982281999999,False
IO,-75.36988879,False
NXPC,-66.83761448,False
PROVE,-58.917376549999986,False
HYPER,-45.09178026,False
BERA,-42.57122677,False
VVV,-42.18054464,False
GRASS,-41.06660698,False
ATOM,-39.903692160000006,False
MORPHO,-33.52140874,False
AIXBT,-29.42387713,False
kFLOKI,-28.940333889999998,False
IOTA,-27.31391871,False
YZY,-23.483830629999996,False
INIT,-22.991705510000003,False
MEW,-21.605290240000002,False
IP,-18.33323971,False
SAND,-17.925019329999998,False
ARK,-16.70487981,False
MOVE,-16.07170847,False
BANANA,-15.528421300000005,False
SKY,-15.330337260000002,False
BABY,-13.76536472,False
TIA,-13.427190029999998,False
RESOLV,-12.915598730000003,False
SEI,-12.90302521,False
DYDX,-12.856124170000001,False
TRUMP,-12.441620680000002,False
ZK,-10.43936427,False
LAYER,-10.28201642,False
CELO,-10.156189969999998,False
TRX,-9.70608584,False
STX,-9.019274099999999,False
WCT,-8.929431540000001,False
GMX,-7.791671060000001,False
VIRTUAL,-7.74897117,False
CFX,-7.4151575,False
2Z,-7.245789469999999,False
BCH,-7.202336219999999,False
PROMPT,-7.076779869999999,False
POLYX,-6.90740235,False
WLFI,-6.59530545,False
OP,-6.31794341,False
GOAT,-5.982840560000001,False
PNUT,-4.895064639999998,False
TURBO,-4.841992909999999,False
SOPH,-4.677874309999999,False
TNSR,-4.597759,False
ENA,-4.03384349,False
CHILLGUY,-3.8962757199999984,False
kPEPE,-3.7649246299999994,False
INJ,-3.207869659999999,False
S,-2.20145151,False
GAS,-2.115339249999999,False
BRETT,-2.0772982199999985,False
COMP,-1.4708317399999995,False
YGG,-1.0358510199999997,False
PENGU,-0.6580044799999992,False
