coin,fundingRate_avg_5d,isNew
DOOD,-485.9640479008265,False
0G,-242.9675496793389,False
REZ,-73.89255760661158,False
BLAST,-45.642059315702475,False
CELO,-35.77748195702478,False
KAITO,-34.87199261157025,False
APT,-30.203708975206613,False
BIO,-15.600298849586785,False
MAV,-8.014602188429752,False
2Z,-2.188399309090911,True
ME,-0.6927523834710735,False
SUPER,-0.4179736264462799,False
