coin,fundingRate_avg_5d,isNew
LAYER,-304.9074174148761,False
STABLE,-80.99011738512397,False
MOVE,-79.34624619173555,False
BLAST,-73.61422489586776,False
kLUNC,-60.44202791404958,False
BANANA,-53.36157113057851,False
ACE,-49.882799206611544,False
JTO,-33.711900019834715,False
NIL,-25.464913130578516,False
BLUR,-22.051660938842982,False
MEGA,-15.623367332231412,False
MERL,-13.40143532231405,False
KAITO,-13.018498800000001,False
GRIFFAIN,-11.08095476033058,False
W,-8.632916290909094,False
ATOM,-8.235206499173552,False
SKY,-7.46457771570248,False
COMP,-5.78067115041322,False
WLFI,-5.5808627900826435,False
NOT,-5.143496261157023,False
CHIP,-4.849913910743802,False
DYM,-3.7221826413223127,False
EIGEN,-2.1300830479338844,False
BERA,-1.3942734545454532,False
