coin,fundingRate_avg_5d,isNew
BLAST,-216.00004163999998,False
STABLE,-87.67951233000001,False
CHIP,-79.06871045999999,False
kLUNC,-41.52157218000001,False
REZ,-39.043952180000005,False
COMP,-35.48295597,False
WLD,-31.113358470000005,False
BERA,-30.772535340000005,False
XAI,-26.43047125,False
TRUMP,-24.306107739999998,False
APE,-23.989308910000005,False
2Z,-23.878491990000004,False
kNEIRO,-20.57710714,False
KAITO,-19.655494549999997,False
MERL,-17.588908350000004,False
WLFI,-16.657726190000005,False
BIO,-16.5396392,False
BABY,-15.861651700000003,False
USTC,-13.08262565,False
ARB,-12.06441581,False
IMX,-12.058477989999998,False
ICP,-10.324500229999998,False
CAKE,-9.91750406,False
APT,-8.47236102,False
BANANA,-8.43181244,False
SEI,-8.327293959999999,False
MINA,-4.682495209999999,False
0G,-4.335378749999999,False
MON,-3.8369661399999986,False
GRIFFAIN,-3.661429610000001,False
SUI,-3.65167535,False
DYM,-3.171481349999999,False
ALT,-2.791782069999999,False
TIA,-2.56800641,False
XRP,-2.0038594900000004,False
GAS,-1.9793256499999987,False
ZETA,-1.4055573299999995,False
POLYX,-1.29357971,False
PURR,-1.1856083299999973,False
BTC,-1.0974418499999998,False
MOVE,-0.949359889999999,False
TURBO,-0.8199111799999993,False
GALA,-0.2651505999999997,False
SUSHI,-0.25222741,False
