coin,fundingRate_avg_5d,isNew
YZY,-306.94289778999996,False
BLUR,-212.65641169,False
SUPER,-192.28868168999998,False
MOVE,-145.71937705,False
BLAST,-130.14796532000003,False
COMP,-129.58788596000002,False
FTT,-102.64799297000003,False
STABLE,-98.68745097000001,False
WLD,-98.14913437,False
FET,-81.59532733000002,False
UMA,-77.64390887000002,False
BIO,-74.84614956,False
ACE,-64.96131738000001,False
IP,-63.65253761,False
ZETA,-50.47923355000001,False
kNEIRO,-50.475030939999996,False
ALT,-47.74505578,False
MEME,-45.872873690000006,False
AXS,-42.10687523,False
BOME,-32.83797252,False
JTO,-31.70246263,False
0G,-29.2021754,False
AERO,-27.724100600000003,False
USTC,-26.00210579,False
2Z,-25.174155119999998,False
W,-24.257411630000004,False
AVNT,-23.632616310000003,False
KAITO,-23.58795856,False
XAI,-20.73878973,False
MET,-18.601291329999995,False
SAND,-18.37301887,False
DYM,-17.63184914,False
EIGEN,-16.10817635,False
TRUMP,-14.359908840000005,False
JUP,-14.275144159999998,False
TAO,-13.96654907,False
ARB,-13.2033129,False
PNUT,-12.575701969999999,False
PROVE,-12.23846022,False
PYTH,-11.997793090000002,False
kLUNC,-11.984534830000003,False
USUAL,-10.607681100000002,False
IMX,-10.28380419,False
OP,-10.078043469999999,False
S,-9.518906540000001,False
TIA,-9.502853839999998,False
INIT,-9.129880049999997,False
DASH,-9.1114804,False
BERA,-9.03876218,False
IO,-7.800994619999999,False
ETH,-7.071136240000001,False
STRK,-6.637579019999999,False
GAS,-6.6359029399999985,False
TON,-6.36351366,False
MORPHO,-6.278532899999999,False
MERL,-5.306345909999999,False
DOT,-5.0747373499999995,False
YGG,-4.076319269999999,False
BTC,-4.020529020000001,False
TURBO,-3.665042379999999,False
MANTA,-3.4299904099999985,False
ANIME,-3.3326923599999994,False
SAGA,-2.3879898699999984,False
ENA,-2.3597286499999997,False
BABY,-2.3294460599999987,False
LAYER,-1.9334509899999994,False
ARK,-1.749764739999998,False
REZ,-1.0818015999999995,False
BANANA,-1.0595884299999994,False
SCR,-0.8608809699999995,False
SOL,-0.8059608799999999,False
APE,-0.6968850100000006,False
APT,-0.50089461,False
IOTA,-0.2255057599999986,False
TNSR,-0.17449482000000083,False
