coin,fundingRate_avg_5d,isNew
ALT,-317.68530549999997,False
SUPER,-299.41949516,False
GMT,-179.00998242,False
CHIP,-100.82245714999999,False
ME,-95.21133040000001,False
BLAST,-89.76677140000001,False
SAGA,-59.53123282,False
FOGO,-35.61706281,False
COMP,-31.40540081,False
TON,-26.74707225,False
BCH,-26.68577707,False
MINA,-24.413765950000002,False
ETC,-23.736982219999998,False
MEGA,-23.21811136,False
STABLE,-20.97212547,False
OP,-20.646035200000007,False
kSHIB,-20.114527310000003,False
TRUMP,-19.17441214,False
TST,-15.93825644,False
BLUR,-15.229203060000001,False
VVV,-14.456680560000002,False
SUSHI,-14.415261090000001,False
AIXBT,-11.46258264,False
DASH,-11.12829301,False
ADA,-10.20666509,False
SAND,-9.75055963,False
STRK,-9.676465359999998,False
BSV,-8.78436813,False
0G,-8.77131719,False
SEI,-8.393410789999999,False
STX,-8.293572339999999,False
POL,-8.216496019999997,False
HYPER,-7.94132471,False
PURR,-7.907454900000006,False
SNX,-7.2122080099999994,False
kLUNC,-6.96744923,False
MOVE,-6.302098759999998,False
JUP,-5.5792943699999995,False
KAITO,-5.042235559999999,False
W,-4.39266769,False
kNEIRO,-4.13685598,False
NOT,-4.021739359999999,False
SOL,-3.5705416900000007,False
BTC,-3.2877170599999994,False
AXS,-3.2811915899999984,False
MOODENG,-3.0709632699999996,False
PNUT,-2.5486847700000004,False
PENDLE,-2.417349009999999,False
SPX,-2.3520213099999987,False
BOME,-1.9012944899999997,False
INIT,-1.8055900299999994,False
IO,-1.6362548499999985,False
MERL,-1.5047380499999992,False
TURBO,-0.7094256799999995,False
XRP,-0.37561346999999995,False
PENGU,-0.0775895099999992,False
