coin,fundingRate_avg_5d,isNew
DOOD,-452.89772440661153,False
0G,-286.2631278842975,False
REZ,-65.96840784793388,False
BLAST,-51.77392755371902,False
CELO,-38.51732833388429,False
BIO,-36.622137808264455,False
KAITO,-32.245185709090904,False
APT,-23.192336737190086,False
2Z,-15.715060641322314,True
SUPER,-10.329747114049587,False
MAV,-8.188333983471075,False
ME,-5.2080379140495845,False
GMX,-3.83719058181818,False
PAXG,-1.7903941388429736,False
