coin,fundingRate_avg_5d,isNew
ACE,-154.67750926999997,False
VVV,-113.24957419000002,False
STABLE,-77.58432919,False
CHIP,-64.57987778,False
TRUMP,-53.40336827,False
AXS,-50.55655515,False
0G,-43.52349863,False
KAITO,-43.03120122999999,False
BLUR,-40.50725105,False
RESOLV,-34.15331280000001,False
MINA,-32.84561197,False
ATOM,-32.72058049,False
kLUNC,-31.305804719999998,False
ANIME,-30.51646229,False
GAS,-28.831802600000003,False
ADA,-27.11200801,False
S,-22.16800052,False
HYPER,-21.1454647,False
AVNT,-20.97730847,False
LAYER,-19.716867109999995,False
BABY,-18.963824660000004,False
kSHIB,-18.214073780000003,False
RSR,-17.450740520000004,False
INIT,-15.25019348,False
USUAL,-13.392329609999999,False
YGG,-12.9088601,False
ICP,-11.5368616,False
PROVE,-11.11640569,False
DOT,-10.501360980000001,False
ARK,-9.799828059999998,False
AVAX,-8.82293403,False
IP,-8.742853760000003,False
MEME,-6.98179811,False
TRX,-6.589697589999999,False
BCH,-6.389003800000001,False
SUSHI,-5.90217045,False
BERA,-4.872742699999999,False
MORPHO,-4.79827832,False
OP,-4.615585599999999,False
BIGTIME,-3.9980063299999995,False
SUI,-3.7396418100000006,False
ARB,-1.9917947799999995,False
ZORA,-1.777991649999999,False
APT,-1.7162431399999996,False
WIF,-0.9945330199999993,False
TIA,-0.68959669,False
CRV,-0.3578584100000002,False
VIRTUAL,-0.052495029999999304,False
MON,-0.02170070999999871,False
