coin,fundingRate_avg_5d,isNew
ME,-288.4545790699999,False
CELO,-107.89764562000002,False
STABLE,-100.1086522,False
MANTA,-87.22774599000002,False
TRX,-29.246376169999994,False
kNEIRO,-25.296837460000003,False
PYTH,-24.98768757,False
TNSR,-24.798666480000005,False
HMSTR,-23.484185409999995,False
ZETA,-23.22602967,False
IOTA,-17.37307874,False
MINA,-16.888728120000003,False
0G,-13.01219306,False
ATOM,-12.71972878,False
HYPER,-11.817080130000003,False
GAS,-10.591456850000004,False
DYDX,-10.22213963,False
TRUMP,-9.745340129999999,False
PROVE,-9.34066171,False
BLUR,-6.000083889999999,False
ALT,-5.98375963,False
INJ,-5.765592559999999,False
TIA,-4.957924209999999,False
POPCAT,-2.7663123699999987,False
OP,-2.057341479999999,False
kSHIB,-0.9658053299999989,False
