coin,fundingRate_avg_5d,isNew
POLYX,-542.0348126479339,False
ANIME,-488.98815989752063,False
ZETA,-286.64700556363636,False
BLAST,-284.01887307768595,False
STABLE,-224.8558442578512,False
BANANA,-138.9083661322314,False
REZ,-137.8276217652893,False
ME,-125.2312246512397,False
XAI,-120.94319379173554,False
AXS,-84.76581131900826,False
NXPC,-71.47059280661158,False
0G,-66.7077931140496,False
TURBO,-60.332079778512394,False
IP,-59.86912246611571,False
ZORA,-54.71065239669422,False
STRK,-49.06868534876034,False
TRUMP,-47.5226908661157,False
HYPER,-46.002278479338834,False
2Z,-39.29100646611571,False
GAS,-36.07094919669421,False
LAYER,-35.43021456198347,False
JTO,-31.207502171900828,False
FTT,-25.77241446942149,False
MON,-23.097115537190085,False
ALT,-21.69481111735537,False
POL,-21.259115504132236,False
YZY,-20.9935014446281,False
MORPHO,-20.95850126280992,False
EIGEN,-20.621886317355372,False
FET,-20.205443880991737,False
kNEIRO,-19.853672687603307,False
VVV,-19.47228038677686,False
MANTA,-19.035053583471075,False
MERL,-18.746521626446285,False
AERO,-18.14042012231405,False
SOPH,-17.518391345454546,False
BSV,-17.43201557355372,False
MEW,-15.33986839338843,False
SKY,-15.08655163636364,False
kFLOKI,-14.962038733884297,False
S,-14.461984631404956,False
kLUNC,-14.42022694214876,False
MOVE,-13.334036171900825,False
INIT,-12.940898955371901,False
ZRO,-12.225664502479338,False
OP,-11.743408403305786,False
PYTH,-11.268289170247934,False
GRASS,-10.758973358677686,False
BLUR,-10.491925844628101,False
IMX,-10.345515114049585,False
APT,-10.337366142148758,False
NEO,-9.757745176859505,False
kPEPE,-8.668193752066117,False
COMP,-8.631761563636363,False
TIA,-8.594862416528924,False
MINA,-8.241534694214877,False
BABY,-8.202100938842973,False
AIXBT,-7.395485206611571,False
SEI,-7.212716856198347,False
SAND,-6.869825841322314,False
SOL,-6.589119966942149,False
PNUT,-6.528726644628099,False
W,-6.4479710280991736,False
USUAL,-5.75043177520661,False
DOOD,-5.516688188429754,False
KAITO,-5.1382605322314046,False
YGG,-4.594092952066116,False
SPX,-4.483773421487602,False
BNB,-4.299414515702479,False
BIGTIME,-4.240689937190081,False
SYRUP,-4.194064294214875,False
USTC,-4.0625166049586765,False
ADA,-4.0164752033057844,False
INJ,-3.7945257619834702,False
IO,-2.956917004958678,False
MET,-2.8816526776859495,False
XRP,-2.723940099173553,False
MEME,-2.6763081421487596,False
kSHIB,-2.6087178644628097,False
ICP,-2.3295518677685942,False
kBONK,-1.9796818115702473,False
