coin,fundingRate_avg_5d,isNew
HYPER,-349.98538558016526,False
BLAST,-213.4009236495868,False
STABLE,-139.49428995371903,False
CHIP,-136.52329251570245,False
0G,-118.48476060495867,False
APE,-118.00206360991737,False
YZY,-116.61052675041321,False
SKR,-105.1230051867769,False
AXS,-78.57268317024793,False
TRUMP,-77.1564981322314,False
BERA,-45.210281087603306,False
kLUNC,-37.2751654016529,False
COMP,-35.00002978512396,False
kNEIRO,-31.15849540165289,False
REZ,-30.605541758677685,False
TRX,-29.09431940826446,False
2Z,-28.004319847933886,False
AZTEC,-27.310985395041328,False
INJ,-26.089579319008266,False
WLD,-24.942429084297522,False
MINA,-21.513040393388437,False
BANANA,-20.635922588429754,False
TST,-18.821418902479337,False
BIO,-16.676109381818183,False
ALT,-16.234928995041322,False
AVNT,-15.016530277685948,False
POL,-14.773037028099173,False
CAKE,-13.201084710743801,False
STRK,-12.619742152066117,False
MORPHO,-12.238792195041325,False
JTO,-11.956241652892562,False
DYM,-11.902882393388428,False
KAITO,-11.596712429752065,False
MOVE,-11.551193008264462,False
MON,-10.76479260495868,False
EIGEN,-10.301545705785127,False
SUI,-7.85721467107438,False
ZK,-7.638560727272727,False
TIA,-7.194619854545455,False
BLUR,-6.303482429752066,False
BABY,-5.468332264462808,False
PROVE,-4.96267176198347,False
JUP,-4.770353563636362,False
W,-4.160795117355373,False
WLFI,-3.8213740760330563,False
NOT,-3.6069408595041317,False
SOL,-3.5512866247933883,False
FET,-2.7652134545454534,False
SEI,-2.5504501090909093,False
STX,-2.4184246016528927,False
XAI,-2.0029631404958677,False
ADA,-1.716808690909091,False
ENA,-1.675157424793388,False
IMX,-1.40954481322314,False
PURR,-0.793347590082644,False
PNUT,-0.7645648363636365,False
ETC,-0.255326489256198,False
MERL,-0.16765554049586745,False
S,-0.09077749090909078,False
