coin,fundingRate_avg_5d,isNew
MOVE,-53.78484145,False
kBONK,-47.66507917,False
STABLE,-46.70424551404959,False
POLYX,-33.23023612561984,False
0G,-31.29030609,False
kNEIRO,-30.442837428099175,False
SNX,-28.204666839669425,False
TRUMP,-27.949580809999997,False
XAI,-22.443539176859503,False
ALT,-21.81756475,False
IOTA,-20.088321233057847,False
SAND,-18.985528290000005,False
BLUR,-18.566704889256194,False
MINA,-18.048672515702478,False
BIGTIME,-18.009280026446287,False
SUPER,-17.04905371239669,False
ATOM,-15.470973014876034,False
ZETA,-14.147108965289254,False
PENGU,-13.987724747107439,False
STX,-13.397798112396694,False
ANIME,-12.05218681983471,False
ME,-11.70178971570248,False
IO,-11.621713180165289,False
AVNT,-11.453780360330578,False
CELO,-11.298183937190082,False
TRX,-10.77276927272727,False
PROVE,-10.059858753719011,False
OP,-8.635859940495868,False
KAS,-8.340776806611569,False
NXPC,-7.377308460000001,False
S,-6.977756280991735,False
W,-6.7269719,False
RENDER,-5.7081781685950395,False
LIT,-5.077015100826445,False
SUSHI,-3.1303684799999996,False
UMA,-3.060628659999999,False
MEME,-2.1474394314049587,False
TNSR,-2.0815329499999984,False
YGG,-2.0080005024793386,False
SEI,-1.938264386776859,False
HYPER,-1.9378536199999994,False
NEO,-1.7303266016528915,False
CRV,-1.6215845950413217,False
POPCAT,-1.1855389799999994,False
RSR,-0.25624882314049424,False
ADA,-0.04374353057851248,False
WLFI,-5.284958677628858e-05,False
