coin,fundingRate_avg_5d,isNew
HYPER,-350.28700111,False
STABLE,-250.86481608999995,False
BLAST,-173.34399544000001,False
SKR,-171.73986789000006,False
YZY,-138.67288341999998,False
0G,-114.05955737,False
APE,-114.04570561999999,False
CHIP,-111.54978014,True
AXS,-82.03595241000001,False
TRUMP,-73.60345815,False
REZ,-44.92553809,False
BERA,-40.718006429999996,False
kLUNC,-39.50145851,False
COMP,-37.98514193,False
AZTEC,-32.61101698,False
kNEIRO,-32.00200572,False
2Z,-29.892077959999998,False
TRX,-27.404073710000002,False
INJ,-24.86481616,False
WLD,-22.80585335,False
MINA,-21.221992060000005,False
BIO,-19.95405433,False
MORPHO,-17.260777000000004,False
BANANA,-16.2670572,False
TST,-15.6874737,False
CAKE,-15.54696914,False
AVNT,-15.2770385,False
POL,-14.765022339999998,False
BLUR,-14.276582989999998,False
MOVE,-14.0340456,False
ALT,-13.72094714,False
STRK,-13.17440344,False
JTO,-13.09857834,False
EIGEN,-10.798983439999999,False
DYM,-9.739307409999999,False
KAITO,-9.57505595,False
MON,-9.361616360000001,False
ZK,-7.793465399999999,False
SUI,-7.23882746,False
TIA,-7.187475609999998,False
BABY,-6.515927439999999,False
PROVE,-6.257322020000001,False
W,-5.337294990000001,False
JUP,-5.115054519999999,False
SOL,-4.83151011,False
NOT,-4.468248239999999,False
PNUT,-3.9304543199999995,False
WLFI,-3.046996639999999,False
FET,-2.963719699999998,False
STX,-2.2434104499999994,False
SEI,-1.7754278899999998,False
IMX,-1.5695905199999993,False
ADA,-1.3474164799999997,False
ENA,-1.0730007199999996,False
PURR,-0.8912088199999985,False
S,-0.8590231199999997,False
PYTH,-0.43893951000000014,False
PEOPLE,-0.06738118999999969,False
ETH,-0.016888549999999856,False
ETC,-0.010091520000000066,False
