coin,fundingRate_avg_5d,isNew
LAYER,-369.07853482,False
ACE,-154.67750927,False
0G,-73.02830794,False
AXS,-69.56731954,False
STABLE,-64.25095219,False
VVV,-62.94311192999999,False
CHIP,-61.35104398000001,False
S,-51.86473632,False
TRUMP,-48.39185622,False
RESOLV,-47.2679526,False
kLUNC,-41.416406190000004,False
MINA,-41.1836508,False
KAITO,-34.91789362999999,False
PROVE,-34.893802900000004,False
AVNT,-34.748117529999995,False
ANIME,-31.881666679999995,False
2Z,-31.671812850000006,False
BABY,-31.377927990000003,False
GAS,-27.81699529,False
BIO,-27.055622810000006,False
USUAL,-25.45500729,False
ADA,-24.79364554,False
ATOM,-24.568761740000003,False
YGG,-21.065499770000002,False
RSR,-19.559395889999998,False
MEME,-18.53034409,False
BLUR,-17.2805673,False
BIGTIME,-16.28286608,False
HYPER,-15.984410690000002,False
kSHIB,-15.61421966,False
BERA,-14.128857999999997,False
SUSHI,-11.744761220000001,False
ZORA,-10.69442043,False
DOT,-9.200503899999998,False
SNX,-8.399388029999999,False
INIT,-8.211768539999998,False
MORPHO,-7.627078689999999,False
INJ,-7.443815109999999,False
TRX,-6.7124551199999996,False
ARK,-6.5670259799999995,False
ARB,-6.226395569999998,False
AVAX,-6.16042036,False
FIL,-3.89426895,False
SOL,-3.5079770399999997,False
TIA,-3.25485319,False
SUPER,-3.0593621099999995,False
OP,-2.9907275099999997,False
RUNE,-2.660977749999998,False
VIRTUAL,-2.45815163,False
STX,-2.0064882199999996,False
CRV,-1.5381640200000002,False
DOGE,-1.5241596999999998,False
SUI,-1.4407863999999997,False
MET,-0.7219663499999993,False
