coin,fundingRate_avg_5d,isNew
XAI,-403.57445779,False
TURBO,-225.89606691,False
RESOLV,-192.6359697,False
BLAST,-142.85271815000002,False
TRUMP,-137.67763938000002,False
DOOD,-135.49138866,False
WIF,-85.95012554,False
DYM,-84.86356361,False
VVV,-81.45446142,False
POLYX,-70.15347596,False
COMP,-65.23293432000001,False
NEO,-63.49920768000002,False
SOPH,-56.14525922,False
ACE,-53.52520162000001,False
MOODENG,-51.321373959999995,False
DOT,-46.082752340000006,False
GRASS,-40.66600706999999,False
UMA,-37.183622369999995,False
ZORA,-34.84266202,False
POL,-31.74216295,False
ZETA,-31.598644219999997,False
YGG,-30.473045539999998,False
MEME,-27.853571940000002,False
ALT,-27.743346319999997,False
ZRO,-26.98874386,False
kLUNC,-24.19709976,False
GAS,-24.112174479999997,False
BLUR,-21.156298629999995,False
ANIME,-21.117345099999998,False
FTT,-21.006252970000002,False
ARK,-20.340771829999998,False
STRK,-20.083876070000002,False
BANANA,-19.447773050000002,False
LAYER,-18.699956670000002,False
FIL,-18.524084339999998,False
JTO,-18.43500828,False
SEI,-17.851162310000003,False
HYPER,-15.876709409999998,False
APT,-15.819980379999999,False
kPEPE,-15.523295239999998,False
ATOM,-15.52237982,False
kSHIB,-14.95744888,False
TAO,-13.296963869999999,False
SCR,-12.75361976,False
REZ,-12.705194480000001,False
kNEIRO,-12.4601729,False
HBAR,-12.4507997,False
MORPHO,-11.19825256,False
S,-10.879490760000001,False
MERL,-10.693176509999999,False
EIGEN,-10.31103538,False
SUI,-9.873061660000001,False
KAITO,-9.65716197,False
OP,-9.4357026,False
W,-8.90049726,False
BIGTIME,-8.476587720000001,False
SOL,-8.405661649999997,False
MELANIA,-8.104240999999998,False
PYTH,-6.86834005,False
kBONK,-6.770852199999999,False
BRETT,-6.685426869999999,False
BABY,-6.622217629999999,False
MEW,-6.369178459999999,False
RENDER,-6.35322504,False
TIA,-6.24868174,False
CRV,-5.963836469999999,False
MANTA,-5.74642641,False
INIT,-5.208492329999999,False
STX,-5.1478242199999995,False
BCH,-4.72714347,False
ZEN,-4.565189319999999,False
KAS,-4.183613209999998,False
BTC,-3.8347002199999998,False
SNX,-3.4237226299999994,False
BSV,-2.8708797600000007,False
IP,-2.6390770199999993,False
LTC,-2.57635761,False
XRP,-2.2338781099999996,False
PNUT,-2.0079292399999997,False
HYPE,-1.9936730699999994,False
SAND,-1.66360065,False
ARB,-1.5273716999999998,False
IMX,-1.5084559399999997,False
APE,-1.1286033599999994,False
kFLOKI,-0.9984355999999996,False
USUAL,-0.9275044199999981,False
CELO,-0.13332792999999926,False
