coin,fundingRate_avg_5d,isNew
kBONK,-155.75362125,False
STABLE,-82.63174283305786,False
MOVE,-44.054371576859495,False
0G,-43.61803655,False
XAI,-36.42668193719008,False
SUPER,-35.57666221487603,False
POLYX,-35.47834098842975,False
ZETA,-30.79234188099173,False
MINA,-30.637631593388427,False
kNEIRO,-30.3480752231405,False
TRX,-28.236271616528924,False
W,-21.76271036,False
TRUMP,-20.66601457,False
IO,-19.246139900826446,False
ATOM,-18.250716485950413,False
TRB,-16.191884719999997,False
ALT,-15.046149213223142,False
ME,-13.847803656198348,False
BLUR,-13.260722935537189,False
BIGTIME,-12.949729180165289,False
MEME,-12.733775633057851,False
STRK,-12.141135570247934,False
RENDER,-11.773101183471075,False
OP,-11.319530102479339,False
WCT,-10.985783514049587,False
HYPER,-10.044526979999999,False
BSV,-9.869727659504132,False
BCH,-9.442209976859505,False
KAS,-9.222391170247933,False
PENGU,-8.4877392,False
CELO,-8.43857098512397,False
PROVE,-7.87309416198347,False
LIT,-7.41488534876033,False
S,-7.159066561983471,False
MET,-6.984402297520658,False
SNX,-6.961557520661156,False
MOODENG,-6.9130669388429755,False
ANIME,-6.668471087603303,False
SEI,-6.499061375206611,False
SAND,-6.407958823140494,False
POPCAT,-5.936825028099175,False
MORPHO,-5.781495024793389,False
VIRTUAL,-5.502706938842976,False
STX,-5.344168314049584,False
CRV,-3.227135494214875,False
BIO,-2.874997249586776,False
AVNT,-2.6867933553719006,False
SUSHI,-2.680713480991735,False
ICP,-2.2542173157024794,False
SPX,-2.229048604958677,False
SOPH,-2.0852108528925615,False
YGG,-1.8655650743801642,False
NOT,-1.4800917719008246,False
ADA,-0.13394546776859503,False
