coin,fundingRate_avg_5d,isNew
POLYX,-662.97460886281,False
REZ,-573.2906642280991,False
SUPER,-437.7869857586777,False
GAS,-264.9072375471074,False
ZETA,-222.71887556033053,False
BERA,-184.59773668760332,False
FTT,-171.75331139504132,False
ALT,-125.65702436033058,False
2Z,-117.63301856528925,False
JTO,-99.11162821487602,False
BLAST,-98.52654129917354,False
ME,-91.42497581157025,False
TURBO,-85.8728494413223,False
NIL,-77.84427541487605,False
SOPH,-65.1149246677686,False
BSV,-54.944166485950426,False
AVNT,-53.05005611900827,False
STABLE,-51.09467570578512,False
BLUR,-47.35869642644628,False
0G,-46.74955498512396,False
AXS,-46.16951701487603,False
MOVE,-45.53128006611569,False
IO,-45.439192919008256,False
TRUMP,-43.509866628099175,False
MOODENG,-41.96072795702479,False
XAI,-37.81911361983471,False
LAYER,-37.638073378512395,False
APT,-36.19001497190083,False
ZORA,-35.688932112396685,False
CELO,-33.88572520661157,False
EIGEN,-31.54131174545455,False
MEW,-31.164191573553715,False
BANANA,-30.943562647933884,False
kNEIRO,-30.414397110743796,False
MERL,-29.4773037123967,False
DYM,-28.666541097520664,False
STRK,-28.43727090247934,False
PROVE,-25.975403216528928,False
AERO,-23.287654224793393,False
S,-22.644746241322316,False
HYPER,-21.898822105785122,False
W,-21.79052244297521,False
kLUNC,-20.980490310743804,False
KAS,-20.637172155371903,False
IMX,-19.441663100826446,False
AIXBT,-17.884719342148763,False
SEI,-17.136081778512395,False
FET,-16.68973371570248,False
OP,-15.542048469421491,False
MINA,-14.59710726942149,False
kFLOKI,-14.468421421487603,False
ANIME,-13.43908956694215,False
DOT,-12.546339867768593,False
MEME,-12.189837550413221,False
kBONK,-10.723793633057852,False
ACE,-10.484777395041325,False
ENA,-10.341518816528927,False
HEMI,-8.012328932231402,False
INIT,-7.263650102479339,False
TIA,-6.66559187107438,False
DOOD,-6.640855368595042,False
ALGO,-6.147456694214875,False
BABY,-6.114530677685949,False
kSHIB,-6.01017880661157,False
NEO,-5.458526856198345,False
PENGU,-5.264544257851239,False
BTC,-4.5790235801652885,False
XRP,-4.428189411570248,False
POL,-4.0083769090909085,False
SOL,-3.8039793223140492,False
VIRTUAL,-3.4547963107438013,False
SNX,-3.35930145123967,False
DASH,-2.755254565289256,False
STX,-2.7094137024793383,False
SCR,-2.621308373553718,False
VVV,-2.5610772198347105,False
USUAL,-2.4135059702479342,False
HBAR,-0.5219106644628095,False
UMA,-0.5044579933884291,False
RSR,-0.45555909421487467,False
