coin,fundingRate_avg_5d,isNew
kBONK,-81.20748928000002,False
STABLE,-59.4719389983471,False
MOVE,-54.71475560000001,False
0G,-38.69487202,False
POLYX,-36.50213015206611,False
kNEIRO,-31.054190588429744,False
SNX,-28.2791796892562,False
TRUMP,-27.77009133,False
XAI,-25.741339636363634,False
MINA,-25.69758741818182,False
SUPER,-25.51752742809917,False
ALT,-20.45877852,False
BIGTIME,-18.274062971900833,False
SAND,-18.13948676,False
ATOM,-17.350344138842974,False
BLUR,-17.049370085950414,False
ZETA,-16.409804657851243,False
ME,-15.403915576859502,False
PENGU,-14.97361930909091,False
IO,-14.656626039669423,False
CELO,-13.124462221487603,False
TRX,-12.777023246280994,False
STX,-12.763679087603306,False
AVNT,-11.141930876033056,False
ANIME,-10.101617166942148,False
OP,-9.625731976859505,False
PROVE,-8.88400105785124,False
S,-8.161825209917355,False
KAS,-7.871316099173553,False
MEME,-7.565432102479339,False
W,-6.909766820000001,False
RENDER,-6.399402257851238,False
LIT,-6.118812218181817,False
NXPC,-5.295472559999999,False
HYPER,-4.55128574,False
CRV,-4.417788902479339,False
WCT,-3.9742346099999986,False
POPCAT,-3.60254051,False
TRB,-3.5528632799999995,False
SEI,-3.5339367570247933,False
BCH,-3.1156901950413216,False
STRK,-2.8215532859504124,False
SUSHI,-2.8030174999999993,False
TNSR,-2.0998055799999977,False
YGG,-1.7667052165289252,False
IOTA,-1.012865226446279,False
NEO,-0.6578224264462805,False
WLFI,-0.25072929917355347,False
MORPHO,-0.06683879999999914,False
MOODENG,-0.03780917355371852,False
