coin,fundingRate_avg_5d,isNew
POLYX,-547.7946776399999,False
ZETA,-322.17364041999997,False
ANIME,-279.11880325,False
STABLE,-233.87978272,False
BANANA,-220.56898754000005,False
BLAST,-194.22521912,False
XAI,-178.49891672,False
TURBO,-154.79867978,False
0G,-120.36004939999998,False
REZ,-108.76139768,False
AXS,-87.51136486,False
IP,-77.41392893999999,False
NXPC,-71.56288038999999,False
ZORA,-62.96721288,False
RESOLV,-54.06459716,False
2Z,-47.58574934,False
TRUMP,-46.33690622,False
HYPER,-44.877434740000005,False
JTO,-40.16080765,False
IMX,-39.580890540000006,False
STRK,-39.405943119999996,False
LAYER,-38.185049510000006,False
BSV,-35.06814369,False
POL,-32.12287473999999,False
SOPH,-29.197718749999996,False
kFLOKI,-26.82964912,False
FTT,-26.078434590000008,False
kNEIRO,-24.34341804,False
kLUNC,-23.63248053,False
MEME,-23.20219225,False
AERO,-22.85878492,False
ME,-21.8873126,False
ALT,-21.37765507,False
S,-21.33279657,False
MON,-20.314617390000002,False
MEW,-19.54090426,False
INIT,-18.90216521,False
USTC,-18.57331043,False
kPEPE,-18.217508430000002,False
PYTH,-17.966357770000002,False
MOVE,-17.49132268,False
EIGEN,-17.30312284,False
MANTA,-16.969506999999997,False
OP,-16.656830479999996,False
MINA,-14.914903020000002,False
APT,-14.62286579,False
SKY,-13.09817976,False
FET,-13.03367331,False
ADA,-12.93918576,False
W,-12.30958485,False
KAITO,-12.250787,False
GRASS,-12.000448829999998,False
SAND,-11.882504189999999,False
BABY,-11.275090170000002,False
SPX,-9.74098057,False
MORPHO,-9.48377383,False
BIGTIME,-9.4763052,False
SOL,-9.148147569999999,False
YGG,-8.396862959999998,False
DYM,-8.33581233,False
SEI,-7.3770697499999995,False
PNUT,-7.32880653,False
ZRO,-7.276146519999999,False
USUAL,-7.232423899999999,False
MET,-7.166512199999999,False
COMP,-6.910190219999999,False
BLUR,-6.75118965,False
XRP,-6.68268426,False
AIXBT,-6.38206296,False
BNB,-6.25289822,False
kSHIB,-5.1884530999999985,False
kBONK,-4.73550124,False
ENA,-4.20993628,False
TIA,-4.07009018,False
ETC,-3.7754424699999998,False
NEO,-3.42566662,False
SCR,-3.2528938699999994,False
INJ,-3.2141242999999995,False
DOT,-3.03601014,False
BRETT,-3.0008591799999995,False
SUI,-1.9470479699999999,False
LIT,-0.9527916199999991,False
DOGE,-0.78320094,False
TON,-0.7695127099999997,False
SYRUP,-0.7097308199999988,False
IO,-0.5816559699999996,False
ARB,-0.42244662,False
VIRTUAL,-0.3547632099999991,False
BERA,-0.20300934999999848,False
CELO,-0.14827029999999855,False
