coin,fundingRate_avg_5d,isNew
OM,-942.0099434,False
IP,-308.71251707000005,False
PROVE,-299.15770693999997,False
BLAST,-263.46814491000003,False
DOOD,-248.99980405999997,False
REZ,-191.94170538999998,False
ZORA,-172.32965971000002,False
YZY,-153.07802452,False
MOODENG,-147.34246416000002,False
GRASS,-142.64193283999998,False
ME,-125.10771462999999,False
APT,-122.26405876,False
0G,-100.33655454999999,False
BERA,-99.84609894,False
VVV,-93.25658823,False
ZETA,-91.34463355000001,False
MERL,-78.88207282000002,False
ATOM,-76.08069927999999,False
IO,-73.10863568,False
AVNT,-65.32898114999999,False
BIO,-64.22628695,False
UMA,-58.08821845999999,False
VINE,-55.79044345000001,False
SKY,-46.14408037,False
PENGU,-45.57996995,False
INIT,-45.24613073,False
KAITO,-43.94187258,False
BABY,-43.906523789999994,False
LAYER,-38.382342230000006,False
IOTA,-38.04118622,False
ENA,-35.80105493,False
SYRUP,-33.820396299999985,False
HYPER,-32.67510076,False
TRUMP,-32.22825827,False
SAGA,-31.219855979999995,False
RESOLV,-30.35261598,False
DOGE,-29.32185744,False
MORPHO,-28.86617976,False
MEW,-26.93788987,False
STX,-25.420804599999997,False
TURBO,-24.182439170000002,False
S,-23.42747828,False
USUAL,-22.918982180000004,False
AVAX,-22.59112969,False
STRK,-21.469294159999997,False
ANIME,-20.977653760000006,False
kFLOKI,-20.39054104,False
DYM,-20.21299774,False
2Z,-19.50882952,False
kPEPE,-19.08456739,False
W,-17.49244396,False
CELO,-14.371611470000003,False
WCT,-14.226870719999997,False
NXPC,-13.766959040000001,False
SOL,-13.657188210000001,False
WLFI,-12.81982565,False
NOT,-12.457388679999998,False
AR,-11.696589979999999,False
ONDO,-10.324200200000002,False
SAND,-8.46501868,False
MOVE,-8.08508434,False
OP,-7.16372871,False
MELANIA,-7.013166939999997,False
GOAT,-7.0108769299999985,False
PURR,-6.361941970000009,False
SOPH,-5.9139278299999996,False
PNUT,-5.74235009,False
ZK,-2.652747,False
CFX,-2.6078549200000003,False
VIRTUAL,-2.266317849999999,False
GMX,-2.1057397499999992,False
INJ,-2.01498907,False
MAVIA,-1.8561293900000002,False
AIXBT,-1.3181631899999993,False
SUI,-0.8388554100000002,False
PROMPT,-0.6261093199999999,False
BCH,-0.44740677999999995,False
HYPE,-0.017560879999999925,False
