coin,fundingRate_avg_5d,isNew
VVV,-95.89798963636363,False
STABLE,-72.4883592892562,False
TRUMP,-59.61498690247934,False
CHIP,-52.013325322314046,False
kNEIRO,-39.332210929999995,False
0G,-34.8901077123967,False
BLUR,-30.329170274380168,False
IO,-29.812199169999996,False
LAYER,-29.53871782809917,False
ADA,-28.269801421487607,False
HYPER,-27.208845242975205,False
KAITO,-24.63751665123967,False
ME,-23.736236160000004,False
XAI,-22.7542387,False
ANIME,-22.411008446280988,False
GAS,-22.17674287933884,False
MINA,-22.129181871074383,False
TRX,-21.78757155371901,False
ATOM,-19.422637973553716,False
kSHIB,-19.175076029752063,False
BABY,-18.960294585123968,False
AXS,-16.855414998347108,False
BRETT,-15.205131309999999,False
MOVE,-14.632720789999995,False
kLUNC,-14.609379957024794,False
DOT,-12.171199745454546,False
USUAL,-11.545223900826443,False
IP,-11.434280310743802,False
AVAX,-11.424220790082646,False
EIGEN,-9.795234900000002,False
ICP,-9.391785679338842,False
INIT,-8.176147447933884,False
OP,-7.572088254545455,False
UMA,-7.270940159999999,False
BCH,-6.31111159338843,False
ARK,-6.227202376859505,False
AVNT,-6.168403953719006,False
SUSHI,-6.068641309090909,False
STRK,-5.584652569999999,False
POLYX,-4.550842442975205,False
REZ,-4.463890139999999,False
IOTA,-4.093273519999999,False
XLM,-3.978732139999999,False
SAGA,-2.92105193,False
ARB,-2.5160949818181817,False
APT,-2.411914690909091,False
YGG,-2.3852147900826433,False
AIXBT,-2.1768322600000003,False
MORPHO,-2.0993195206611577,False
ALT,-1.7708916699999995,False
S,-1.5734646842975193,False
ZORA,-1.3487518611570237,False
RESOLV,-1.2075435570247912,False
BERA,-0.8002527867768576,False
MEME,-0.6177262413223128,False
MON,-0.5594519702479335,False
SEI,-0.5315292892561978,False
PENGU,-0.024290019999999527,False
