coin,fundingRate_avg_5d,isNew
POLYX,-665.5862775200001,False
TST,-203.77863859999997,False
REZ,-126.49784633,False
IP,-108.37338516000001,False
kLUNC,-107.58794385000002,False
BLAST,-101.8090412,False
GAS,-98.29390797,False
MANTA,-59.21932426,False
USTC,-53.441176430000006,False
ANIME,-44.795266670000004,False
DYM,-35.46580899999999,False
VVV,-30.891372769999993,False
kNEIRO,-28.824164609999986,False
USUAL,-27.986809349999998,False
CELO,-24.756857189999998,False
IMX,-23.527767870000005,False
XAI,-22.908386960000005,False
TURBO,-22.261917210000004,False
SUPER,-21.798400060000002,False
UMA,-20.31510868,False
MERL,-18.527088290000002,False
TNSR,-17.988636640000003,False
LAYER,-16.48732667,False
NEO,-15.530736130000001,False
TRUMP,-14.185662950000005,False
MOODENG,-13.898175080000007,False
MEME,-13.212305769999999,False
ZETA,-12.64955753,False
MELANIA,-12.39125287,False
FET,-10.677662549999999,False
XLM,-10.629778929999999,False
MINA,-9.478574770000002,False
ACE,-9.37119688,False
ATOM,-8.666289169999997,False
WIF,-7.2900201699999965,False
CFX,-6.807224449999996,False
OM,-6.710104520000003,False
SCR,-6.4739071799999985,False
ETC,-5.723801519999999,False
SAGA,-5.635106519999999,False
BSV,-4.689603220000001,False
BLUR,-3.59423238,False
EIGEN,-3.0526672799999974,False
FTT,-2.5590916499999974,False
ZRO,-2.1543818399999988,False
ALT,-2.1130193099999977,False
kFLOKI,-1.7500457899999988,False
SUSHI,-1.4510699099999989,False
PYTH,-1.2075645399999992,False
DOT,-0.7245768299999998,False
OP,-0.29234747999999966,False
IO,-0.249874619999999,False
