coin,fundingRate_avg_5d,isNew
ZORA,-215.58957562314052,False
IO,-118.35182941487606,False
ALT,-92.21126182809918,False
ME,-37.73659297190082,False
TRUMP,-35.61589181157024,False
TRX,-34.59306697190083,False
BCH,-33.75137431735537,False
kLUNC,-32.29399700826446,False
0G,-31.735087289256203,False
COMP,-30.271742320661158,False
JUP,-27.39160924958678,False
POLYX,-24.439516760330577,False
2Z,-23.163052274380167,False
BSV,-22.1408399107438,False
CHIP,-21.207341008264468,False
OP,-18.952663249586777,False
MOVE,-17.7246886214876,False
HYPER,-17.669498449586776,False
XLM,-16.68218998016529,False
S,-16.620511616528926,False
HEMI,-16.25408805619835,False
ETC,-15.489784571900824,False
JTO,-14.074497976859504,False
APT,-13.567099953719008,False
MON,-12.812163877685954,False
BABY,-12.615860241322313,False
STRK,-12.317420796694217,False
ATOM,-10.934755428099175,False
STABLE,-10.85555054876033,False
STX,-10.280933642975208,False
SNX,-10.103454595041322,False
kNEIRO,-8.392895186776858,False
ADA,-7.843371699173552,False
ONDO,-7.455845950413222,False
AXS,-6.948380598347105,False
SUSHI,-6.653051315702478,False
DASH,-6.404092115702478,False
MINA,-6.112544836363636,False
PROVE,-5.945072459504131,False
INJ,-5.338202102479337,False
AIXBT,-4.157105057851238,False
SEI,-3.080739242975206,False
ZK,-2.914208023140495,False
XRP,-2.271171173553719,False
PENGU,-2.1852471570247927,False
SAND,-1.8302115966942145,False
VIRTUAL,-1.74416016198347,False
GMT,-1.7350722049586773,False
ZETA,-1.7123418148760319,False
NXPC,-1.2253857223140496,False
DOT,-0.4694266809917353,False
MEME,-0.31401124958677634,False
BLUR,-0.24466100826446274,False
