coin,fundingRate_avg_5d,isNew
AXS,-1039.55389244,False
YZY,-227.76554726999998,False
GAS,-198.39862838999997,False
0G,-176.00398841999998,False
RESOLV,-149.33110899,False
ZETA,-134.80953143,False
JTO,-103.78952171,False
FOGO,-73.70776128,False
SKR,-72.02986139,False
2Z,-61.581875090000004,False
POLYX,-56.653522450000004,False
ZORA,-53.458285440000004,False
MANTA,-51.762502739999995,False
INIT,-33.47965274,False
DYM,-32.779018449999995,False
MERL,-32.32789889,False
FET,-31.721052079999996,False
XAI,-28.682119750000002,False
DOT,-28.168702720000002,False
BANANA,-26.72319614,False
ATOM,-24.412647590000002,False
DASH,-24.178814720000002,False
CC,-22.6096622,False
APT,-20.91088723,False
EIGEN,-20.78698798,False
kFLOKI,-20.1873543,False
POPCAT,-19.998118589999997,False
STRK,-17.59262916,False
TRX,-16.75959769,False
SEI,-14.342347959999998,False
IMX,-14.1875719,False
YGG,-14.156486310000004,False
OP,-13.98064099,False
AVAX,-11.5673318,False
HEMI,-11.544795970000003,False
RSR,-11.30726419,False
MEME,-11.1341425,False
SOPH,-10.95266669,False
GMT,-10.377643500000003,False
NEO,-9.815133969999998,False
ENS,-8.541339449999999,False
SKY,-8.23157417,False
DOGE,-7.956232039999999,False
BSV,-7.916880659999999,False
PYTH,-7.6311353,False
WLD,-7.334672809999999,False
STABLE,-7.080050269999999,False
CAKE,-6.153519669999999,False
BLUR,-4.8118453699999995,False
SUSHI,-4.592856319999998,False
PROVE,-4.31543734,False
ADA,-4.23808435,False
FIL,-3.81998123,False
MINA,-3.3332938799999994,False
MON,-2.9343364700000003,False
W,-2.62430109,False
AAVE,-2.24620854,False
ETC,-1.9623998700000003,False
LINEA,-1.850863899999999,False
kBONK,-1.60950254,False
SAGA,-1.1148501599999996,False
kLUNC,-0.8820626499999995,False
TIA,-0.5339504699999998,False
WLFI,-0.20265018999999984,False
KAS,-0.12286191999999922,False
JUP,-0.01593224999999927,False
