coin,fundingRate_avg_5d,isNew
MOVE,-370.80762961000005,False
BERA,-326.9588612300001,False
IP,-307.64669882,False
AVNT,-290.38211852,False
BLUR,-267.59928572,False
KAITO,-206.99546244,False
ANIME,-195.26306742,False
XAI,-163.31478313,False
BLAST,-136.90282760000002,False
ME,-128.21576774,False
VVV,-127.23955334000003,False
GMT,-123.40998575000002,False
HYPER,-72.93171142000003,False
LAYER,-59.41855950999999,False
POLYX,-57.43373185000001,False
0G,-44.733523999999996,False
IO,-44.567291319999995,False
REZ,-40.988678019999995,False
ZORA,-37.35105736,False
FTT,-25.60803062,False
MEME,-24.852798170000003,False
BSV,-21.78578566,False
kLUNC,-19.825885309999997,False
ZEC,-19.32877575,False
USUAL,-18.12775639,False
ACE,-17.33684738,False
ATOM,-12.59919921,False
MELANIA,-10.526361289999999,False
TRUMP,-10.32752389,False
IMX,-9.399640599999998,False
WCT,-9.192838169999998,False
WLFI,-9.08721739,False
ZEREBRO,-7.298942230000003,False
TNSR,-7.000708759999999,False
ZETA,-6.4108381,False
MEW,-5.320948829999999,False
FIL,-5.23370872,False
SCR,-4.6048618999999995,False
FOGO,-4.061358649999999,False
TURBO,-3.6778728599999995,False
AR,-3.5887267199999977,False
ADA,-3.1704119,False
APT,-2.8158947,False
NEO,-2.7844097999999993,False
BCH,-2.7528701500000006,False
GMX,-2.6166222199999996,False
TRX,-2.5431455299999994,False
USTC,-2.272148359999999,False
STX,-2.1252424299999997,False
2Z,-1.6998670499999995,False
NOT,-1.441060879999999,False
SOPH,-0.5966676899999991,False
SAND,-0.5792593799999995,False
