coin,fundingRate_avg_5d,isNew
BERA,-1148.5407141199998,False
RESOLV,-611.8308638299999,False
ME,-578.1735378499999,False
MEME,-312.80895514,False
AVNT,-253.54685361,False
MOODENG,-184.11955683,False
IP,-164.4612401,False
KAITO,-151.9193218,False
LAYER,-92.29570747999999,False
0G,-71.69355988,False
XAI,-67.42858160000002,False
MOVE,-60.95720533,False
IO,-60.682962579999995,False
FOGO,-56.18930304000001,False
ZORA,-48.89908869,False
ANIME,-48.58694945,False
DYM,-48.09763264,False
BLUR,-47.578393129999995,False
WLFI,-45.350110470000004,False
REZ,-43.185304959999996,False
EIGEN,-42.02357128,False
MANTA,-38.00392045,False
ACE,-36.986449369999995,False
BLAST,-33.71908470999999,False
TURBO,-32.483642929999995,False
SUPER,-28.91955882,False
BSV,-28.345635009999995,False
FET,-27.28477419,False
GMT,-25.979080860000003,False
kLUNC,-25.41001739,False
ZEC,-24.01492315,False
BABY,-23.415660310000003,False
SKY,-22.395216670000003,False
STABLE,-22.20598461,False
TRUMP,-22.204921729999995,False
AERO,-22.014177110000002,False
TNSR,-21.305521579999997,False
WCT,-20.985308540000002,False
POLYX,-20.34952453,False
IMX,-19.434741819999996,False
STRK,-18.58256683,False
APT,-18.09627149,False
POPCAT,-17.487615010000003,False
SAND,-16.966675329999998,False
ATOM,-15.591506439999998,False
GOAT,-15.357136290000003,False
FIL,-14.76343021,False
kFLOKI,-14.21101731,False
ZRO,-12.69073318,False
AIXBT,-12.40561197,False
ETC,-10.69401163,False
NOT,-10.555982499999999,False
BRETT,-10.424902970000003,False
NIL,-10.408389639999998,False
RSR,-9.896374210000001,False
AVAX,-9.64542138,False
BCH,-9.290279300000002,False
kBONK,-8.73530118,False
PNUT,-7.89437768,False
SEI,-7.57066283,False
PENGU,-7.5082843299999995,False
SPX,-7.298889669999999,False
ADA,-7.22646345,False
DOOD,-7.1440778400000005,False
LINEA,-6.890673669999998,False
RENDER,-6.48874954,False
XLM,-6.273438959999999,False
JTO,-6.23258086,False
PURR,-6.2219097199999975,False
SOPH,-5.886196589999998,False
POL,-5.396217669999999,False
MEW,-4.987340290000001,False
2Z,-4.25732423,False
ENA,-3.7263623799999994,False
PYTH,-3.701884019999999,False
TRX,-3.1004961499999992,False
SNX,-3.0908564999999997,False
PROVE,-2.8118585299999994,False
SYRUP,-2.7600971499999982,False
ZETA,-2.4152531799999997,False
YZY,-1.9332852799999989,False
GMX,-0.2754297299999989,False
PAXG,-0.17448167999999914,False
DOT,-0.1097080500000001,False
CRV,-0.07605650999999992,False
