coin,fundingRate_avg_5d,isNew
BABY,-529.1221245123968,False
TRX,-72.77435808595041,False
BSV,-62.9440026446281,False
ZORA,-57.23833374545455,False
STABLE,-56.50714885289256,False
kLUNC,-50.75579401983471,False
MEME,-37.586626839669414,False
SEI,-32.468683715702475,False
TRUMP,-30.241615884297513,False
JTO,-27.868606452892564,False
SNX,-27.719847173553713,False
ALT,-25.758312317355376,False
BIO,-25.610421074380167,False
AVNT,-21.60763536198347,False
S,-19.920730125619833,False
ZK,-18.66462503801653,False
AIXBT,-16.20849696198347,False
STRK,-13.665877279338842,False
IO,-13.62311038016529,False
STX,-13.451402072727275,False
ME,-12.670359024793388,False
GMT,-11.684999474380163,False
UMA,-11.126455358677685,False
ETC,-10.485434757024793,False
SUSHI,-10.06468761322314,False
ATOM,-8.981130634710745,False
ADA,-8.864565441322313,False
POLYX,-7.996322023140496,False
BCH,-7.756652766942147,False
MOODENG,-7.33637185785124,False
kNEIRO,-7.319174747107438,False
XLM,-7.295081127272725,False
MORPHO,-7.0306420661157,False
APT,-6.9458423702479335,False
DASH,-6.726916214876032,False
VIRTUAL,-6.605824780165289,False
NIL,-5.555615166942147,False
HYPER,-5.549148694214877,False
XRP,-5.2635336,False
IP,-5.112132565289255,False
OP,-5.10587387107438,False
DOT,-4.763990618181818,False
MON,-4.556866571900825,False
CHIP,-4.510188079338843,False
PENGU,-4.426270899173553,False
2Z,-4.309882353719008,False
MERL,-4.103952128925619,False
MEGA,-3.917905656198346,False
SOL,-3.872577361983471,False
TON,-3.744218023140494,False
CAKE,-3.059702211570247,False
0G,-2.98245349090909,False
COMP,-2.6760880561983473,False
AERO,-2.478041107438015,False
W,-1.9338510842975196,False
kFLOKI,-1.5235529553719007,False
YGG,-1.3039766776859503,False
PUMP,-1.0955386314049573,False
ZEC,-0.6959486975206596,False
TIA,-0.6207582148760326,False
SAGA,-0.5151372297520647,False
