coin,fundingRate_avg_5d,isNew
BLUR,-424.8217021487603,False
TNSR,-206.83917759669419,False
BLAST,-198.20115444297522,False
REZ,-196.31896201983474,False
SUPER,-178.94429114380165,False
ALT,-122.48687881983473,False
TRUMP,-108.65291523966941,False
POL,-72.58731181487605,False
AXS,-72.57101893884298,False
DYM,-71.8564404,False
MINA,-67.37353573884297,False
STABLE,-56.85493243636363,False
SOPH,-56.85227330578513,False
BERA,-52.10982721983471,False
TURBO,-44.43988976528925,False
JTO,-43.59568494545455,False
0G,-38.60467639338843,False
COMP,-37.03598844297521,False
DASH,-36.216191444628095,False
APT,-35.2286440661157,False
GAS,-34.55854243636364,False
W,-32.70090914380165,False
IMX,-32.54679757685951,False
EIGEN,-31.597034033057852,False
NEO,-27.44638676033058,False
WLFI,-26.586568145454542,False
MOVE,-24.088522383471076,False
ZEC,-23.965147557024796,False
STRK,-21.94211170909091,False
BSV,-19.33996022479339,False
2Z,-18.512413884297523,False
OP,-17.697680310743802,False
HYPER,-17.068541454545457,False
ICP,-16.8089232892562,False
ARK,-16.320636545454544,False
SEI,-15.859024363636363,False
ANIME,-15.338946783471076,False
POLYX,-14.332809381818183,False
ZETA,-13.487987742148759,False
BANANA,-13.001469649586776,False
GMT,-11.810907461157026,False
STX,-11.749488277685948,False
MERL,-11.20591362644628,False
AIXBT,-10.493498300826445,False
FTT,-10.03235524958678,False
kLUNC,-9.747219421487603,False
HBAR,-9.44215423140496,False
TIA,-8.448848419834711,False
MOODENG,-8.069061153719012,False
S,-7.6252064330578495,False
USTC,-7.607461279338842,False
DOT,-7.47094572892562,False
APE,-7.459393388429752,False
RESOLV,-7.157226961983469,False
SAND,-7.130991847933885,False
XAI,-6.948680320661156,False
ARB,-6.8775317454545455,False
IO,-6.69459109090909,False
JUP,-6.303782876033058,False
PROVE,-5.88765319338843,False
kNEIRO,-5.674794604958677,False
IOTA,-5.239588393388429,False
KAITO,-4.812971325619834,False
IP,-4.704134479338843,False
BABY,-4.655612042975207,False
KAS,-4.591762502479339,False
ADA,-3.8448537719008264,False
INJ,-3.1660326842975204,False
USUAL,-2.8061125190082628,False
TST,-0.060293414876032306,False
