coin,fundingRate_avg_5d,isNew
POLYX,-221.70253312066114,False
CHIP,-157.72680229090906,False
STABLE,-131.32562615206615,False
kLUNC,-43.73818408264463,False
SAGA,-39.021210773553726,False
WLD,-30.080260304132235,False
BSV,-27.536422185123964,False
APE,-22.224607229752067,False
COMP,-21.199445424793385,False
0G,-20.223223785123967,False
INJ,-19.049684231404964,False
SKY,-18.71533819834711,False
BIO,-17.24458487603306,False
TRUMP,-15.794675285950417,False
W,-14.19705110082645,False
EIGEN,-13.970060677685952,False
APT,-12.688114314049587,False
AXS,-12.390707970247934,False
BLUR,-11.438249821487602,False
POL,-11.028389692561985,False
ATOM,-10.082770859504132,False
ICP,-9.553926763636364,False
TURBO,-8.32772730247934,False
MON,-8.098703256198343,False
NOT,-7.664443269421488,False
JTO,-7.461432803305784,False
BCH,-7.26595883305785,False
BLAST,-7.113692657851236,False
PENGU,-7.111179044628098,False
MOVE,-6.4677440132231405,False
ALT,-5.968603557024793,False
MINA,-5.892545038016529,False
INIT,-5.5343406743801635,False
SAND,-4.737629533884298,False
kSHIB,-3.892753596694215,False
GALA,-3.204287821487603,False
CAKE,-2.6430013190082637,False
MEGA,-2.2036163702479343,False
SEI,-2.0466711966942146,False
DASH,-1.4955216793388413,False
PYTH,-1.4563405884297518,False
KAITO,-1.1419094380165271,False
2Z,-1.0902015471074376,False
BABY,-0.761249791735537,False
ADA,-0.6650946743801653,False
BANANA,-0.6611555702479315,False
SUI,-0.5908989223140495,False
SOL,-0.40249304132231406,False
BERA,-0.09856447933884263,False
