coin,fundingRate_avg_5d,isNew
ANIME,-318.6561657421487,False
HYPER,-300.00978394710734,False
MOVE,-286.13188426115704,False
AVNT,-262.81427952396695,False
BERA,-261.605423414876,False
BLUR,-238.43573960330582,False
GMT,-224.63882358347104,False
IP,-190.5717149752066,False
POLYX,-163.95623159008267,False
VVV,-157.05557561652893,False
BLAST,-141.98303636033057,False
ME,-114.74695620495868,False
0G,-68.29543596694215,False
KAITO,-65.21107182148761,False
REZ,-53.22187302148761,False
ZORA,-36.90664885289256,False
ZETA,-32.93849047933884,False
TNSR,-26.9279547570248,False
IO,-26.703098588429754,False
FTT,-24.647952634710748,False
LAYER,-19.99940650909091,False
MEME,-17.521065679338847,False
BSV,-17.15403398677686,False
MEW,-15.908052128925622,False
kLUNC,-14.616183798347109,False
ACE,-13.241829570247932,False
XAI,-12.560906082644626,False
AR,-12.116651008264466,False
FOGO,-11.675672608264462,False
ATOM,-11.384031937190084,False
WCT,-10.383027461157026,False
ZEC,-9.549050122314048,False
TRUMP,-9.547501557024791,False
CELO,-7.690708790082647,False
ZEREBRO,-6.897673229752066,False
PROVE,-6.158878720661157,False
NOT,-4.953893662809916,False
STX,-4.6321714413223125,False
USTC,-4.518406552066115,False
GMX,-4.4742033024793395,False
2Z,-4.361549702479338,False
MELANIA,-3.8067159173553713,False
APT,-2.7532296297520658,False
USUAL,-2.6635301256198334,False
WLFI,-2.4721979702479335,False
IMX,-2.4468909818181808,False
BIO,-2.4211278942148753,False
SUPER,-2.365684333884297,False
TRX,-2.2285563074380166,False
SCR,-1.88239296198347,False
FIL,-1.399282581818181,False
BCH,-1.3088482512396695,False
TURBO,-0.7428096297520655,False
SAND,-0.26956257520661053,False
