coin,fundingRate_avg_5d,isNew
HYPER,-332.37420266776854,False
STABLE,-214.92315319338846,False
YZY,-197.48396021157026,False
SKR,-170.2300342710744,False
BIO,-95.94032577520663,False
BLAST,-95.84425101818184,False
AXS,-93.80767264462811,False
APE,-77.66605936859504,False
TRUMP,-42.77056534214876,False
COMP,-38.860687031404964,False
kNEIRO,-33.02528325619835,False
MORPHO,-32.78358616859504,False
WLD,-31.97426135206611,False
REZ,-30.55079537851239,False
2Z,-28.44266300826446,False
ALT,-27.16097582479339,False
UMA,-26.844493676033053,False
AZTEC,-26.21902750413223,False
BLUR,-23.345118376859507,False
MET,-19.771784062809928,False
USTC,-18.315544105785126,False
TRX,-17.743228690909092,False
JTO,-16.973093652892565,False
W,-15.92628234049587,False
BABY,-15.652651071074379,False
BANANA,-15.640039566942152,False
AVNT,-15.540033669421483,False
AERO,-14.54295381818182,False
EIGEN,-13.800338935537194,False
MINA,-12.010787494214872,False
PNUT,-11.782494654545456,False
JUP,-11.66028179504132,False
INJ,-11.513659666115704,False
CAKE,-11.478948347107439,False
STRK,-11.303998115702479,False
MERL,-9.784895385123967,False
PROVE,-9.751847018181817,False
DYM,-7.799686809917355,False
MOVE,-7.745815705785125,False
DOT,-7.198298330578512,False
XAI,-6.918585014876032,False
IMX,-6.270787358677683,False
kLUNC,-6.198330575206611,False
INIT,-5.941066750413222,False
POL,-5.903584809917355,False
SAND,-5.829690952066114,False
S,-5.8238260958677674,False
KAITO,-4.964132727272727,False
TAO,-4.628562466115703,False
WLFI,-4.452356876033057,False
MON,-3.781747745454544,False
IP,-3.209740016528924,False
TIA,-2.9993906975206612,False
SUPER,-2.9361898314049584,False
SUI,-2.0918112595041323,False
GMX,-1.7112609322314047,False
ACE,-1.4573736892561968,False
SOL,-0.5221669487603304,False
ICP,-0.13957286280991688,False
