coin,fundingRate_avg_5d,isNew
ACE,-272.75886732000004,False
POLYX,-54.378356999999994,False
GMT,-50.586851610000004,False
ME,-26.911873399999998,False
ZETA,-26.848831329999996,False
ZORA,-26.723856790000003,False
kNEIRO,-25.11757793,False
YGG,-23.016481709999997,False
NEO,-22.457435300000004,False
GAS,-22.168180100000004,False
W,-21.31410711,False
TURBO,-17.493752850000003,False
SOPH,-16.96988806,False
ATOM,-13.7809911,False
SUPER,-13.026506169999998,False
SEI,-12.37316858,False
AERO,-10.770887929999997,False
OP,-10.049541349999998,False
HYPER,-9.3124348,False
MERL,-9.287990749999999,False
S,-9.09686434,False
TIA,-8.49262217,False
WCT,-8.110336499999999,False
AIXBT,-7.59832399,False
MOVE,-7.529270370000001,False
VIRTUAL,-6.2286921500000005,False
KAS,-5.67125539,False
MINA,-5.29680554,False
TRB,-5.174221749999999,False
SKR,-4.446346779999998,False
CAKE,-4.1608182299999985,False
UMA,-3.629522039999999,False
MORPHO,-3.2550305799999983,False
BSV,-3.2050401799999984,False
2Z,-2.8257832799999996,False
FIL,-2.6933145599999997,False
BLUR,-2.294571769999999,False
REZ,-2.2344321799999984,False
XAI,-0.8054141099999994,False
IO,-0.7157219300000002,False
