coin,fundingRate_avg_5d,isNew
0G,-1235.50430742,False
GAS,-708.48499835,False
MOVE,-520.79144912,False
AVNT,-465.95667349,False
BANANA,-393.15286902,False
KAITO,-388.37146392,False
LAYER,-387.60269726999996,False
POLYX,-363.74406858,False
ANIME,-282.13199578,False
TNSR,-235.54643769,False
RESOLV,-180.74417261,False
MERL,-165.05785669,False
GMT,-111.82071379999998,False
INIT,-107.66324262000002,False
BLAST,-93.960271,False
NIL,-76.00773797,False
MOODENG,-70.18276575,False
BIGTIME,-68.48114305,False
2Z,-68.17063463,False
ARK,-61.26151021,False
HMSTR,-59.91217383,False
BIO,-59.30943692,False
VVV,-56.83179429000001,False
SUPER,-56.278276899999994,False
ZORA,-47.763721880000006,False
IMX,-46.26646195,False
SOPH,-45.53464717,False
USTC,-44.23674221,False
DYM,-43.11482857,False
TURBO,-34.3775396,False
OM,-31.84352199,False
FXS,-31.35706751,False
REZ,-28.721100290000003,False
IO,-26.76713046,False
MANTA,-25.34838276,False
HYPER,-24.77668399,False
ME,-23.65613691,False
WCT,-23.629220350000004,False
kLUNC,-19.17473991,False
IP,-18.543971000000003,False
BABY,-17.321564830000003,False
XAI,-17.005060920000002,False
NOT,-16.29333647,False
CELO,-16.25591083,False
UMA,-15.02557613,False
PROVE,-14.634829030000002,False
BLUR,-13.672142259999998,False
ETC,-13.182348760000002,False
CC,-12.924176959999999,False
FET,-12.623116930000002,False
CFX,-11.7332535,False
ADA,-11.21930941,False
TRUMP,-10.75702304,False
DOT,-10.51725819,False
SUSHI,-10.212992,False
STX,-10.090489969999998,False
GMX,-9.8845869,False
ZETA,-9.6031135,False
MEME,-9.573731729999997,False
NEO,-7.758449489999999,False
S,-7.1804333,False
kFLOKI,-6.793098219999998,False
BERA,-6.453597119999999,False
ZRO,-5.608868129999999,False
BSV,-5.600468019999999,False
SKY,-5.08667723,False
EIGEN,-4.33781549,False
SEI,-3.961801249999999,False
GOAT,-3.868037859999998,False
YGG,-3.5905115699999994,False
DOOD,-3.163993739999997,False
JUP,-3.059240929999999,False
RSR,-1.7389738799999994,False
ALT,-1.4191448199999999,False
AR,-0.7996069600000001,False
USUAL,-0.7390921499999993,False
PAXG,-0.10783559999999982,False
