coin,fundingRate_avg_5d,isNew
OM,-948.5600436000001,False
IP,-309.80849380999996,False
BLAST,-262.89372251,False
DOOD,-262.72446909,False
PROVE,-250.00173417000005,False
REZ,-194.75883598000001,False
ZORA,-175.51786901000003,False
MOODENG,-156.54767801999998,False
YZY,-149.69133333000002,False
GRASS,-147.45555211,False
APT,-120.07822414,False
ME,-118.05444222,False
BERA,-95.96609492,False
0G,-95.1403671,False
MERL,-94.73557991,False
VVV,-92.63941849000001,False
ZETA,-92.41346816000001,False
IO,-67.76485756000001,False
ATOM,-67.66003101999999,False
UMA,-62.56812918000001,False
BIO,-59.71393795000001,False
AVNT,-51.0646753,False
VINE,-49.84766018000002,False
PENGU,-45.30092526,False
SKY,-45.09502292,False
BABY,-44.8286284,False
KAITO,-43.527340620000004,False
INIT,-41.603307359999995,False
LAYER,-39.23774893,False
ENA,-39.18567876000001,False
IOTA,-38.07909001000001,False
HYPER,-32.423465379999996,False
DOGE,-29.69302229,False
TRUMP,-29.121285560000008,False
MORPHO,-28.272495580000005,False
MEW,-27.38691944,False
RESOLV,-27.372956730000002,False
SAGA,-24.4002719,False
STX,-24.294067119999994,False
SYRUP,-24.016502870000004,False
AVAX,-23.025665110000002,False
STRK,-22.683533819999997,False
2Z,-22.179769580000002,False
S,-21.64516722,False
TURBO,-21.36930679,False
DYM,-20.640992360000002,False
kPEPE,-19.17297039,False
kFLOKI,-19.00587485,False
ANIME,-18.7792646,False
W,-17.79878189,False
USUAL,-16.809688100000002,False
WCT,-15.802759679999998,False
WLFI,-14.191021150000001,False
CELO,-14.0192485,False
NXPC,-13.483324110000002,False
NOT,-11.30012406,False
ONDO,-10.30983526,False
AR,-9.559646379999998,False
MOVE,-8.53054859,False
OP,-7.75987591,False
SOL,-7.723374449999999,False
SOPH,-6.85143471,False
SAND,-6.41227036,False
PURR,-6.361941970000009,False
MELANIA,-6.186860229999997,False
PNUT,-4.93634833,False
GOAT,-3.74817989,False
GMX,-3.543495189999999,False
CFX,-3.19691382,False
ZK,-2.96019745,False
PROMPT,-2.8036817999999997,False
VIRTUAL,-2.7212385199999987,False
INJ,-2.4860982199999997,False
MAVIA,-1.8561293900000002,False
SUI,-0.9564306700000001,False
AIXBT,-0.9133051899999998,False
BCH,-0.4434669700000002,False
DYDX,-0.26509803999999904,False
