coin,fundingRate_avg_5d,isNew
LAYER,-304.90741741487597,False
MOVE,-78.83218477685952,False
STABLE,-78.4163562644628,False
BLAST,-74.03204576528925,False
kLUNC,-57.9355964429752,False
BANANA,-53.44501628429752,False
ACE,-49.882799206611544,False
JTO,-39.57045987768595,False
NIL,-27.149523391735535,False
BLUR,-24.142589682644633,False
MEGA,-17.038648135537198,False
MERL,-13.497386280991735,False
KAITO,-12.769747378512397,False
GRIFFAIN,-11.08095476033058,False
ATOM,-8.26370545785124,False
W,-7.778423900826446,False
SKY,-7.266958631404957,False
COMP,-6.333664611570247,False
WLFI,-5.008215074380165,False
NOT,-4.848196661157024,False
DYM,-4.075844112396693,False
CHIP,-3.4055354280991725,False
EIGEN,-2.067391130578512,False
BERA,-0.8791210214876019,False
