coin,fundingRate_avg_5d,isNew
kBONK,-142.72901696528928,False
ACE,-124.41409547107436,False
STABLE,-53.41013266115702,False
POLYX,-48.890640882644625,False
0G,-36.13617861818182,False
SUPER,-34.316494224793395,False
TRB,-27.652440059504134,False
kNEIRO,-27.043921229752065,False
ATOM,-25.384965461157027,False
TRX,-23.518873338842972,False
W,-22.073190267768595,False
XAI,-20.870847689256202,False
NEO,-19.972401094214877,False
OP,-19.862728790082645,False
WCT,-19.247281596694215,False
TURBO,-19.067934714049585,False
MINA,-17.991240218181822,False
MEME,-16.577870687603312,False
UMA,-16.259466406611573,False
AERO,-16.133731447933883,False
S,-15.262004300826446,False
ZETA,-13.562202317355373,False
MET,-13.131552029752068,False
VIRTUAL,-12.71637363966942,False
GMT,-12.448335738842975,False
HYPER,-12.351505160330577,False
ME,-12.068033732231404,False
STRK,-11.51044380495868,False
POPCAT,-10.769273960330578,False
MOODENG,-10.368562601652894,False
BSV,-9.893331877685956,False
BCH,-9.68563517355372,False
TRUMP,-8.379207143801652,False
IO,-8.064328581818181,False
SEI,-7.961737398347109,False
GAS,-7.507678363636363,False
ZK,-6.432253705785124,False
TIA,-5.9197879140495875,False
AIXBT,-5.847050955371901,False
MOVE,-5.188078869421486,False
ALT,-5.023262727272727,False
ZORA,-4.7441698512396675,False
RENDER,-4.70954106446281,False
CELO,-4.387501745454544,False
SOPH,-4.1539319107438,False
PYTH,-3.3580576760330576,False
SPX,-3.225636158677685,False
KAS,-3.1985214247933884,False
AVNT,-2.6218231140495862,False
REZ,-1.83140324628099,False
kFLOKI,-1.83136921983471,False
NOT,-1.69514108429752,False
BIO,-1.311450188429751,False
MORPHO,-1.0193512462809915,False
YGG,-0.8249914611570235,False
MERL,-0.6624413355371898,False
BIGTIME,-0.4552448925619832,False
PENGU,-0.01184409917355374,False
