coin,fundingRate_avg_5d,isNew
BLUR,-633.65275091,False
STABLE,-68.71510366999999,False
ZETA,-43.15468146,False
BANANA,-42.65618636,False
ME,-35.02371224,False
HMSTR,-30.22423015,False
ATOM,-27.364211330000003,False
MINA,-27.1431958,False
kNEIRO,-26.872578960000002,False
0G,-23.83893986,False
IOTA,-19.135593659999998,False
SNX,-16.9677988,False
W,-14.325839010000001,False
HYPER,-12.84885702,False
ANIME,-11.79150239,False
AIXBT,-10.194515700000002,False
CELO,-8.71654748,False
MEME,-5.4963554199999995,False
INJ,-5.2431709799999995,False
DYDX,-5.165446419999998,False
STX,-4.97723052,False
ZORA,-4.5314706199999994,False
TRUMP,-3.9294950999999987,False
MANTA,-2.9038239299999997,False
KAS,-2.639998279999999,False
ALT,-0.7788800699999991,False
