coin,fundingRate_avg_5d,isNew
MOVE,-356.1634523206612,False
STABLE,-267.7323824330578,False
LAYER,-162.17842578842976,False
ME,-76.82910724958677,False
ZEC,-69.02005737520662,False
IO,-49.9697331570248,False
ZORA,-46.281958492561984,False
kNEIRO,-45.196675576859505,False
AVNT,-45.09950111404959,False
HMSTR,-44.06831300826446,False
BABY,-43.491690714049575,False
MERL,-39.83968942809917,False
SNX,-38.812884218181814,False
AIXBT,-38.40499834710744,False
kLUNC,-37.995354684297524,False
TRUMP,-35.88482743140496,False
PROVE,-34.85788973553719,False
TRX,-33.72187628429752,False
S,-33.67886975206612,False
UMA,-33.56572240661158,False
ZK,-33.4258824,False
SEI,-30.768003560330573,False
NIL,-27.356531603305786,False
ALT,-25.948793811570244,False
CHIP,-23.569835543801652,False
W,-22.72047101157025,False
VIRTUAL,-22.573432601652893,False
SAGA,-22.54767602975207,False
JUP,-22.536105590082645,False
HYPER,-21.072338548760335,False
0G,-19.290694998347107,False
WLD,-17.408446829752066,False
AERO,-17.24471880991736,False
JTO,-17.240529213223144,False
POL,-15.993229011570248,False
POPCAT,-15.278198717355371,False
OP,-14.716581361983474,False
STRK,-14.372548651239669,False
IP,-13.52368510413223,False
APT,-12.721614436363637,False
ADA,-12.157573963636363,False
GMT,-11.320622568595043,False
EIGEN,-11.291668234710743,False
BSV,-11.18560924958678,False
AVAX,-11.173764426446281,False
ETC,-10.961623289256199,False
SOL,-9.269866026446282,False
MORPHO,-9.191398869421489,False
MOODENG,-9.148998297520661,False
PYTH,-8.762994327272727,False
2Z,-8.44410716033058,False
MINA,-8.414651117355373,False
kSHIB,-8.017742033057848,False
FIL,-7.156155490909092,False
ICP,-7.067072082644628,False
INJ,-7.0660512892561975,False
TON,-6.988076429752065,False
TURBO,-6.924011871074379,False
PNUT,-6.58956882644628,False
SUSHI,-5.7767117752066115,False
ATOM,-5.278162799999999,False
XLM,-5.223641573553719,False
STX,-4.711423378512395,False
COMP,-4.077420188429753,False
BIO,-4.0513704099173555,False
SAND,-3.7629571834710753,False
XRP,-3.584929368595041,False
ZEN,-3.5397465917355357,False
KAITO,-2.933611061157025,False
WIF,-2.496896102479338,False
ALGO,-2.2251051570247937,False
MEGA,-1.675410089256198,False
XAI,-1.5152280595041316,False
NEO,-0.7507949851239667,False
MELANIA,-0.4050957024793375,False
MON,-0.32958739834710565,False
