coin,fundingRate_avg_5d,isNew
RESOLV,-981.88161849,False
TNSR,-951.6036968400001,False
WCT,-923.9383451799999,False
ZORA,-461.7852228099999,False
KAITO,-327.11761068,False
0G,-247.56968076999993,False
DYM,-205.96648072,False
AVNT,-205.42582009000003,False
BIO,-125.5259382,False
BSV,-123.72250459,False
YZY,-123.54633004,False
XAI,-122.27787839,False
LAYER,-107.30501263999999,False
REZ,-91.69091854,False
ME,-71.56506674,False
BLAST,-69.62397557000001,False
IP,-68.10961831,False
OM,-67.54734311,False
MOVE,-67.22132511,False
MEW,-62.20457165999999,False
IO,-59.46914266999999,False
MORPHO,-48.481334509999996,False
BERA,-47.614750050000005,False
MANTA,-45.591493729999996,False
WLFI,-42.77068394,False
GAS,-39.68600981,False
TURBO,-38.47587420999999,False
ZK,-37.94077033999999,False
GOAT,-35.30137577,False
PROVE,-34.835543789999996,False
ZEN,-32.68060860999999,False
ZETA,-30.295760660000003,False
MOODENG,-27.09141106,False
2Z,-27.07694319,False
AIXBT,-24.74099356,False
USUAL,-22.58759211,False
HYPER,-21.54828089,False
CAKE,-21.300096949999997,False
POPCAT,-20.311016300000006,False
APT,-18.389046020000002,False
SKY,-15.92953586,False
SAGA,-15.38432076,False
STX,-14.93295884,False
BABY,-14.44021906,False
INIT,-12.30673493,False
SAND,-11.83763693,False
ZRO,-11.532756809999999,False
SOPH,-11.09817394,False
MAV,-10.87165932,False
BRETT,-10.72977506,False
YGG,-10.550997330000001,False
GRASS,-10.34128147,False
TST,-10.136502599999998,False
PROMPT,-9.988894410000002,False
kLUNC,-9.787493979999999,False
ALGO,-9.125940969999998,False
COMP,-8.60177031,False
ZEC,-8.186096629999998,False
GMX,-7.68793587,False
ANIME,-7.5224952400000005,False
FXS,-6.9674375500000005,False
GMT,-6.84685907,False
MET,-6.395995009999999,False
VVV,-6.368731699999999,False
RSR,-5.50838728,False
MERL,-5.069541209999999,False
W,-5.03970611,False
INJ,-4.96933849,False
kFLOKI,-4.936687050000001,False
MAVIA,-4.347317169999999,False
OP,-3.7982644599999995,False
APE,-3.2132942899999994,False
PYTH,-3.141315559999999,False
BANANA,-3.129416559999999,False
HEMI,-3.113609139999998,False
DOOD,-2.9549377999999993,False
SEI,-2.8942193199999995,False
NIL,-2.845482329999998,False
AERO,-2.614805249999999,False
ALT,-2.5280754099999996,False
BLUR,-2.0189982299999993,False
NXPC,-1.9726731599999991,False
SUPER,-1.9708627599999984,False
ATOM,-1.84743217,False
SUSHI,-1.3177624199999995,False
AR,-0.9674697299999999,False
XLM,-0.9510111499999996,False
NEO,-0.7070991699999999,False
ETHFI,-0.2118817699999993,False
