coin,fundingRate_avg_5d,isNew
GAS,-926.2904738000002,False
POLYX,-861.8686410200002,False
0G,-554.90375855,False
TST,-305.5254998599999,False
WCT,-184.99867247000003,False
GMT,-142.56295194999998,False
RESOLV,-131.19901421,False
REZ,-128.20468342,False
MERL,-124.13530499,False
AVNT,-122.58630192999999,False
BLAST,-121.91732701000001,False
TNSR,-113.75712786000001,False
KAITO,-111.54638345000001,False
ANIME,-99.25188478000001,False
ZORA,-95.82490854,False
TURBO,-75.02223213,False
DYM,-73.12580674,False
BIGTIME,-70.60112656,False
kLUNC,-68.86209793,False
ARK,-67.30663583000002,False
MANTA,-66.98256766000002,False
USTC,-61.97164472,False
SOPH,-52.115811060000006,False
IMX,-45.70736663,False
CELO,-45.47877151,False
SUPER,-41.411902819999995,False
VVV,-40.15740730999999,False
HYPER,-38.11243349,False
LAYER,-36.695567,False
kNEIRO,-32.28111319,False
MOODENG,-32.263419449999994,False
XAI,-31.62852458,False
USUAL,-31.288082509999995,False
OM,-30.257764889999997,False
PROVE,-29.42254488,False
FET,-27.38926493,False
EIGEN,-25.74445302,False
BLUR,-25.439085260000002,False
IO,-25.40808216,False
CFX,-23.531907700000005,False
NEO,-21.70062824,False
WIF,-20.780015020000004,False
SAGA,-19.034140450000002,False
TRUMP,-18.758247170000004,False
kFLOKI,-17.02206189,False
UMA,-15.736618029999999,False
BSV,-15.38049118,False
XLM,-14.23502336,False
IP,-13.99530158,False
ZRO,-13.121159430000002,False
MEW,-12.076022810000001,False
SUSHI,-10.14377413,False
SEI,-10.06381285,False
ATOM,-9.56998026,False
BANANA,-9.39924129,False
FIL,-8.752775189999998,False
ETC,-8.18181956,False
ALT,-8.14096511,False
SCR,-7.974777690000001,False
2Z,-7.85436492,False
NOT,-6.899180360000001,False
BABY,-6.70825616,False
ZETA,-6.67413304,False
PYTH,-5.25783449,False
BIO,-5.222460879999999,False
GMX,-5.220689899999999,False
CC,-5.125008070000004,False
SKY,-4.543929530000001,False
POL,-4.51984756,False
MOVE,-4.357037120000002,False
STX,-3.9720993599999983,False
kSHIB,-3.7133289599999992,False
BOME,-3.5486840299999995,False
DOT,-3.5450902399999995,False
INIT,-3.080582479999998,False
SAND,-3.0183280799999994,False
ME,-2.899993619999999,False
ZEC,-2.8675173799999985,False
IOTA,-2.7994923299999996,False
PAXG,-2.53685658,False
JUP,-2.0891556099999984,False
FXS,-1.9246362399999988,False
NXPC,-0.8391145599999994,False
NIL,-0.3564750599999986,False
