coin,fundingRate_avg_5d,isNew
POLYX,-552.0750403140496,False
ANIME,-462.99229230743805,False
REZ,-287.38850119338844,False
BLAST,-244.18996930909083,False
STABLE,-182.09190591,False
AXS,-166.09571375,False
ME,-130.58092552066114,False
TRUMP,-110.3634695801653,False
RESOLV,-105.05986079008267,False
YZY,-90.54584784000002,False
BANANA,-79.14524183801652,False
NEO,-76.74206687603308,False
NXPC,-74.52140108429752,False
ZETA,-72.69910823801652,False
GAS,-70.00778574545456,False
VVV,-64.39432417190085,False
DOOD,-63.535931771900835,False
HYPER,-53.02371240991736,False
STRK,-52.45387585785124,False
TURBO,-52.01849155041322,False
ZORA,-48.62206869421487,False
0G,-46.69323017,False
LAYER,-35.67802410247934,False
XAI,-34.023685795041324,False
JTO,-33.63236356363637,False
DOT,-33.50066528925619,False
TAO,-32.719830019834724,False
MERL,-32.17823903801653,False
IP,-31.85805669421488,False
YGG,-31.7377891338843,False
2Z,-29.33346298,False
POL,-25.664869904132228,False
MORPHO,-25.050788112396692,False
MOODENG,-23.06473973553719,False
ALT,-22.88139365950413,False
EIGEN,-22.13775436363636,False
BLUR,-21.612489560330577,False
MANTA,-20.426863378512394,False
kNEIRO,-19.39186793057851,False
kLUNC,-18.210997487603308,False
USUAL,-17.430823200000006,False
ZRO,-16.537335054545455,False
WIF,-15.859203183471081,False
SOPH,-15.521091074380166,False
SKY,-14.618922330000002,False
FET,-14.258052555371902,False
APT,-14.178767315702478,False
OP,-13.363366968595042,False
kSHIB,-11.669906211570247,False
GRASS,-11.661418423140498,False
S,-11.346119960330576,False
TIA,-10.356326112396694,False
PNUT,-9.946681725619834,False
MEW,-9.90454467768595,False
kPEPE,-9.269538793388428,False
COMP,-8.055562790082645,False
SOL,-7.759776684297522,False
kFLOKI,-7.741313355371902,False
MEME,-7.412087216528925,False
MON,-7.146611669999999,False
PYTH,-7.016382089256199,False
SEI,-6.624708733884297,False
ATOM,-6.596925778512396,False
INIT,-6.373487861157023,False
UMA,-5.701049990082643,False
DYM,-5.4401742942148745,False
ICP,-5.35175483,False
kBONK,-4.69952208595041,False
KAITO,-4.259700585123966,False
BRETT,-4.075752168595039,False
AIXBT,-3.3154000958677683,False
IMX,-3.2319086082644617,False
BNB,-2.884390720661157,False
SAND,-2.3937177818181814,False
SYRUP,-1.986528559999999,False
MOVE,-1.5357908925619823,False
W,-1.2564714148760319,False
CELO,-1.1661007933884295,False
HBAR,-0.8040912595041307,False
AERO,-0.3205707399999994,False
