coin,fundingRate_avg_5d,isNew
MOVE,-355.98166979,False
BERA,-280.16732852999996,False
AVNT,-274.08598395999996,False
ANIME,-270.00912668,False
IP,-266.33776104000003,False
BLUR,-255.17609316000002,False
HYPER,-206.88530616999998,False
GMT,-163.93488528,False
VVV,-157.95584729,False
BLAST,-148.95403552000002,False
KAITO,-142.50626964000003,False
ME,-127.61694436000002,False
POLYX,-90.79956591000001,False
0G,-55.47949410999999,False
LAYER,-53.17655216,False
REZ,-48.835432690000005,False
ZORA,-36.98129557,False
IO,-36.43077848,False
FTT,-25.60803062,False
MEME,-24.043473450000004,False
XAI,-19.209530979999997,False
BSV,-18.733473890000003,False
USUAL,-18.718289889999998,False
kLUNC,-18.001664950000002,False
ACE,-17.04925585,False
ZETA,-16.112945440000008,False
ZEC,-15.266996620000002,False
TNSR,-13.74405091,False
WCT,-12.947894659999998,False
ATOM,-12.407153730000001,False
MEW,-10.618444949999999,False
AR,-9.527226350000001,False
TRUMP,-9.325129499999997,False
MELANIA,-9.03649042,False
IMX,-7.355079229999999,False
ZEREBRO,-7.04640384,False
WLFI,-4.855542439999999,False
NOT,-4.831456819999999,False
2Z,-4.819244649999999,False
STX,-4.434541219999999,False
FIL,-3.986938069999999,False
SCR,-3.9785598599999994,False
GMX,-3.82711187,False
CELO,-3.1005436,False
USTC,-3.0845273999999994,False
FOGO,-2.815360339999999,False
APT,-2.74181065,False
TURBO,-2.5752012899999994,False
PROVE,-2.4619885099999994,False
TRX,-2.39153183,False
SUPER,-2.0346340999999986,False
BCH,-1.6562583100000001,False
SAND,-1.627344469999999,False
SOPH,-0.5966676899999993,False
ICP,-0.047306189999999845,False
NEO,-0.021078019999999125,False
