coin,fundingRate_avg_5d,isNew
BLAST,-181.95281025000003,False
IO,-67.72454915000002,False
CHIP,-66.15589303,False
kLUNC,-63.76051044999999,False
STABLE,-59.05472312999999,False
WIF,-53.53629178000001,False
HYPER,-53.03585926,False
COMP,-50.45575018,False
NIL,-30.76793196,False
STX,-29.793461530000005,False
BLUR,-21.33202861,False
XAI,-21.06010726,False
KAITO,-18.86539438,False
2Z,-18.497205740000005,False
BABY,-17.947446390000003,False
MEGA,-15.760747450000002,False
BANANA,-13.283020140000001,False
ATOM,-10.41303828,False
APE,-9.51601793,False
YZY,-9.51555949,False
FTT,-8.63660737,False
DYM,-7.800775619999999,False
BIO,-6.165710669999998,False
kNEIRO,-6.01710603,False
APT,-5.86032904,False
MINA,-5.126678309999999,False
ARB,-4.369607719999999,False
BERA,-4.3063663599999975,False
REZ,-4.2097099799999995,False
EIGEN,-3.5958172099999985,False
ORDI,-3.02477106,False
USTC,-2.8362916299999994,False
S,-2.5965494099999993,False
WLD,-1.306713139999998,False
SUI,-1.0552354400000001,False
MERL,-0.5555591999999996,False
SCR,-0.45203643999999976,False
0G,-0.41256168999999854,False
TRUMP,-0.20235088999999826,False
