coin,fundingRate_avg_5d,isNew
kBONK,-150.83335628,False
ACE,-66.71099233,False
STABLE,-56.76889603,False
POLYX,-48.6750349,False
0G,-37.57723107,False
SUPER,-34.21755280000001,False
TRB,-28.084461449999996,False
kNEIRO,-27.24587176,False
XAI,-23.165717069999996,False
W,-22.86234367,False
TRX,-22.8525843,False
ATOM,-22.272756249999997,False
NEO,-20.23008777,False
MINA,-18.8843189,False
WCT,-18.170175229999998,False
OP,-18.04215002,False
TURBO,-17.315670079999997,False
MEME,-16.887360830000002,False
UMA,-16.22091755,False
ZETA,-15.326261670000005,False
AERO,-14.797882560000001,False
VIRTUAL,-14.02082749,False
MET,-13.332231630000003,False
ME,-13.02693468,False
GMT,-12.127769589999998,False
POPCAT,-11.0815752,False
STRK,-11.0496815,False
S,-10.969491,False
MOODENG,-10.803966419999998,False
BCH,-10.448186320000001,False
BSV,-10.029202090000002,False
HYPER,-9.877670879999998,False
TRUMP,-8.58119818,False
IO,-8.56586307,False
GAS,-7.661492349999999,False
MOVE,-7.018393009999997,False
SEI,-6.082006679999999,False
ALT,-5.933759009999998,False
ZK,-5.763398909999999,False
CELO,-5.70592747,False
RENDER,-5.2333108699999995,False
TIA,-4.6734585399999995,False
ZORA,-4.463603979999998,False
AIXBT,-4.15254441,False
SOPH,-3.94360235,False
AVNT,-3.7445831799999993,False
SPX,-3.3437664599999986,False
PYTH,-3.31771203,False
KAS,-2.9981355499999993,False
NOT,-1.616482799999999,False
MORPHO,-1.4670072699999996,False
BIO,-1.4136289399999988,False
kFLOKI,-1.3828879099999987,False
MERL,-0.7592116799999996,False
