coin,fundingRate_avg_5d,isNew
HYPER,-351.64983957,False
BLAST,-228.47647675000002,False
CHIP,-166.42171569,False
0G,-124.94160021000002,False
STABLE,-94.92440171,False
TRUMP,-88.68176947999999,False
AXS,-83.31972530000002,False
APE,-69.68658475000001,False
YZY,-55.18631151,False
BERA,-54.40065119999999,False
kLUNC,-45.262246209999994,False
kNEIRO,-40.86456853,False
WLD,-37.356962329999995,False
COMP,-29.913504920000005,False
INJ,-26.960726460000007,False
REZ,-25.370068869999997,False
TRX,-22.80355969,False
2Z,-22.40614477,False
MINA,-21.40215095,False
TST,-20.556589029999998,False
BANANA,-19.965508760000006,False
ALT,-17.452210739999998,False
BIO,-16.0387789,False
AVNT,-15.42069666,False
AZTEC,-15.224817950000004,False
MON,-13.85218435,False
KAITO,-13.78161817,False
POL,-12.923884229999999,False
STRK,-11.718757160000001,False
CAKE,-11.265727920000002,False
JTO,-9.87943237,False
SUI,-9.6636816,False
MOVE,-8.32899486,False
MERL,-8.07379416,False
STX,-8.02002455,False
DYM,-7.231180709999999,False
WLFI,-7.08539752,False
SEI,-6.825523360000001,False
ZK,-6.4484958799999985,False
EIGEN,-6.323434469999999,False
TIA,-5.88694995,False
PROVE,-5.28304212,False
XAI,-5.263121149999999,False
FET,-5.191077449999999,False
BLUR,-5.004375569999999,False
IMX,-4.84510563,False
MORPHO,-2.9329699099999984,False
ADA,-2.7660773099999996,False
NOT,-2.3045012300000005,False
BABY,-2.2325976899999995,False
PNUT,-2.1150070999999997,False
W,-1.8262614399999992,False
ETC,-1.7702536499999995,False
S,-1.7200347599999994,False
SOL,-1.64831956,False
PYTH,-1.2716943099999998,False
JUP,-1.080556949999999,False
XRP,-0.9240420299999998,False
MANTA,-0.034378619999999895,False
