coin,fundingRate_avg_5d,isNew
YZY,-467.2344954200001,False
ARK,-359.22546275,False
0G,-225.05906862,False
BERA,-218.2992146,False
PROVE,-164.06880451,False
ZORA,-153.55635702,False
WCT,-147.23521329,False
STABLE,-145.72270001,False
ANIME,-117.44673401,False
SKR,-115.48115134,False
WLFI,-108.05905519000001,False
SOPH,-90.17850965,False
GAS,-77.15926041000002,False
RESOLV,-74.72341392999999,False
AVNT,-62.91178617000001,False
INIT,-61.67666121,False
HYPER,-61.29766127000001,False
BSV,-52.122317550000005,False
DYM,-45.34108766999999,False
JTO,-40.988410110000004,False
AXS,-39.74767218,False
ZETA,-39.397981009999995,False
BABY,-37.446155919999995,False
SOL,-36.77177316,False
POLYX,-35.05872669000001,False
FET,-33.58844099,False
LINEA,-33.486593580000005,False
OM,-31.12880454,False
LAYER,-31.00065012,False
ICP,-28.3005816,False
XAI,-27.81995325,False
MANTA,-27.516042570000003,False
2Z,-27.113181120000004,False
PYTH,-24.46164519,False
kLUNC,-23.966362089999997,False
USTC,-23.46430605,False
FOGO,-22.40507459,False
STRK,-21.50829806,False
IP,-19.616373850000002,False
SUSHI,-19.018023510000003,False
W,-17.34137776,False
ZEN,-16.424613830000002,False
RSR,-16.37112235,False
TRX,-15.693099810000005,False
AR,-15.667895099999999,False
AERO,-15.55829144,False
APT,-14.72999475,False
NEO,-13.5397188,False
YGG,-13.231050709999998,False
XRP,-12.34764997,False
IMX,-12.273352029999996,False
SKY,-11.283767680000004,False
KAS,-10.77337066,False
kFLOKI,-10.67526158,False
DASH,-10.419668139999997,False
TAO,-8.0386432,False
ENS,-7.432999429999999,False
MON,-7.130436329999999,False
JUP,-6.98124842,False
NXPC,-5.9539741699999995,False
kSHIB,-5.034285130000001,False
ONDO,-4.87111991,False
MEME,-4.742716559999999,False
TON,-3.9661045999999995,False
BANANA,-3.653881409999999,False
SNX,-3.4826547999999997,False
STX,-3.1681014499999995,False
FIL,-2.3899725499999995,False
SUI,-2.32192925,False
TIA,-2.1302538799999997,False
BTC,-1.91451844,False
GMX,-1.5699927499999997,False
DOOD,-0.9273613399999993,False
SEI,-0.8548533599999998,False
ARB,-0.5655404899999998,False
KAITO,-0.30067020999999944,False
DOT,-0.005386669999999371,False
