coin,fundingRate_avg_5d,isNew
PROVE,-428.7579285123965,False
SUPER,-269.21074899173556,False
ALT,-264.1365399867768,False
GMT,-187.7393622743802,False
CHIP,-123.64671874710746,False
BLAST,-85.5343268429752,False
ME,-83.56787480330578,False
SAGA,-64.32279696198347,False
STABLE,-57.555130819834716,False
FOGO,-41.1144142214876,False
TST,-37.82185166280992,False
COMP,-29.530292300826442,False
OP,-22.495008158677688,False
POL,-16.858783616528925,False
MERL,-16.691521190082643,False
MINA,-16.669270790082646,False
BCH,-15.14681826446281,False
BLUR,-13.024870433057849,False
TRUMP,-11.499409100826444,False
ICP,-10.754633900826445,False
SNX,-8.820666257851242,False
kSHIB,-8.3574179107438,False
ETC,-7.668031249586778,False
kLUNC,-6.820543963636363,False
SUSHI,-5.110116317355373,False
STRK,-5.05306120661157,False
JTO,-4.582311114049587,False
AIXBT,-3.506325381818181,False
CAKE,-3.316242793388429,False
ADA,-3.1945034082644628,False
TON,-2.737096750413223,False
DASH,-2.7057048198347102,False
STX,-2.380669725619835,False
SUI,-2.295547140495868,False
kFLOKI,-1.882269887603306,False
AXS,-1.5032355471074363,False
YGG,-1.2015035008264454,False
LAYER,-1.1825681454545451,False
ZORA,-1.121261900826446,False
BSV,-1.0164561024793382,False
UNI,-0.7231177289256191,False
KAITO,-0.6221757421487599,False
SAND,-0.4264541752066109,False
