coin,fundingRate_avg_5d,isNew
BIO,-918.08370722,False
AVNT,-916.77797082,False
0G,-533.61981285,False
DOOD,-374.67196053,False
OM,-189.97239753,False
BLAST,-175.77279158,False
REZ,-168.25544795,False
ZORA,-148.65740513,False
MOODENG,-133.62643575999996,False
MERL,-130.22371961,False
VVV,-111.10484514000001,False
PROVE,-107.90335641,False
APT,-106.47817303000001,False
IO,-84.21201087000001,False
KAITO,-70.05708822,False
GRASS,-68.53800494000002,False
YZY,-59.947917550000014,False
ATOM,-48.359829659999995,False
HYPER,-44.71843198,False
NXPC,-39.30924147999999,False
kFLOKI,-37.88634518999999,False
MORPHO,-37.61042198,False
MEW,-32.247647799999996,False
BERA,-30.20043142,False
BSV,-29.65142251,False
INIT,-29.222224850000003,False
TRUMP,-27.92176489,False
ENA,-26.014569809999998,False
SOPH,-24.704270909999998,False
RESOLV,-24.49996727,False
SAND,-23.798602250000002,False
IP,-23.70207289,False
TIA,-23.18353126,False
SKY,-22.238690799999997,False
ZK,-21.789591149999996,False
STX,-21.63823076,False
LAYER,-21.374721199999996,False
MOVE,-20.292324649999998,False
BABY,-19.48638494,False
IOTA,-19.243094189999997,False
ARK,-19.140443050000002,False
SEI,-18.343014410000002,False
GOAT,-17.05823704,False
DYDX,-16.715737100000002,False
TURBO,-16.6107485,False
BANANA,-15.80802955,False
CELO,-15.55063447,False
PROMPT,-14.368411150000002,False
USUAL,-12.91687623,False
WCT,-11.70573104,False
GMX,-11.583417349999998,False
POLYX,-11.538909980000001,False
BCH,-11.377325209999999,False
S,-10.0551952,False
VIRTUAL,-10.01995445,False
BRETT,-9.562177290000001,False
WLFI,-9.456269619999999,False
BLUR,-9.25887616,False
PNUT,-9.11563556,False
kPEPE,-8.789419,False
2Z,-7.78422287,False
PENGU,-6.567850149999999,False
CHILLGUY,-6.144878659999999,False
kSHIB,-5.77185231,False
OP,-5.67326946,False
CFX,-4.82502333,False
INJ,-4.52314205,False
WLD,-4.383486479999999,False
AIXBT,-3.75708005,False
TST,-3.551075509999999,False
BNB,-3.5215280300000007,False
RUNE,-3.4593875099999982,False
VINE,-3.4381539999999986,False
GAS,-2.3798182499999996,False
LINEA,-1.6240295399999995,False
TNSR,-1.5298223100000001,False
AVAX,-1.4797983299999995,False
COMP,-1.29332859,False
NOT,-0.4345850599999994,False
