coin,fundingRate_avg_5d,isNew
PROVE,-435.8559009520661,False
CHIP,-223.03565670743802,False
ALT,-207.7548415735537,False
TST,-72.95304036694215,False
FOGO,-50.65347649586778,False
STABLE,-48.3333086876033,False
LAYER,-42.4744404198347,False
HYPER,-30.213110409917356,False
TRUMP,-25.23226997355372,False
WLD,-21.332996330578517,False
BIO,-19.913844476033063,False
MERL,-19.906963170247934,False
JTO,-19.47896911735537,False
SAGA,-18.4776895338843,False
POL,-18.260628317355376,False
BABY,-17.984563795041325,False
MINA,-17.079217795041323,False
CAKE,-13.08369347107438,False
ACE,-12.574890952066118,False
GMT,-12.521496218181818,False
BSV,-12.263661907438019,False
ICP,-9.059691183471072,False
ZORA,-9.009304532231404,False
IO,-8.476608208264462,False
SNX,-7.2250387735537185,False
BLUR,-6.887016436363636,False
OP,-6.133807745454544,False
COMP,-5.7912323801652885,False
BCH,-5.722747279338843,False
BLAST,-5.030352535537189,False
MOVE,-4.351592261157023,False
kFLOKI,-4.261506882644628,False
W,-4.109917616528924,False
SKY,-3.975348089256198,False
YGG,-3.546892869421487,False
kLUNC,-3.50444813553719,False
BIGTIME,-3.1257540595041298,False
2Z,-1.6493327999999985,False
STX,-1.4580571140495866,False
DASH,-1.3805195305785116,False
0G,-1.307025302479338,False
MOODENG,-0.6389218214876032,False
XRP,-0.5458551471074381,False
MEGA,-0.3913823206611566,False
TURBO,-0.366873867768595,False
ME,-0.3626357652892543,False
