coin,fundingRate_avg_5d,isNew
OM,-930.6657288,False
DOOD,-381.66378665,False
IP,-295.6765143299999,False
BLAST,-280.97202797000006,False
PROVE,-212.44298013000002,False
ZORA,-204.18027876000002,False
REZ,-198.12314901999997,False
YGG,-162.15445323999998,False
MOODENG,-159.24866999,False
GRASS,-149.9031202,False
YZY,-133.92168426,False
MERL,-121.56445669000001,False
APT,-116.88079348,False
ME,-108.72159735000002,False
0G,-94.5170055,False
VVV,-92.11179931000001,False
ZETA,-91.00976868000001,False
BSV,-88.5678778,False
BERA,-86.43749398,False
UMA,-69.28932094,False
IO,-65.84128785,False
ATOM,-62.64249501000001,False
TIA,-54.07899933,False
BIO,-52.53005394000001,False
VINE,-47.282959940000005,False
BABY,-45.259991240000005,False
PENGU,-42.69821538000001,False
AVNT,-41.08010468,False
SKY,-40.917718369999996,False
KAITO,-40.68569444,False
ENA,-39.84547028,False
LAYER,-38.12085258,False
IOTA,-36.52036992,False
ARK,-34.31700143000001,False
HYPER,-30.8350613,False
DOGE,-29.72332824,False
INIT,-29.26944271,False
STRK,-26.36053506,False
TRUMP,-25.577128260000002,False
MEW,-25.521577450000002,False
RESOLV,-23.785100169999996,False
2Z,-23.38286141,False
BANANA,-23.13707844,False
MORPHO,-22.30843938,False
AVAX,-22.30130509,False
SEI,-21.05334746,False
STX,-19.60316085,False
S,-19.23171787,False
kPEPE,-18.62040638,False
DYM,-17.26112229,False
W,-17.131446549999996,False
ANIME,-16.78520317,False
TURBO,-16.428321500000003,False
USUAL,-15.49236149,False
WLFI,-15.451554489999996,False
WCT,-14.562548080000001,False
kFLOKI,-14.514708259999999,False
SAGA,-14.359143070000004,False
CELO,-14.04779442,False
NXPC,-13.35946647,False
ONDO,-12.445234910000002,False
NOT,-10.408517389999998,False
SYRUP,-10.297883700000003,False
MOVE,-9.28876455,False
SOPH,-7.83324821,False
DOT,-7.76506694,False
OP,-7.440375349999999,False
MELANIA,-6.186860229999997,False
SAND,-5.070473420000001,False
PNUT,-4.59983074,False
VIRTUAL,-4.472865489999999,False
CFX,-3.6585621699999993,False
ZK,-3.56683694,False
WLD,-3.0761229099999996,False
PROMPT,-3.0196654399999994,False
AR,-2.28363126,False
MAVIA,-2.01311881,False
SOL,-1.9629115999999993,False
INJ,-1.8845015700000005,False
DYDX,-1.6936109499999996,False
GMX,-1.6313280799999996,False
GOAT,-0.77022081,False
BCH,-0.71702352,False
SUI,-0.63154709,False
kSHIB,-0.40540549999999825,False
BNB,-0.2510564899999999,False
