coin,fundingRate_avg_5d,isNew
BLAST,-184.98606902000006,False
CHIP,-70.34725154,False
IO,-67.60575625,False
kLUNC,-61.79010977999999,False
STABLE,-58.798922369999985,False
WIF,-53.608488780000016,False
HYPER,-53.035859259999995,False
COMP,-50.91197974,False
NIL,-30.678920139999995,False
STX,-30.151151310000003,False
XAI,-21.91498909,False
BLUR,-19.88803897,False
MEGA,-19.835341,False
2Z,-18.907112420000004,False
KAITO,-18.1786644,False
YZY,-18.11099632,False
BABY,-17.98602616,False
BANANA,-13.127319900000002,False
REZ,-10.573009019999999,False
ATOM,-10.13672014,False
APE,-9.516017929999999,False
FTT,-8.63660737,False
BIO,-8.26690982,False
DYM,-7.618273429999999,False
kNEIRO,-6.52334351,False
APT,-6.368791559999999,False
ARB,-5.324974779999999,False
MINA,-5.126678309999998,False
BERA,-4.439808169999998,False
EIGEN,-3.6273714599999978,False
ORDI,-2.93776966,False
WLD,-2.739403109999997,False
USTC,-2.6537916299999993,False
S,-2.5965494099999993,False
TRUMP,-1.2344664999999981,False
SUI,-1.2285410900000002,False
MERL,-0.5607429299999994,False
0G,-0.41256168999999854,False
SCR,-0.26953643999999977,False
