coin,fundingRate_avg_5d,isNew
kBONK,-160.94130566,False
STABLE,-59.828850900000006,False
POLYX,-47.31694655,False
0G,-40.12831681,False
SUPER,-36.881165120000006,False
kNEIRO,-29.007447900000003,False
TRB,-27.790570019999997,False
XAI,-27.621291780000004,False
MINA,-25.46959853,False
W,-21.92949346,False
TRX,-21.908288420000005,False
ATOM,-20.966500090000004,False
ZETA,-20.670607,False
ACE,-18.345857759999998,False
OP,-18.33605094,False
NEO,-17.88812805,False
MEME,-17.08461997,False
MOVE,-16.278607990000005,False
TURBO,-15.87363903,False
WCT,-15.474157480000002,False
VIRTUAL,-15.36142139,False
UMA,-15.361129389999999,False
MET,-13.33223163,False
AERO,-12.828438920000002,False
ME,-12.76282506,False
IO,-11.64852897,False
S,-11.580895199999999,False
MOODENG,-11.579961530000002,False
POPCAT,-11.54354913,False
BCH,-11.46734662,False
STRK,-10.64487095,False
TRUMP,-9.295555009999998,False
HYPER,-9.13605366,False
GMT,-8.833091979999999,False
BSV,-8.730489750000002,False
CELO,-8.410768,False
ALT,-7.1783170300000005,False
RENDER,-6.928300060000001,False
GAS,-5.887118579999998,False
AVNT,-5.175183889999999,False
SEI,-4.746561469999999,False
ZK,-4.649930639999999,False
SOPH,-4.556571669999999,False
TIA,-3.5065184999999994,False
PYTH,-3.39368459,False
SPX,-3.3437664599999986,False
ZORA,-3.138401399999998,False
AIXBT,-2.8916898699999996,False
SNX,-2.024983499999999,False
MORPHO,-1.7771835399999996,False
NOT,-1.6990735399999994,False
KAS,-1.5081938699999995,False
BIO,-1.4136289399999995,False
kFLOKI,-1.3325222899999987,False
MERL,-0.8728865499999996,False
PENGU,-0.2936337400000001,False
