coin,fundingRate_avg_5d,isNew
LAYER,-162.60941625,False
ACE,-154.67750927,False
VVV,-112.34030736000001,False
CHIP,-68.44834707,False
STABLE,-62.47683538000001,False
AXS,-50.855487960000005,False
TRUMP,-49.868830179999996,False
KAITO,-45.612373919999996,False
0G,-44.0507915,False
RESOLV,-42.66118248,False
BLUR,-40.145992299999996,False
MINA,-38.66574064,False
kLUNC,-36.43635495,False
S,-34.93768028,False
GAS,-33.57889113,False
ATOM,-32.95283218,False
ANIME,-32.128757809999996,False
BABY,-28.52221033,False
ADA,-27.85952509,False
AVNT,-25.6683768,False
PROVE,-25.44533771,False
kSHIB,-22.618603240000002,False
HYPER,-21.687467070000004,False
RSR,-19.44552757,False
USUAL,-18.77731769,False
YGG,-16.884040059999997,False
INIT,-14.840724070000002,False
BIO,-12.655206269999997,False
ICP,-11.40944594,False
ARK,-10.890383090000002,False
MEME,-10.34401751,False
DOT,-10.228353389999999,False
IP,-9.83492646,False
AVAX,-9.28634387,False
BIGTIME,-7.76529689,False
BERA,-6.36465465,False
2Z,-5.75602591,False
ZORA,-5.656723279999999,False
SUSHI,-5.61089972,False
MORPHO,-5.0275253300000005,False
BCH,-4.39548111,False
SUI,-4.159150909999999,False
OP,-4.104463689999998,False
TRX,-3.0982616199999997,False
ARB,-2.28089084,False
VIRTUAL,-1.4879911199999993,False
MET,-1.254412289999999,False
WIF,-0.9945330199999993,False
CRV,-0.82117189,False
TIA,-0.37272923999999996,False
INJ,-0.25202519999999967,False
APT,-0.09821492999999973,False
