coin,fundingRate_avg_5d,isNew
kBONK,-164.82322739,False
STABLE,-60.62391945000001,False
POLYX,-45.37530131,False
0G,-40.12831681,False
SUPER,-37.818734049999996,False
kNEIRO,-30.491123260000006,False
XAI,-28.26599201,False
TRB,-28.107122840000002,False
MINA,-24.701083730000004,False
MOVE,-23.233628970000005,False
ZETA,-22.83586146,False
TRX,-22.604825220000002,False
W,-21.2782663,False
ATOM,-20.47964776,False
OP,-18.193352,False
MEME,-16.807930990000003,False
ACE,-15.904900549999995,False
VIRTUAL,-15.74295881,False
NEO,-15.551003849999995,False
UMA,-15.09191561,False
WCT,-13.95056207,False
TURBO,-13.71124471,False
MET,-13.33223163,False
IO,-13.237021380000002,False
ME,-12.770707600000001,False
BCH,-12.210745769999999,False
AERO,-11.502764760000002,False
MOODENG,-11.4705995,False
S,-11.1932871,False
POPCAT,-11.13037424,False
STRK,-11.056277779999999,False
TRUMP,-9.700423230000002,False
HYPER,-9.44028481,False
BSV,-8.730489750000002,False
ALT,-8.084726640000001,False
CELO,-7.541167910000002,False
RENDER,-7.101399850000001,False
GMT,-6.7438422,False
AVNT,-5.26705877,False
SEI,-4.960680689999999,False
SOPH,-4.792985089999999,False
ZK,-4.246409999999999,False
SNX,-3.740630959999999,False
GAS,-3.6264596899999977,False
SPX,-3.3437664599999986,False
PYTH,-3.06788267,False
TIA,-2.5988313899999995,False
MORPHO,-2.49824615,False
NOT,-2.2624598,False
ZORA,-1.677910109999998,False
KAS,-1.2282330299999997,False
AIXBT,-1.2215615599999996,False
kFLOKI,-1.2067432899999984,False
BIO,-0.9670543599999989,False
PENGU,-0.7193733900000001,False
MERL,-0.6940102699999997,False
