coin,fundingRate_avg_5d,isNew
PROVE,-436.9792124033057,False
ALT,-230.3232527404959,False
CHIP,-205.3038362876033,False
GMT,-133.43627647933883,False
TST,-62.3437088033058,False
FOGO,-53.45447346446283,False
STABLE,-52.42336571900826,False
ME,-47.747749745454534,False
LAYER,-33.8860437520661,False
BLAST,-26.21407919008264,False
MERL,-20.89791029752066,False
TRUMP,-20.698537041322318,False
POL,-18.158414320661162,False
MINA,-18.051501054545454,False
SAGA,-15.648937120661156,False
COMP,-15.198872211570245,False
JTO,-13.615625285950413,False
SUPER,-11.676185176859502,False
BSV,-11.017405666115703,False
OP,-10.491999689256199,False
SNX,-9.451939368595042,False
BLUR,-9.201178938842972,False
CAKE,-9.174692608264461,False
BIO,-8.974262360330577,False
WLD,-8.694179821487607,False
ZORA,-8.671282195041321,False
ICP,-7.186599748760331,False
BCH,-6.548330945454546,False
kFLOKI,-4.768328628099173,False
DASH,-4.343726360330578,False
IO,-4.277957583471073,False
BABY,-4.067879752066113,False
W,-3.1847682247933866,False
YGG,-3.070108512396694,False
STX,-2.850566985123967,False
kLUNC,-0.7987418677685943,False
SKY,-0.5993925024793383,False
MEGA,-0.43042585785123927,False
MOODENG,-0.3595661454545454,False
MOVE,-0.14004488925619774,False
TURBO,-0.12094881322314034,False
XRP,-0.10824319338842987,False
