coin,fundingRate_avg_5d,isNew
kBONK,-167.40180493,False
STABLE,-82.22005396363636,False
0G,-43.704510889999995,False
POLYX,-42.530901153719014,False
MOVE,-36.4649428661157,False
XAI,-36.38244248925619,False
SUPER,-36.245509209917365,False
TRX,-32.22737105454545,False
kNEIRO,-30.483485276033054,False
ZETA,-29.978894796694217,False
MINA,-28.339042343801655,False
W,-24.21313202,False
TRB,-21.310190660000004,False
IO,-18.40048714710744,False
MEME,-16.981611123966943,False
TRUMP,-15.808075540000003,False
ATOM,-15.18694702809917,False
ME,-15.100409087603305,False
STRK,-14.218984403305784,False
RENDER,-14.109047127272726,False
MOODENG,-14.095014476033057,False
WCT,-13.726681090909091,False
ALT,-13.570008852892565,False
OP,-13.548766214876032,False
MET,-12.4061748,False
BCH,-11.83237452892562,False
S,-11.186003811570247,False
VIRTUAL,-10.912207477685952,False
HYPER,-10.60255577,False
SEI,-9.195213451239669,False
UMA,-9.06052567,False
BSV,-8.32312214876033,False
POPCAT,-8.009173884297521,False
CELO,-7.421807196694217,False
MORPHO,-6.563314165289257,False
BIGTIME,-6.3417831768595025,False
SNX,-6.143097689256196,False
PROVE,-6.069440568595039,False
BLUR,-5.880131900826443,False
SOPH,-5.153795414876033,False
SPX,-5.031642644628098,False
PENGU,-4.7598270842975205,False
AERO,-4.501054512396693,False
AVNT,-3.82802588429752,False
ANIME,-3.777637785123965,False
ZK,-3.3344606975206608,False
SAND,-2.844110647933884,False
BIO,-2.808127319008264,False
CRV,-2.4350048925619827,False
KAS,-2.2781147404958677,False
STX,-1.5894665256198328,False
NOT,-1.418821001652891,False
LIT,-1.0793818611570238,False
AIXBT,-0.9774053256198347,False
SUSHI,-0.7536184561983469,False
YGG,-0.3342330942148749,False
RSR,-0.26167567933884156,False
