coin,fundingRate_avg_5d,isNew
HYPER,-335.4302271272728,False
STABLE,-215.53895585454546,False
YZY,-198.26454716033058,False
SKR,-170.23003427107443,False
BLAST,-95.83709170909093,False
AXS,-93.8076726446281,False
BIO,-93.25307125289258,False
APE,-78.2791833520661,False
TRUMP,-44.440327041322305,False
COMP,-39.00183162644628,False
kNEIRO,-32.82868858512398,False
MORPHO,-32.66496273719009,False
WLD,-30.94288863471074,False
REZ,-30.410365338842976,False
2Z,-28.471373365289253,False
ALT,-27.09333776528926,False
AZTEC,-26.21902750413223,False
BLUR,-23.30644333884298,False
UMA,-22.85903032066115,False
MET,-19.77178406280992,False
TRX,-18.07562073719008,False
USTC,-17.90337307438017,False
JTO,-16.780687130578514,False
W,-16.30447470743802,False
BABY,-15.673215352066116,False
AVNT,-15.571017282644625,False
BANANA,-15.105661467768595,False
AERO,-14.542953818181822,False
EIGEN,-14.360427996694217,False
INJ,-12.149444538842975,False
MINA,-12.010787494214876,False
PNUT,-11.570179765289254,False
CAKE,-11.547449375206613,False
JUP,-11.451657689256196,False
STRK,-11.429193719008262,False
PROVE,-9.737748485950412,False
MERL,-9.180831123966941,False
DYM,-8.382836390082646,False
MOVE,-7.6439962710743785,False
DOT,-7.067210360330578,False
XAI,-6.918585014876032,False
kLUNC,-6.198330575206612,False
POL,-6.106000175206612,False
IMX,-5.85476699504132,False
S,-5.711042905785123,False
INIT,-5.690509031404958,False
SAND,-5.61363098181818,False
KAITO,-4.555878357024794,False
TAO,-4.467930128925619,False
WLFI,-4.452356876033058,False
MON,-3.970713976859502,False
TIA,-3.2418414347107434,False
IP,-3.209740016528923,False
SUPER,-2.450718595041322,False
SUI,-2.05612041322314,False
ACE,-1.4573736892561973,False
GMX,-1.223184138842975,False
SOL,-0.4668696297520661,False
ICP,-0.1395728628099168,False
