coin,fundingRate_avg_5d,isNew
PROVE,-428.92309650247927,False
ALT,-262.4437879933884,False
SUPER,-260.2170227801653,False
GMT,-188.17632844958678,False
CHIP,-132.08250390743805,False
BLAST,-85.22669157024794,False
ME,-83.2951933785124,False
SAGA,-60.808143064462804,False
STABLE,-56.97595654214877,False
FOGO,-43.18306577851238,False
TST,-37.89211482644628,False
COMP,-29.221924373553712,False
OP,-23.63017094876033,False
POL,-17.546459543801653,False
MERL,-16.700561365289257,False
MINA,-15.57826853553719,False
BCH,-14.235895547107438,False
BLUR,-12.033924753719006,False
TRUMP,-11.193813966942148,False
ICP,-10.52280882644628,False
SNX,-10.228852909090909,False
kSHIB,-6.962268456198346,False
kLUNC,-6.75006216198347,False
ETC,-6.171636466115704,False
JTO,-6.102304323966942,False
SUSHI,-5.2125504000000005,False
STRK,-5.05306120661157,False
CAKE,-3.6143969950413215,False
LAYER,-2.7888270842975205,False
DASH,-2.7057048198347102,False
STX,-2.341259137190083,False
AIXBT,-2.338289424793387,False
SUI,-2.295547140495868,False
ADA,-2.2681963933884295,False
BSV,-1.9879705090909083,False
TON,-1.982540757024793,False
kFLOKI,-1.9823937917355376,False
AXS,-1.43864176859504,False
YGG,-1.3412341884297514,False
ZORA,-1.3065590677685945,False
UNI,-0.723117728925619,False
