coin,fundingRate_avg_5d,isNew
SOPH,-244.19387293884296,False
MOVE,-72.10234445950414,False
TRUMP,-69.1985550446281,False
TRX,-55.25062965619835,False
STABLE,-53.403845008264454,False
CHIP,-41.07317199669421,False
UMA,-37.6850407338843,False
ME,-35.08957870413222,False
EIGEN,-33.90181247603306,False
LAYER,-33.391160945454544,False
ZORA,-30.99955787107438,False
ZEC,-29.85700917024793,False
kNEIRO,-28.855240909090913,False
HMSTR,-28.629512360330576,False
IO,-27.059002909090907,False
XLM,-25.618479550413223,False
kLUNC,-25.355454396694217,False
BRETT,-24.984359077685948,False
ALT,-24.83497356694215,False
TON,-21.553552135537196,False
0G,-20.70285043636364,False
IP,-19.60269434380165,False
POL,-17.27067736859504,False
MOODENG,-16.082853223140496,False
MINA,-15.994942641322314,False
GAS,-15.312477104132231,False
WLD,-13.274633236363641,False
SEI,-13.179672664462808,False
AIXBT,-12.55670924628099,False
JUP,-12.052801467768594,False
ETC,-11.208926052892561,False
AVAX,-10.158743950413223,False
W,-10.012850132231407,False
STRK,-9.987884132231406,False
SNX,-9.959582092561982,False
ZK,-9.564467722314049,False
AVNT,-9.163179361983467,False
SKR,-8.200746396694212,False
HYPER,-8.079706363636362,False
FIL,-7.689542479338844,False
2Z,-7.291782733884298,False
SAND,-6.410769262809916,False
S,-5.242490776859502,False
APT,-5.003530284297519,False
OP,-4.676588985123966,False
IOTA,-4.272619051239668,False
APE,-3.8612212165289246,False
XAI,-3.688407411570248,False
ZEN,-3.62271827107438,False
XRP,-3.3627048198347107,False
NOT,-3.27192081322314,False
TIA,-3.1668225322314045,False
ADA,-2.064388839669421,False
VIRTUAL,-1.4365024462809912,False
KAS,-1.434733071074379,False
MERL,-0.9738079338842958,False
SAGA,-0.9513866776859489,False
ALGO,-0.7030319900826442,False
PNUT,-0.5276300033057847,False
