coin,fundingRate_avg_5d,isNew
DOOD,-522.86619599,False
0G,-121.47122912,False
YZY,-107.35288530999999,False
REZ,-97.03523102,False
BLAST,-81.96506722,False
KAITO,-60.22111785999999,False
TRUMP,-55.30055359,False
OM,-48.28447394999999,False
APT,-47.91755551000001,False
ME,-41.51399916,False
ASTER,-34.70504169,False
MOODENG,-31.42120312,False
FARTCOIN,-31.227165469999996,False
ZORA,-26.075880319999992,False
SOL,-25.321269829999995,False
MELANIA,-24.546985109999994,False
kBONK,-22.800309729999995,False
IP,-20.250211679999996,False
SUPER,-18.522339639999995,False
VINE,-17.906902920000004,False
BSV,-16.688766519999998,False
AI16Z,-16.087774309999993,False
CAKE,-15.597024510000006,False
SPX,-15.197693339999997,False
ATOM,-15.081938699999997,False
PROVE,-15.03464492,False
CELO,-14.978964169999996,False
ALGO,-14.944522039999999,False
SNX,-12.676298889999996,False
SEI,-12.274660919999997,False
ONDO,-12.007972209999998,False
HYPER,-11.995762229999999,False
XPL,-11.432721990000006,False
PUMP,-11.378534089999999,False
BIO,-10.66880181,False
GRASS,-10.417089779999998,False
WIF,-8.790739569999998,False
FTT,-7.7360793699999935,False
IOTA,-6.405678459999999,False
PURR,-4.850527339999996,False
RENDER,-4.464056579999998,False
ETC,-4.460653319999996,False
AVNT,-4.279748370000003,False
XAI,-3.875879519999999,False
VVV,-3.611197580000004,False
RUNE,-3.4944034199999976,False
MEME,-3.2642825999999996,False
ZEN,-2.4826723299999967,False
FIL,-2.1944055499999964,False
TURBO,-2.1883093199999992,False
GMX,-1.9281767399999998,False
NEAR,-1.8214368699999968,False
POPCAT,-1.2858336799999976,False
DOT,-1.1614482499999967,False
kSHIB,-0.6960345599999971,False
TIA,-0.5781096299999978,False
EIGEN,-0.22476408000000175,False
