coin,fundingRate_avg_5d,isNew
GAS,-1003.4000905600001,False
POLYX,-851.3849037,False
0G,-613.3936025699999,False
TST,-310.1752027399999,False
WCT,-183.08969180999998,False
KAITO,-167.42139740000002,False
GMT,-141.96089174999997,False
AVNT,-136.12843338,False
MERL,-136.06051564,False
RESOLV,-127.10654733999999,False
TNSR,-116.21414434,False
BLAST,-113.8626698,False
REZ,-110.18020523999999,False
ANIME,-104.98976508000001,False
ZORA,-96.60873217000001,False
BIGTIME,-77.16768899000002,False
TURBO,-74.63714034,False
DYM,-74.56180288,False
kLUNC,-72.59129636000002,False
ARK,-67.13892563,False
MANTA,-64.21270603,False
USTC,-60.63635573000002,False
SOPH,-50.25935463,False
CELO,-46.840541980000005,False
IMX,-46.55550691,False
VVV,-43.96081608,False
LAYER,-43.51735640999999,False
SUPER,-39.218150619999996,False
HYPER,-39.176104810000005,False
MOODENG,-37.83082212,False
XAI,-34.638764259999995,False
OM,-30.478542440000002,False
IO,-28.777478189999997,False
kNEIRO,-27.86477744,False
PROVE,-26.124963329999996,False
USUAL,-26.0631827,False
EIGEN,-26.018191339999998,False
BLUR,-25.06408207,False
FET,-24.449305270000004,False
CFX,-23.66735263,False
NEO,-23.368953449999996,False
SAGA,-19.32682519,False
WIF,-18.9415509,False
MOVE,-17.247269810000002,False
BSV,-16.920421070000003,False
kFLOKI,-16.15355169,False
UMA,-15.183662740000003,False
ZRO,-13.972847510000001,False
TRUMP,-13.324297990000002,False
MEW,-12.220725600000002,False
ME,-11.35489888,False
BANANA,-11.25425378,False
NIL,-11.140633659999995,False
XLM,-10.90408519,False
SUSHI,-10.86943428,False
NOT,-10.83276565,False
SEI,-10.15420948,False
ALT,-10.049034729999999,False
BABY,-10.03658969,False
2Z,-9.38129059,False
ETC,-8.91763693,False
ZETA,-8.729005659999999,False
FIL,-8.44656282,False
INIT,-8.440465130000002,False
CC,-7.538517280000004,False
ATOM,-7.33857101,False
STX,-6.893896619999999,False
GMX,-6.554248789999999,False
BIO,-6.543930969999999,False
FXS,-5.7571362399999995,False
SCR,-5.6942284899999995,False
DOT,-5.528040339999999,False
SKY,-5.02679606,False
POL,-5.013715919999999,False
PYTH,-4.02830133,False
kSHIB,-3.9097967799999997,False
BOME,-3.5486840299999995,False
PAXG,-2.63520729,False
SAND,-2.2506002199999995,False
JUP,-2.0891556099999993,False
IOTA,-0.6590060399999994,False
ADA,-0.10943867999999976,False
