coin,fundingRate_avg_5d,isNew
OM,-1381.59424415,False
INIT,-902.48611039,False
YZY,-861.6585470200001,False
VVV,-615.1477049699998,False
AXS,-576.8616949999999,False
BERA,-474.58033504,False
MOVE,-342.27069007000006,False
JTO,-311.83613159,False
MOODENG,-307.04636361,False
0G,-288.79205733999993,False
COMP,-276.48410988,False
BLAST,-206.90049163000003,False
ACE,-196.28039542,False
SUPER,-127.67922504,False
SOPH,-125.04194309,False
RESOLV,-120.23999506,False
UMA,-103.68842912000001,False
AVNT,-89.25657512999999,False
ZORA,-86.23285746,False
ARK,-81.44032205,False
TNSR,-64.98616731000001,False
NXPC,-48.36028591,False
DYM,-47.82799765,False
SKR,-43.101579799999996,False
XAI,-34.24591476,False
AZTEC,-32.78977646,True
REZ,-31.217669629999996,False
MINA,-27.002199949999998,False
PYTH,-26.110602039999996,False
2Z,-26.035190120000003,False
APT,-21.78760774,False
LAYER,-20.84830798,False
BSV,-20.71194763,False
MERL,-20.19953435,False
BIGTIME,-19.9220869,False
TAO,-19.46419805,False
FET,-19.205829149999996,False
YGG,-18.534273680000005,False
IP,-17.92952489,False
SKY,-17.836471060000004,False
BABY,-17.44002485,False
IO,-17.101189509999998,False
CELO,-16.009262810000003,False
XRP,-14.66063526,False
SAGA,-14.58104336,False
TRUMP,-14.551852849999998,False
SOL,-14.20942956,False
POLYX,-13.974584910000003,False
SPX,-13.711568100000001,False
KAS,-12.09297049,False
LINEA,-11.61941803,False
XLM,-10.570343059999999,False
kLUNC,-10.15484531,False
MANTA,-10.08395209,False
DASH,-9.87607583,False
BLUR,-9.65284986,False
MEME,-9.373204379999999,False
CAKE,-8.59764873,False
DOT,-7.464041950000001,False
RSR,-6.84532899,False
NEO,-6.69342986,False
SEI,-6.52848636,False
kFLOKI,-6.0862479800000004,False
NIL,-5.780779479999997,False
KAITO,-5.145069929999999,False
AIXBT,-4.755905469999998,False
S,-4.000650389999999,False
EIGEN,-3.682584279999999,False
WCT,-3.395611789999999,False
USTC,-2.4685154399999982,False
ZETA,-2.389945539999998,False
ENS,-1.9074600699999988,False
STX,-1.3275247099999994,False
IOTA,-1.306214549999999,False
UNI,-1.2390545499999999,False
ADA,-1.1617658000000002,False
JUP,-0.7902184299999998,False
kSHIB,-0.7768207399999999,False
PENGU,-0.3330165099999999,False
ATOM,-0.3233746699999995,False
