coin,fundingRate_avg_5d,isNew
TRUMP,-82.99587686000001,False
MOVE,-43.73223702000001,False
STABLE,-39.59014986,False
kNEIRO,-35.34921851,False
BRETT,-34.45534154,False
TRX,-33.90185116000001,False
LAYER,-28.56140257,False
SOPH,-23.37171212000001,False
ME,-22.772425190000003,False
IO,-19.75219838,False
EIGEN,-19.547182260000003,False
GAS,-16.270175030000004,False
HYPER,-15.803390400000001,False
MINA,-15.54662458,False
UMA,-13.85935806,False
XLM,-13.57372293,False
AVAX,-12.244415559999998,False
0G,-10.675568909999999,False
ADA,-9.57508807,False
ZORA,-9.295073210000002,False
XAI,-9.068218410000002,False
SKR,-8.418617690000001,False
KAITO,-8.24714653,False
MOODENG,-7.65596625,False
IP,-7.5038262200000005,False
ALT,-6.97786122,False
CHIP,-6.6622281999999995,False
POLYX,-5.34795956,False
2Z,-5.259795269999998,False
NOT,-4.46138332,False
DOT,-4.033166780000001,False
kLUNC,-3.50202535,False
ETC,-2.404649199999999,False
ORDI,-1.8073099099999996,False
BABY,-1.531007099999999,False
IOTA,-1.2238654400000002,False
RENDER,-1.2170340999999993,False
OP,-0.6864730199999991,False
APE,-0.533079579999999,False
kSHIB,-0.3018257999999998,False
BNB,-0.11725916999999973,False
AIXBT,-0.05677939999999906,False
