coin,fundingRate_avg_5d,isNew
ALT,-310.64842597,False
SUPER,-295.26218239,False
GMT,-190.9377707,False
CHIP,-105.51262904,False
ME,-95.68307976000001,False
BLAST,-88.3909331,False
SAGA,-62.94824748000001,False
STABLE,-58.44011642000002,False
COMP,-34.889744099999994,False
PROVE,-30.559006690000004,False
FOGO,-28.064398859999997,False
BCH,-24.391605339999995,False
OP,-23.050875660000003,False
PURR,-21.863475180000005,False
TON,-21.306115799999997,False
MINA,-20.52518589,False
kSHIB,-19.998869759999998,False
ETC,-17.20524371,False
BLUR,-16.82019572,False
TST,-13.791880509999999,False
TRUMP,-12.33015552,False
MEGA,-11.985692610000001,False
DASH,-11.938146979999997,False
POL,-10.15867343,False
SNX,-9.88699955,False
VVV,-9.69811132,False
SUSHI,-9.40820861,False
AIXBT,-9.29607696,False
MERL,-8.86952555,False
ICP,-6.8411103199999985,False
SEI,-6.6849341199999985,False
kLUNC,-6.10759099,False
SAND,-5.95778988,False
ADA,-5.822039809999999,False
MOVE,-5.263870859999999,False
STRK,-4.494479329999999,False
AXS,-3.8725054599999997,False
NOT,-3.8497352999999994,False
BOME,-3.566415,False
STX,-3.46721311,False
BTC,-3.1294983199999997,False
SOL,-2.90010385,False
SUI,-2.3356291600000003,False
BSV,-2.088594239999999,False
KAITO,-1.6414086499999994,False
MOODENG,-1.5242472999999994,False
XRP,-0.99197291,False
UNI,-0.9059380299999993,False
ZEC,-0.5408037099999994,False
PNUT,-0.18503163999999991,False
JUP,-0.04072450999999962,False
