coin,fundingRate_avg_5d,isNew
CHIP,-210.24778399,False
POLYX,-126.60475191000002,False
WLD,-54.93238393,False
HYPER,-52.84892743,False
STABLE,-50.15132777,False
BSV,-47.1614456,False
LAYER,-37.37316248999999,False
BIO,-26.89698578,False
0G,-26.718431430000003,False
kLUNC,-25.238003840000005,False
TRUMP,-25.19596022,False
JTO,-22.113116930000004,False
MINA,-21.89714497,False
MOVE,-21.218512880000002,False
POL,-21.1469977,False
BABY,-21.02586953,False
APE,-20.984286540000006,False
SAGA,-17.669200319999998,False
FOGO,-16.695860659999994,False
CAKE,-16.202825230000002,False
BCH,-15.75384968,False
ACE,-15.47544009,False
BANANA,-15.10207429,False
W,-15.016254030000002,False
APT,-13.55985731,False
MON,-12.852617250000002,False
BLAST,-12.410238709999998,False
SKY,-12.1491272,False
DASH,-11.52276092,False
2Z,-10.34476065,False
kSHIB,-9.934253909999999,False
PROVE,-9.84841175,False
AXS,-9.712872649999998,False
EIGEN,-9.542495759999998,False
ANIME,-8.70294758,False
COMP,-8.652803879999999,False
SAND,-8.270294829999997,False
STX,-7.9861043700000005,False
MERL,-7.610321539999999,False
ICP,-7.389807519999998,False
GAS,-6.94212772,False
ALT,-6.9420101899999995,False
PYTH,-6.6387499399999985,False
BIGTIME,-6.3971184800000005,False
ZORA,-5.289385089999998,False
YGG,-4.04979837,False
IO,-3.531290319999999,False
AERO,-3.1755598599999995,False
BLUR,-2.9756515499999994,False
ATOM,-2.8770497199999983,False
XRP,-2.52238141,False
TURBO,-2.25390274,False
MEGA,-1.6033245499999997,False
kFLOKI,-1.47216326,False
STRK,-1.4141654899999991,False
SUSHI,-1.0391637599999999,False
S,-0.5425140999999996,False
AVNT,-0.18360375999999975,False
