coin,fundingRate_avg_5d,isNew
SUPER,-529.577552568595,False
BLUR,-421.80851046942155,False
REZ,-282.61813966611567,False
TNSR,-201.0053882677686,False
BLAST,-162.4341685586777,False
ALT,-129.95408019173553,False
FTT,-77.70488571570252,False
SOPH,-77.02887,False
DYM,-76.37150150082644,False
MINA,-63.14895840991737,False
BERA,-60.55785031735537,False
AXS,-59.19358312066115,False
TRUMP,-58.740409497520666,False
POL,-58.7043414644628,False
STABLE,-58.44352875371901,False
NIL,-56.66377982479338,False
TURBO,-52.16058237024794,False
JTO,-48.44365572892563,False
APT,-37.871346386776864,False
0G,-32.41151349421487,False
EIGEN,-31.05439619504132,False
DASH,-31.033406221487606,False
BSV,-29.34782439669422,False
COMP,-28.468983550413224,False
AVNT,-28.287541507438025,False
IMX,-25.506512995041323,False
ANIME,-25.38466573884298,False
W,-24.70015789090909,False
MOODENG,-24.307733781818186,False
ZEC,-24.11123901818182,False
STRK,-23.26153711735537,False
ZETA,-22.945492244628106,False
MOVE,-22.30345157355372,False
LAYER,-21.26530542148761,False
POLYX,-19.738349097520665,False
GAS,-19.023247130578515,False
NEO,-18.473241480991735,False
ME,-18.17103306446282,False
BANANA,-15.843828297520663,False
HYPER,-14.21854712727273,False
2Z,-14.077249051239669,False
kLUNC,-13.865059408264463,False
OP,-13.542729054545456,False
MERL,-12.944051107438018,False
S,-12.794282618181816,False
WLFI,-12.415748538842971,False
ICP,-11.512267477685949,False
PROVE,-10.697612816528926,False
XAI,-10.515868879338845,False
AIXBT,-10.242268016528923,False
SEI,-9.11884290247934,False
FET,-8.317249328925625,False
KAS,-7.522466836363634,False
TIA,-7.326077771900828,False
ARK,-6.172151930578512,False
HBAR,-5.697329523966942,False
IO,-5.428563312396693,False
ARB,-4.4970278082644635,False
DOT,-3.5102427669421488,False
kNEIRO,-3.46296265785124,False
INIT,-2.5300537884297523,False
INJ,-1.989883953719008,False
GMT,-1.8730074545454536,False
ADA,-1.7172503107438015,False
JUP,-1.2448169950413215,False
APE,-1.2013760826446271,False
BRETT,-0.905943996694214,False
BABY,-0.4430931074380165,False
STX,-0.4198993785123957,False
ZORA,-0.3369508661157009,False
KAITO,-0.23706007933884257,False
MEW,-0.0640341520661153,False
