coin,fundingRate_avg_5d,isNew
YZY,-237.89317126611573,False
BLUR,-207.85392296528929,False
SUPER,-193.9426281322314,False
MOVE,-146.53430377190082,False
BLAST,-137.65358952396696,False
BIO,-112.41550175206613,False
COMP,-101.65241119338843,False
WLD,-87.36176347438018,False
FET,-79.77604292231406,False
STABLE,-77.72682698181819,False
FTT,-71.89415907768598,False
UMA,-71.3119188,False
kNEIRO,-61.726802816528924,False
IP,-60.55620256859505,False
AXS,-51.29404027438016,False
MEME,-44.73159776528926,False
ALT,-43.32579658512396,False
AERO,-37.506044251239665,False
USTC,-34.00470338181819,False
BOME,-33.728566462809916,False
2Z,-29.538250145454544,False
0G,-25.626895666115704,False
JTO,-22.379154624793394,False
W,-20.455228403305785,False
AVNT,-20.038509411570246,False
JUP,-19.219508776859506,False
MET,-18.876705361983472,False
SAND,-18.794912300826446,False
KAITO,-18.787281689256197,False
ZETA,-17.862106234710744,False
PNUT,-16.64475147768595,False
XAI,-16.30731917355372,False
TRUMP,-15.518162628099175,False
MORPHO,-14.599612919008266,False
INIT,-13.304137785123965,False
TAO,-12.930229130578514,False
DYM,-12.290498638016526,False
IMX,-11.90733044628099,False
PROVE,-11.216177305785124,False
PYTH,-11.148018714049588,False
EIGEN,-10.587891282644629,False
S,-10.440401117355371,False
ARB,-9.943914723966943,False
DOT,-9.386135117355373,False
BABY,-8.995735943801654,False
DASH,-8.922576912396694,False
kLUNC,-8.019410776859505,False
BANANA,-7.967828856198347,False
MERL,-7.657685761983472,False
OP,-7.184137537190082,False
TON,-6.693356003305783,False
TURBO,-6.10849351735537,False
STRK,-5.941433077685948,False
MANTA,-5.704799414876032,False
BERA,-5.530589801652891,False
REZ,-5.441697520661157,False
USUAL,-5.224112152066114,False
GAS,-4.78230698181818,False
ETH,-4.704315471074381,False
YGG,-4.682148327272725,False
TIA,-3.6553221223140486,False
IO,-3.266931957024792,False
ARK,-2.4804924595041307,False
BTC,-2.4221964694214875,False
SAGA,-2.2777585487603305,False
ANIME,-2.2067069851239656,False
ADA,-2.012759137190083,False
LAYER,-1.8836106743801646,False
ENA,-1.4805942049586764,False
ONDO,-0.6090444297520656,False
GMX,-0.5662044099173549,False
