coin,fundingRate_avg_5d,isNew
IOTA,-34.63237384,False
kNEIRO,-29.38290515,False
SNX,-28.771061489999994,False
STABLE,-24.198039269999995,False
POLYX,-23.86661708,False
BIGTIME,-17.9101558,False
ATOM,-16.66911419,False
XAI,-15.013647929999998,False
BLUR,-14.310536749999999,False
ANIME,-13.601609659999998,False
PENGU,-12.732435890000001,False
ME,-11.74502621,False
TRX,-11.69762147,False
STX,-11.2857635,False
AVNT,-9.62839559,False
KAS,-9.04942164,False
PROVE,-7.72653097,False
SUPER,-7.667268109999998,False
OP,-7.50555048,False
MINA,-5.5119124500000005,False
ZETA,-3.3459827399999984,False
IO,-3.217949499999999,False
NEO,-2.8502244099999996,False
YGG,-2.5820902999999986,False
CELO,-2.4299823899999997,False
ICP,-1.8384473299999995,False
ADA,-1.6125984699999998,False
RENDER,-0.6573781399999988,False
