coin,fundingRate_avg_5d,isNew
AVNT,-249.23259525619838,False
ANIME,-233.74134103140497,False
BABY,-156.72171536528924,False
BLAST,-150.48647116363637,False
POLYX,-120.53923109752067,False
IP,-112.3925433123967,False
0G,-107.75051578512397,False
ZK,-83.77485622809918,False
kLUNC,-79.02443709421487,False
SOPH,-48.51828006942148,False
BERA,-46.88992638347108,False
GAS,-44.463530181818186,False
ACE,-44.22791948429752,False
TNSR,-42.71295132892562,False
VVV,-42.39608402975206,False
REZ,-33.65992498512397,False
ZETA,-31.823333791735532,False
KAITO,-27.91111634380165,False
XAI,-25.827703100826447,False
WCT,-19.97726398016529,False
MINA,-18.237481646280994,False
ATOM,-16.125072803305788,False
CELO,-15.556835494214877,False
USTC,-14.632044466115712,False
BSV,-13.351297715702477,False
SCR,-12.549447133884298,False
SUPER,-12.34935208264463,False
PROVE,-12.273620072727272,False
TRUMP,-12.076888571900826,False
USUAL,-11.278595563636364,False
LAYER,-8.236124489256197,False
ZORA,-5.318363236363635,False
ARK,-5.15025376859504,False
MELANIA,-4.469105851239664,False
ZRO,-4.02971149090909,False
2Z,-3.3645683107438025,False
DOOD,-3.0546691933884267,False
STRK,-2.397298522314049,False
HYPER,-1.3909859206611566,False
UMA,-0.3932298842975201,False
