coin,fundingRate_avg_5d,isNew
BLAST,-167.07660802314052,False
CHIP,-79.2561152033058,False
STABLE,-65.78641920991736,False
JTO,-64.85305911,False
IO,-56.31667170247934,False
WIF,-54.37623541487603,False
kLUNC,-52.43346795371901,False
COMP,-47.635505186776854,False
HYPER,-45.61376234380166,False
BABY,-31.284999937190086,False
XAI,-29.4016947768595,False
STX,-28.41593125289256,False
2Z,-27.441800429752067,False
BIO,-18.679316499173556,False
KAITO,-18.317586416528922,False
MEGA,-16.40126329586777,False
WLD,-15.882499715702483,False
REZ,-14.938558314049587,False
BERA,-13.512742343801655,False
TRUMP,-12.748357051239672,False
kNEIRO,-12.390023097520661,False
APE,-10.469701507438018,False
APT,-9.250958905785122,False
FTT,-8.47473458181818,False
ARB,-7.144117368595039,False
0G,-6.702008132231405,False
MINA,-5.667279828099173,False
USTC,-5.354523213223141,False
ATOM,-5.298205824793388,False
ICP,-4.546988766942146,False
DYM,-4.176312624793388,False
BANANA,-3.825371821487603,False
SUI,-3.305670704132232,False
MERL,-3.0491330181818177,False
WLFI,-1.635975609917354,False
ORDI,-1.5164602512396685,False
SEI,-1.3128445487603306,False
TIA,-1.1298235338842975,False
IMX,-1.0071943933884289,False
EIGEN,-0.785613451239668,False
SCR,-0.4200391041322315,False
XRP,-0.09710713388429751,False
