coin,fundingRate_avg_5d,isNew
HYPER,-340.10338942000004,False
STABLE,-218.40944679,False
YZY,-204.44590897000003,False
SKR,-171.73986789000003,False
AXS,-94.35378553000001,False
BLAST,-93.59889910000001,False
BIO,-90.17939076000003,False
APE,-79.66988371000001,False
TRUMP,-46.31612604,False
COMP,-37.77757665,False
MORPHO,-33.15912215,False
kNEIRO,-32.21470947,False
REZ,-30.360661310000005,False
WLD,-29.93362007,False
2Z,-28.41562668,False
ALT,-26.87977165,False
AZTEC,-26.68879416,False
BLUR,-23.236332160000003,False
MET,-20.027798930000007,False
UMA,-18.757328830000002,False
TRX,-18.6915624,False
USTC,-17.866641960000003,False
JTO,-16.788704980000002,False
W,-16.531595330000002,False
AERO,-15.818248090000003,False
AVNT,-15.792025759999998,False
BABY,-15.300532089999997,False
BANANA,-15.103626999999998,False
EIGEN,-13.8715184,False
INJ,-12.53162457,False
MINA,-12.20212739,False
STRK,-11.8186343,False
CAKE,-11.73492812,False
JUP,-11.67693984,False
PNUT,-11.40250656,False
PROVE,-9.61776314,False
DYM,-8.50467301,False
MERL,-8.413706249999997,False
MOVE,-7.319976449999999,False
XAI,-7.06748989,False
DOT,-6.8894115,False
POL,-6.2939979500000005,False
kLUNC,-6.27016929,False
S,-5.81571436,False
SAND,-5.751661239999999,False
INIT,-5.6886936299999995,False
IMX,-5.23708935,False
WLFI,-4.65748614,False
MON,-4.582043559999998,False
TAO,-4.333943569999999,False
KAITO,-3.9831136,False
TIA,-3.5075405,False
IP,-3.3277378499999974,False
SUI,-2.02796774,False
SUPER,-1.9838034700000005,False
ACE,-1.5607684699999989,False
GMX,-0.9504906599999995,False
SOL,-0.37564047999999983,False
ICP,-0.23198596999999946,False
USUAL,-0.01933696999999867,False
