coin,fundingRate_avg_5d,isNew
AVNT,-972.6122602600002,False
BIO,-696.3725989100001,False
0G,-496.95929606999994,False
DOOD,-346.4400712,False
BLAST,-222.86592816000004,False
OM,-199.57211434,False
MERL,-190.88315429,False
REZ,-177.41903136999997,False
KAITO,-175.83028784,False
MOODENG,-134.24765043,False
ZORA,-117.12513762,False
APT,-100.46403737,False
PROVE,-87.33200386000001,False
VVV,-86.70985917,False
IO,-85.02139034,False
GRASS,-55.28695223,False
NXPC,-47.226096590000004,False
HYPER,-45.64807384,False
ATOM,-45.499023900000005,False
YZY,-36.61520568,False
BERA,-35.3799099,False
MORPHO,-34.80108852000001,False
kFLOKI,-34.03433156,False
MEW,-33.47654148,False
INIT,-30.35117496,False
BSV,-29.058960349999996,False
TRUMP,-25.54855679,False
IP,-24.552752840000004,False
RESOLV,-23.639552769999998,False
IOTA,-23.49452075,False
SKY,-23.06902127,False
TIA,-22.429638359999995,False
MOVE,-22.24033476,False
SEI,-22.22341993,False
SOPH,-22.123772739999996,False
SAND,-21.330654019999997,False
BABY,-21.067490480000004,False
ARK,-19.26235597,False
STX,-19.118824829999998,False
LAYER,-18.906843049999996,False
ZK,-18.194609059999998,False
AIXBT,-17.41918043,False
DYDX,-16.56177207,False
BANANA,-16.34535773,False
GOAT,-15.588744849999998,False
TURBO,-15.32406145,False
PROMPT,-13.9996991,False
GMX,-13.820204509999998,False
USUAL,-11.908281220000001,False
CELO,-11.588684299999999,False
POLYX,-11.25452315,False
VIRTUAL,-11.211052379999998,False
ENA,-10.7286348,False
WCT,-10.61768502,False
WLFI,-10.26115302,False
BCH,-9.60662553,False
BRETT,-9.439213900000002,False
2Z,-8.9544647,False
PNUT,-8.782604449999997,False
S,-7.9156265199999964,False
OP,-7.77168585,False
BLUR,-7.4317219299999975,False
kPEPE,-7.130970689999999,False
PENGU,-6.520576079999999,False
CFX,-6.341884489999999,False
CHILLGUY,-6.245321549999997,False
kSHIB,-5.098988679999999,False
INJ,-4.9747967,False
WLD,-4.479787349999999,False
TNSR,-3.6523381899999996,False
RUNE,-3.6365935499999984,False
GAS,-3.06134625,False
BNB,-2.9302798599999997,False
COMP,-2.5631168699999995,False
TST,-2.54852125,False
TRX,-2.3731883899999993,False
YGG,-1.7704084099999993,False
RENDER,-0.5705533999999998,False
