coin,fundingRate_avg_5d,isNew
ME,-259.97924423000006,False
BLUR,-194.01811812,False
STABLE,-80.34150196,False
CELO,-38.43998741,False
ZETA,-37.30945684999999,False
HMSTR,-29.956458849999997,False
MINA,-28.81526445,False
ATOM,-26.30284097,False
kNEIRO,-21.82385954,False
HYPER,-20.79042482,False
IOTA,-14.57975929,False
DYDX,-13.784488530000003,False
MANTA,-11.43485797,False
0G,-8.995135919999997,False
TRX,-8.10234957,False
TRUMP,-6.902870509999999,False
AIXBT,-4.68722853,False
W,-3.939719479999998,False
PYTH,-3.422926929999999,False
MEME,-2.90679138,False
TIA,-1.62752989,False
SNX,-1.0956372899999993,False
BCH,-0.9835946999999999,False
INJ,-0.09012872000000001,False
