coin,fundingRate_avg_5d,isNew
BLUR,-670.0402265199999,False
VINE,-73.95563132,False
STABLE,-60.38764765,False
BANANA,-44.119058910000014,False
0G,-37.19675141999999,False
IOTA,-34.157996479999994,False
kNEIRO,-33.99877179999999,False
MINA,-28.637733560000004,False
SNX,-26.240147110000002,False
ZETA,-23.401902000000003,False
ME,-22.340330889999997,False
ATOM,-21.25596626,False
HYPER,-19.251098640000002,False
AIXBT,-17.612571300000003,False
W,-17.567705500000002,False
ANIME,-16.85862584,False
STX,-14.81017649,False
INJ,-13.508197400000002,False
KAS,-11.968294519999999,False
ZORA,-11.69169022,False
SAND,-11.13649529,False
OP,-5.62359807,False
MEME,-5.445429159999998,False
BIO,-5.278540939999998,False
ALT,-3.8466167399999995,False
CELO,-3.3136313299999993,False
UMA,-2.458191049999999,False
XAI,-2.238962559999999,False
POLYX,-2.07821437,False
FIL,-1.5848285399999993,False
SEI,-1.4313431200000002,False
APE,-0.09953111999999929,False
