coin,fundingRate_avg_5d,isNew
HYPER,-275.28725298,False
STABLE,-218.61759315,False
YZY,-182.68423156000003,False
SKR,-171.73986789,False
BIO,-117.73037624,False
BLAST,-99.7024656,False
AXS,-85.83672003999999,False
APE,-73.41914921,False
UMA,-63.06004333,False
WLD,-40.87072389,False
COMP,-36.25643915,False
kNEIRO,-36.226401110000005,False
MORPHO,-31.94447734000001,False
REZ,-31.143624999999993,False
ALT,-28.06466604,False
2Z,-27.806920560000002,False
IP,-24.537730899999996,False
SUPER,-24.169893390000002,False
AZTEC,-22.25878259,False
BLUR,-22.05690912,False
TRUMP,-21.017185450000003,False
MET,-20.027798930000003,False
AERO,-19.83015508,False
USTC,-17.9123969,False
BANANA,-15.360841769999999,False
BABY,-14.962582240000003,False
JUP,-14.389128549999999,False
TRX,-13.641274209999999,False
W,-13.3961497,False
JTO,-12.20458019,False
AVNT,-11.84860737,False
PNUT,-11.42730539,False
CAKE,-11.09804181,False
DYM,-11.059449630000001,False
EIGEN,-10.52570356,False
STRK,-10.202750100000001,False
MERL,-9.977490349999998,False
IMX,-9.440164359999999,False
PROVE,-8.92297907,False
MOVE,-8.844054389999998,False
DOT,-8.80632288,False
KAITO,-7.61362917,False
INIT,-7.05473752,False
XAI,-6.86154156,False
SAND,-6.359630059999998,False
kLUNC,-6.22902065,False
S,-5.675317109999998,False
WLFI,-4.351015350000001,False
GMX,-3.0294415999999993,False
POL,-2.7095220199999996,False
ARB,-1.9323793500000004,False
TAO,-1.9198080200000003,False
SUI,-1.60064107,False
TIA,-1.2359673800000002,False
ACE,-1.2046576799999988,False
SOL,-0.65095852,False
ICP,-0.32182122999999974,False
YGG,-0.24713273999999913,False
MON,-0.02359870999999847,False
