coin,fundingRate_avg_5d,isNew
0G,-763.8781028,False
AXS,-705.5896781900001,False
AVNT,-388.58677450000005,False
YZY,-367.83747496,False
RESOLV,-348.79057995000005,False
LAYER,-218.33055422999996,False
BLAST,-201.49219319000002,False
BERA,-175.30804511,False
MOVE,-162.39250404999999,False
KAITO,-156.0096432,False
ZORA,-141.80915249,False
DASH,-125.75704890000002,False
SUPER,-117.58645746999997,False
MOODENG,-107.45639274,False
WCT,-83.62315272000001,False
MANTA,-52.78650294,False
FOGO,-50.92526063,False
ZETA,-50.56910458,False
XAI,-46.29262807,False
DYM,-43.89853759,False
ANIME,-42.93709912,False
IO,-40.92453949000001,False
ME,-40.09606832999999,False
REZ,-37.99414137,False
SOPH,-36.54856909,False
kPEPE,-34.43148952,False
POPCAT,-34.10400422,False
ACE,-29.89081359999999,False
SKY,-29.465194399999994,False
LINEA,-27.893081729999995,False
POL,-26.6477375,False
APT,-26.42667525,False
ATOM,-26.2179427,False
kFLOKI,-25.772655840000002,False
PURR,-24.637347430000002,False
IP,-24.616619810000003,False
AIXBT,-19.00972779,False
ICP,-18.83451319,False
SAND,-18.808185740000006,False
HEMI,-18.110549560000003,False
TRUMP,-17.880536779999996,False
STRK,-17.145575700000002,False
WLFI,-16.922119780000003,False
kLUNC,-16.014493990000002,False
JTO,-15.458734039999998,False
TURBO,-14.23942672,False
SAGA,-13.796079470000002,False
MERL,-13.33797527,False
STX,-13.320698359999998,False
HYPER,-12.62077363,False
AVAX,-12.318752190000001,False
PROVE,-12.25214918,False
EIGEN,-11.10651638,False
ENA,-9.85121349,False
ETC,-9.069705419999998,False
S,-9.017024970000001,False
CAKE,-8.854713849999998,False
RSR,-8.66223548,False
ZEC,-7.688589219999999,False
2Z,-7.518373660000001,False
BRETT,-7.23827923,False
XLM,-6.739170929999999,False
VVV,-6.6088797999999995,False
SOL,-6.202271259999999,False
LTC,-5.9599601700000004,False
GMT,-5.85491755,False
PENGU,-5.7723881299999995,False
PNUT,-5.11540857,False
SPX,-4.972308859999999,False
OP,-4.957192019999999,False
RENDER,-4.9460434599999985,False
SNX,-3.87553204,False
BABY,-2.81633051,False
PAXG,-1.98313844,False
ALT,-1.8240524599999997,False
STABLE,-1.4648450099999986,False
GOAT,-0.9687224099999987,False
SCR,-0.7755023599999986,False
DOGE,-0.7211283099999997,False
BCH,-0.6222213399999997,False
BTC,-0.5388422,False
CRV,-0.43291554999999987,False
CELO,-0.2921496499999984,False
BNB,-0.012753829999999968,False
