coin,fundingRate_avg_5d,isNew
POLYX,-229.28425230743798,False
CHIP,-163.70464439008265,False
STABLE,-97.33841236363635,False
BSV,-37.800276000000004,False
kLUNC,-35.54307159669422,False
WLD,-34.030446198347114,False
APE,-27.370287699173556,False
0G,-26.34964923966942,False
SAGA,-25.685542056198347,False
COMP,-21.463192373553717,False
INJ,-19.033409454545456,False
BIO,-17.628624000000006,False
SKY,-17.227724409917354,False
APT,-14.654378122314046,False
POL,-13.8827466446281,False
AXS,-12.555380042975205,False
MON,-12.5414292,False
W,-12.424038684297521,False
TRUMP,-12.371206472727273,False
EIGEN,-11.794508161983472,False
BCH,-10.404102862809916,False
ATOM,-9.995200542148758,False
TURBO,-9.928985801652894,False
BLUR,-9.784340102479339,False
ICP,-9.396256899173553,False
MINA,-8.881876214876035,False
PENGU,-8.343830499173555,False
MOVE,-7.591755540495868,False
JTO,-7.424278095867769,False
ALT,-6.90613133553719,False
kSHIB,-6.613744978512397,False
BANANA,-6.441452429752065,False
INIT,-6.279425732231403,False
SAND,-5.777390132231405,False
CAKE,-4.590618634710743,False
NOT,-4.520341715702479,False
DASH,-4.140223596694214,False
PYTH,-3.975455236363637,False
PROVE,-3.0686837454545453,False
2Z,-2.9385745785123967,False
SEI,-2.708230740495867,False
GALA,-1.7696951999999995,False
SOL,-1.503835715702479,False
BLAST,-1.296768138842974,False
BABY,-0.950204439669421,False
MEGA,-0.8486912429752049,False
SUI,-0.7240082082644628,False
STX,-0.4349694743801648,False
ADA,-0.42560496198347086,False
XRP,-0.04887645619834696,False
