coin,fundingRate_avg_5d,isNew
DOOD,-531.1306585785125,False
YZY,-235.01513480330578,False
PROVE,-112.86582294545454,False
REZ,-107.83751634049587,False
BLAST,-106.358939107438,False
OM,-104.82944165950411,False
ME,-97.37581249586778,False
0G,-96.94651819834709,False
APT,-76.04594949421488,False
TRUMP,-64.84357534214877,False
KAITO,-55.51127295867769,False
MOODENG,-54.81264196363636,False
IP,-49.445261097520664,False
BSV,-48.81987021818181,False
SOL,-38.53197925289256,False
ATOM,-38.43954025785123,False
AVNT,-38.43742699834711,False
HYPER,-37.1762874446281,False
ASTER,-34.86913149421487,False
FARTCOIN,-32.55366223140495,False
MAV,-32.41870103801653,False
ZORA,-31.01736021818181,False
kBONK,-27.91492151404959,False
AI16Z,-27.773279553719004,False
XAI,-26.275113947107435,False
MELANIA,-24.318432565289257,False
BIO,-24.023603543801652,False
SUPER,-23.089448727272725,False
IO,-21.63037950743802,False
VINE,-21.28988265123967,False
ALGO,-19.88044064132231,False
RESOLV,-18.804444049586778,False
GRASS,-18.553556201652892,False
SPX,-18.13215459173554,False
CAKE,-18.01667607272728,False
SEI,-17.914133395041322,False
DYM,-16.154386948760326,False
VVV,-16.05504420495868,False
ONDO,-15.26211796363636,False
SNX,-15.015174287603307,False
XPL,-14.57771581487604,False
INIT,-14.265624525619833,False
TURBO,-13.829375077685953,False
USUAL,-12.102857266115699,False
PUMP,-11.00713909090909,False
APEX,-10.065246515702473,False
TIA,-9.98406303471074,False
WIF,-9.485757312396693,False
IOTA,-9.360534198347107,False
RUNE,-9.242156915702477,False
EIGEN,-8.428620783471075,False
ZETA,-8.095438889256195,False
MEME,-8.00711202644628,False
ETC,-7.886537504132228,False
DOT,-7.690112965289255,False
RENDER,-6.746339523966941,False
BERA,-6.367568707438015,False
FIL,-6.312933094214872,False
PURR,-6.067267943801651,False
FTT,-5.955134876033054,False
kLUNC,-4.972695808264461,False
JUP,-4.1256190115702465,False
kSHIB,-3.921212737190081,False
kFLOKI,-3.773017428099179,False
ZEN,-3.342477183471072,False
HYPE,-3.2739674677685957,False
AVAX,-2.686166399999997,False
MEW,-2.6532070809917325,False
XRP,-2.5874158611570235,False
CELO,-2.1790840264462794,False
NEAR,-1.8768806776859475,False
kNEIRO,-1.6320241983471058,False
IMX,-1.5710089884297498,False
POPCAT,-1.1847110876033031,False
AR,-1.0083809752066093,False
NEO,-0.6867745884297501,False
GMX,-0.4142611239669412,False
BANANA,-0.28686538512396365,False
MORPHO,-0.2607656528925597,False
SAND,-0.06280702809917106,False
