coin,fundingRate_avg_5d,isNew
YZY,-484.64442528999996,False
ZETA,-245.77577731000002,False
STABLE,-156.80373354999998,False
0G,-152.08844090000002,False
BIO,-132.64755905,False
SAGA,-119.97892151000002,False
BLAST,-89.36384206,False
DOT,-89.15119306000001,False
BLUR,-85.50156463,False
FET,-82.29680404000001,False
FTT,-81.51407906,False
TRUMP,-76.69238672,False
ALT,-61.213339700000006,False
JTO,-50.58361989999999,False
TURBO,-44.232020569999996,False
SUPER,-43.46675354,False
REZ,-41.68736029,False
COMP,-39.447864100000004,False
BERA,-37.85908552999999,False
kLUNC,-36.4701357,False
AVNT,-32.54684778999999,False
POLYX,-28.341605409999996,False
AXS,-27.20260757999999,False
KAITO,-24.55932503,False
XAI,-24.52644437,False
POL,-23.70409572,False
W,-22.54409214,False
RESOLV,-22.325079730000006,False
MEW,-20.139299859999998,False
IMX,-20.106601700000006,False
S,-19.50752209,False
APT,-18.66005487,False
PROVE,-18.62068597,False
HYPER,-17.718320560000002,False
APE,-17.27875325,False
EIGEN,-17.18634401,False
BANANA,-17.06370985,False
kNEIRO,-16.38485365,False
SEI,-15.358648850000002,False
OP,-14.05420747,False
2Z,-13.634052320000002,False
SAND,-12.50194204,False
MOVE,-12.080391859999997,False
DYM,-11.855286140000002,False
ME,-10.719084940000002,False
WCT,-9.875967789999999,False
IP,-9.10863997,False
GAS,-9.09832142,False
ANIME,-8.28468313,False
WLFI,-7.883424029999999,False
MEME,-7.710268029999999,False
ETH,-7.350711639999999,False
BABY,-6.03789205,False
AERO,-5.85730976,False
INIT,-5.328912399999999,False
IO,-5.136988099999999,False
ARK,-4.990112100000002,False
BSV,-4.85393936,False
BIGTIME,-4.678050239999999,False
XLM,-3.7146283599999985,False
INJ,-3.65049202,False
BTC,-3.37362346,False
TIA,-3.1609306599999996,False
HBAR,-3.0540214299999993,False
NOT,-1.9131051600000002,False
ZEN,-1.8362149899999993,False
kFLOKI,-1.5268125199999993,False
BCH,-1.05168618,False
MELANIA,-0.9941870000000018,False
SUI,-0.6820908300000001,False
STX,-0.5916460199999983,False
STRK,-0.5912299199999995,False
MORPHO,-0.5541364300000001,False
NEO,-0.42919327999999923,False
IOTA,-0.35399816999999884,False
