coin,fundingRate_avg_5d,isNew
ACE,-257.27861288,False
kBONK,-81.57802852000002,False
POLYX,-49.558894079999995,False
STABLE,-26.303186989999997,False
kNEIRO,-25.92284823,False
GMT,-24.99115215,False
SUPER,-24.96559485,False
OP,-23.89412275,False
TURBO,-23.77869734,False
W,-23.172827270000003,False
TRB,-21.35279565,False
AERO,-20.953802469999996,False
NEO,-20.819356180000003,False
UMA,-19.486663800000006,False
ATOM,-17.7759891,False
TRX,-17.145499050000005,False
S,-15.426440299999998,False
HYPER,-14.975087869999998,False
ME,-14.696016170000002,False
ZETA,-14.251913369999997,False
ZORA,-14.22670355,False
WCT,-14.1969597,False
MET,-13.332231630000006,False
XAI,-12.195550820000003,False
VIRTUAL,-11.15862597,False
MINA,-10.58784408,False
YGG,-9.928927100000001,False
TIA,-9.57579544,False
MOODENG,-9.46833652,False
ZK,-8.987741749999996,False
MEME,-8.458402689999996,False
GAS,-8.02264744,False
AIXBT,-7.72167063,False
SEI,-7.56419138,False
BSV,-7.3780428400000035,False
SOPH,-6.40724212,False
POPCAT,-6.262951779999999,False
IO,-6.092953760000001,False
PYTH,-4.21240806,False
RENDER,-3.4867566699999997,False
KAS,-3.1325154099999994,False
ALT,-2.9071279099999994,False
TRUMP,-2.9020996699999997,False
REZ,-2.472894709999999,False
STRK,-2.156844129999998,False
MOVE,-1.9188137600000001,False
BCH,-1.8255073499999996,False
kFLOKI,-1.8240276399999993,False
AVNT,-1.4680555499999994,False
MERL,-0.71823532,False
BIGTIME,-0.2590930599999993,False
