coin,fundingRate_avg_5d,isNew
STABLE,-86.09067025,False
MOVE,-43.539922899999986,False
POLYX,-37.10034543,False
XAI,-35.96416686,False
SUPER,-34.48168359,False
ZETA,-31.66910966,False
kNEIRO,-30.706115560000004,False
TRX,-30.357079929999998,False
MINA,-30.326033760000005,False
IO,-19.50504155,False
ATOM,-16.24499441,False
ALT,-15.660314779999998,False
ME,-14.915937429999998,False
MEME,-14.06991853,False
BLUR,-13.462478959999997,False
RENDER,-12.58141422,False
STRK,-12.560120120000002,False
MOODENG,-11.970724689999999,False
WCT,-11.754629360000001,False
OP,-11.325714210000003,False
BIGTIME,-11.21831515,False
MET,-10.803486079999999,False
BCH,-10.279455579999999,False
BSV,-10.04322539,False
S,-8.0178309,False
CELO,-7.884535820000001,False
PROVE,-7.390844849999997,False
KAS,-7.313635669999999,False
PENGU,-7.280315549999999,False
SEI,-7.08916797,False
LIT,-6.931750769999999,False
SNX,-6.786056639999999,False
VIRTUAL,-6.27355503,False
MORPHO,-5.958854219999999,False
POPCAT,-5.937027219999999,False
ANIME,-5.683479969999998,False
SAND,-5.291649549999998,False
STX,-4.385693999999997,False
SOPH,-3.151308529999999,False
CRV,-2.946325259999999,False
BIO,-2.9227783799999996,False
SUSHI,-2.643648279999999,False
SPX,-2.338874009999999,False
AVNT,-2.24558366,False
YGG,-2.0226883799999986,False
NOT,-1.7524080699999982,False
ICP,-1.5359783999999999,False
ZK,-1.3785451399999986,False
ADA,-0.12276044999999979,False
AIXBT,-0.05846642999999944,False
