coin,fundingRate_avg_5d,isNew
YZY,-349.15013926,False
PROVE,-312.29115227,False
OM,-210.78899503999997,False
BLAST,-184.70171284999998,False
ME,-169.71921475,False
ZORA,-169.27646318,False
REZ,-160.95568009,False
APT,-141.94330094,False
IP,-133.41047693999997,False
0G,-116.43625122000002,False
ATOM,-115.52202987999999,False
AVNT,-95.66431365,False
TRUMP,-90.82298358,False
MOODENG,-86.14843515,False
VVV,-83.80089677,False
IO,-77.59595152,False
DOOD,-75.29736255999998,False
KAITO,-73.23031208,False
VINE,-71.86324618999998,False
BIO,-66.95271358000001,False
GRASS,-64.43446177999999,False
SOL,-62.883153379999996,False
BERA,-60.58163273999999,False
ZETA,-58.15509740999999,False
INIT,-53.68305609,False
HYPER,-50.81102292999999,False
USUAL,-48.870888789999995,False
SYRUP,-46.12862773,False
PURR,-44.39687939,False
RESOLV,-44.06732088999999,False
ASTER,-43.724795399999984,False
DYM,-40.21077177,False
SAGA,-37.40718268,False
TURBO,-36.572389720000004,False
FARTCOIN,-35.65579003999998,False
IOTA,-34.430424450000004,False
kFLOKI,-34.34203824,False
AI16Z,-33.752720190000005,False
PENGU,-29.66900164,False
XPL,-26.89034278,False
APEX,-26.648138269999997,False
ONDO,-25.885560559999995,False
ALGO,-25.585416680000005,False
MELANIA,-24.867197420000004,False
MORPHO,-22.67806977,False
STBL,-21.444371959999998,False
SPX,-21.105198630000004,False
STX,-20.560336120000002,False
SKY,-19.77904705,False
AR,-18.733109619999997,False
AVAX,-17.98209949,False
MEW,-17.41324042,False
S,-16.74855279,False
ANIME,-16.60785478,False
EIGEN,-15.923919970000002,False
PUMP,-13.193547690000003,False
SAND,-12.688635159999999,False
HYPE,-11.844957369999998,False
DOGE,-10.64771868,False
RENDER,-10.479123719999999,False
LAYER,-10.34895158,False
BABY,-10.172157989999999,False
XRP,-9.73776346,False
W,-8.985796299999999,False
CELO,-8.79705626,False
WLFI,-7.839682429999996,False
STRK,-7.769284149999997,False
PNUT,-7.623473949999999,False
GOAT,-6.126049769999999,False
NOT,-5.88840119,False
kPEPE,-5.87457791,False
TAO,-5.391477049999998,False
GMX,-5.0388775599999995,False
AIXBT,-4.115275719999999,False
POPCAT,-3.730897870000002,False
CRV,-3.544344909999999,False
2Z,-3.46210019,False
HBAR,-3.085638459999999,False
MERL,-2.649142989999999,False
kNEIRO,-2.6148045199999985,False
MON,-2.5393451499999995,True
LINEA,-2.4230853499999974,False
ETH,-1.6653154199999995,False
INJ,-1.093175729999999,False
WCT,-0.3215949299999982,False
