coin,fundingRate_avg_5d,isNew
MOVE,-367.66670279008264,False
BERA,-359.30408317685954,False
IP,-330.7012316231405,False
AVNT,-306.4638761157024,False
XAI,-281.5310873752066,False
BLUR,-276.2143364132231,False
KAITO,-218.7472602446281,False
ANIME,-163.02333720000001,False
ME,-127.0656374280992,False
BLAST,-126.07504142479335,False
VVV,-116.37188407933886,False
GMT,-111.67541568595043,False
LAYER,-62.4318829090909,False
POLYX,-42.94463667768594,False
IO,-42.88967672727273,False
HYPER,-40.80427909090909,False
REZ,-39.21614828429751,False
0G,-35.626822988429744,False
ZORA,-34.30852479669421,False
FTT,-25.3058981355372,False
MEME,-24.88616816528926,False
BSV,-21.67857109090909,False
ZEC,-20.785083669421486,False
ACE,-18.01848743801653,False
USUAL,-17.813411494214876,False
kLUNC,-16.83792685289256,False
ATOM,-11.821912482644628,False
TRUMP,-9.943734456198346,False
IMX,-9.76483281322314,False
WLFI,-8.990721748760329,False
MEW,-8.56886693553719,False
MELANIA,-8.108088763636365,False
ZEREBRO,-7.148124525619836,False
WCT,-5.883789381818183,False
ZETA,-4.5077034247933865,False
FIL,-4.072387170247934,False
SCR,-3.747876228099172,False
ADA,-3.663198158677685,False
FOGO,-3.6073976826446255,False
TURBO,-3.490456750413223,False
APT,-3.45596841322314,False
NEO,-3.382658072727273,False
BCH,-3.2577462644628103,False
USTC,-2.5117613157024783,False
GMX,-2.215045636363636,False
STX,-1.6243219140495861,False
TRX,-1.4650412231404952,False
STABLE,-1.2315474049586754,False
TNSR,-0.9944728462809902,False
SOPH,-0.40496176859504046,False
2Z,-0.38781099173553696,False
AR,-0.37706732231404844,False
