coin,fundingRate_avg_5d,isNew
YZY,-433.42705629421476,False
0G,-196.7662114214876,False
STABLE,-153.9011177157025,False
BIO,-132.13213111735539,False
BLAST,-109.41267945123967,False
FET,-104.89067985123968,False
TRUMP,-104.70182004297523,False
DOT,-103.36247396033059,False
SAGA,-97.99974530578511,False
BLUR,-90.10081710743803,False
ZETA,-76.88981404958678,False
REZ,-57.39251481322316,False
JTO,-56.18670515702479,False
ALT,-54.228889319008275,False
TURBO,-47.0210244892562,False
AXS,-45.2254445752066,False
SUPER,-43.857289676033055,False
BERA,-43.025576181818174,False
COMP,-40.18600842644627,False
POL,-37.71684894545454,False
AVNT,-35.90533089917355,False
kLUNC,-32.50652981157025,False
POLYX,-30.837070006611576,False
W,-30.342035166942146,False
APT,-26.760107365289258,False
IMX,-26.565904680991736,False
kNEIRO,-25.449890816528928,False
EIGEN,-25.310633603305785,False
XAI,-24.347158125619835,False
RESOLV,-23.85509806611571,False
KAITO,-22.271700555371897,False
HYPER,-21.99256424132231,False
MOVE,-19.597983490909094,False
MEW,-19.472723454545456,False
2Z,-19.323606535537195,False
SEI,-18.707128413223142,False
SAND,-17.81871817190083,False
S,-17.457410161983475,False
PROVE,-17.049981114049583,False
OP,-16.692547051239668,False
APE,-16.3415172,False
FTT,-15.895171309090909,False
GAS,-15.635258489256199,False
IP,-15.392770105785125,False
WLFI,-14.848271672727273,False
WCT,-13.6793256892562,False
ME,-12.687367904132234,False
DYM,-12.43777378512397,False
AERO,-11.552528003305786,False
BABY,-10.37227076033058,False
STX,-10.365553071074382,False
ANIME,-10.202148664462811,False
ARK,-10.020524905785123,False
BSV,-9.73896330247934,False
IOTA,-7.766857804958678,False
IO,-7.320419970247936,False
kFLOKI,-6.728681970247932,False
XLM,-6.614576816528925,False
ETH,-6.240278667768595,False
STRK,-6.125078876033057,False
HBAR,-5.722417150413222,False
BIGTIME,-5.638715712396694,False
INIT,-5.592476667768595,False
NEO,-5.309653914049584,False
INJ,-4.642566158677686,False
NOT,-3.3599515735537198,False
TIA,-3.026130416528925,False
ZEN,-2.7072338380165286,False
MORPHO,-2.6820593355371893,False
KAS,-2.461628776859503,False
BTC,-2.4211843636363635,False
BCH,-2.294262823140496,False
SUI,-2.09248092892562,False
MEME,-1.9977998082644626,False
MELANIA,-0.9910803371900836,False
SOL,-0.4424914909090909,False
GMT,-0.3146780231404955,False
ARB,-0.257870509090909,False
ADA,-0.22642934876033038,False
ORDI,-0.11620176198347076,False
