coin,fundingRate_avg_5d,isNew
BIO,-506.18874885,False
DOOD,-488.32433558,False
AVNT,-402.45292813000003,False
KAITO,-250.27014787000002,False
MERL,-249.35250355999997,False
BLAST,-236.64119679,False
OM,-148.88716387,False
REZ,-140.70604292000002,False
BSV,-134.83067296000002,False
0G,-121.65328600999999,False
IP,-89.54757722,False
IO,-79.62812625000001,False
NXPC,-73.69710985,False
MOODENG,-61.114439299999994,False
APT,-60.84323554,False
BANANA,-56.47746323999999,False
ATOM,-49.401763769999995,False
ZORA,-46.09491852000001,False
IOTA,-43.17304607000001,False
HYPER,-42.55002903,False
TURBO,-42.329340540000004,False
MEW,-41.82232634,False
YGG,-37.50611374,False
RESOLV,-28.2782874,False
SKY,-27.651807239999997,False
LAYER,-27.432748109999995,False
VVV,-27.17743572,False
INIT,-27.130029519999997,False
MOVE,-26.977589460000004,False
AIXBT,-24.552841899999997,False
BERA,-24.3802334,False
SAND,-22.52843729,False
GRASS,-22.45831422,False
WLFI,-21.42448676,False
SEI,-21.3818606,False
ARK,-19.733982689999998,False
kFLOKI,-19.24176778,False
CFX,-18.63156297,False
BRETT,-17.83566952,False
WCT,-17.20116666,False
PROVE,-15.06764676,False
BABY,-14.99624838,False
MORPHO,-12.91347224,False
CELO,-12.05902257,False
OP,-11.95223525,False
GMX,-11.578643879999998,False
TRX,-8.16418203,False
BCH,-7.400913009999999,False
kPEPE,-7.0775595099999995,False
BLUR,-5.9442790400000005,False
TIA,-5.67670338,False
COMP,-5.539842979999999,False
POLYX,-5.206916259999999,False
ZK,-5.169440979999999,False
BIGTIME,-4.351563579999999,False
MELANIA,-4.262163399999999,False
GAS,-4.147910369999999,False
INJ,-3.9376302200000004,False
PNUT,-3.684474249999999,False
S,-3.55280561,False
RENDER,-3.41430125,False
DYDX,-3.19609695,False
STX,-3.16820073,False
kSHIB,-3.0150401599999994,False
ENA,-2.9102639899999994,False
2Z,-2.89207458,False
LINEA,-2.033195269999999,False
SAGA,-1.3245755099999996,False
ASTER,-1.2624379100000003,False
YZY,-0.8480672799999991,False
ADA,-0.3736432,False
