coin,fundingRate_avg_5d,isNew
YZY,-435.0732731404958,False
0G,-195.69355666115703,False
STABLE,-151.9421435305785,False
ZETA,-146.3586657719008,False
BIO,-132.13213111735539,False
SAGA,-117.37284801322315,False
FET,-104.89067985123968,False
DOT,-100.98935086611571,False
BLAST,-98.11311997685948,False
TRUMP,-92.01346754380167,False
BLUR,-86.99793099173553,False
ALT,-56.228824105785115,False
JTO,-54.77595421487602,False
TURBO,-46.42110204297521,False
REZ,-45.112517315702476,False
SUPER,-43.18941569256198,False
BERA,-41.87677385454544,False
COMP,-40.269882168595046,False
AXS,-39.25510132561982,False
FTT,-36.78976149421488,False
AVNT,-35.866301841322304,False
POL,-33.55988071735537,False
kLUNC,-33.06154314049587,False
POLYX,-29.264011467768594,False
W,-28.389863375206613,False
APT,-24.13629551404959,False
XAI,-24.080200383471077,False
IMX,-23.818030958677685,False
RESOLV,-23.598701553719014,False
kNEIRO,-23.527584109090913,False
KAITO,-22.743575692561986,False
EIGEN,-22.47733974545455,False
HYPER,-21.638070208264462,False
MEW,-19.568095239669425,False
PROVE,-18.959812423140495,False
S,-18.382835385123965,False
SEI,-18.066133874380167,False
2Z,-17.997105798347107,False
MOVE,-16.895554621487605,False
APE,-16.477752575206612,False
SAND,-16.180419352066117,False
OP,-15.747514631404961,False
IP,-13.410748433057854,False
WLFI,-13.38090579173554,False
GAS,-12.566028872727273,False
ME,-12.445286390082648,False
DYM,-12.331478786776863,False
WCT,-11.993407219834712,False
BABY,-9.971991609917357,False
ANIME,-9.827946803305785,False
AERO,-8.465341834710745,False
STX,-7.721689507438016,False
BSV,-7.01146780165289,False
ARK,-6.781745127272729,False
ETH,-6.25480506446281,False
IO,-6.142763216528925,False
BIGTIME,-6.008135771900825,False
IOTA,-5.873477196694212,False
HBAR,-5.81624978181818,False
BANANA,-5.791016638016526,False
INIT,-5.717424674380164,False
kFLOKI,-5.617462214876032,False
XLM,-5.374856548760329,False
INJ,-4.924375358677685,False
STRK,-3.6724750710743788,False
MEME,-3.0858642049586775,False
TIA,-2.9393883173553714,False
ZEN,-2.3872788198347106,False
BTC,-2.380606016528925,False
NOT,-2.2992205487603314,False
BCH,-2.137550042975207,False
MORPHO,-2.101584089256198,False
NEO,-2.0459660528925605,False
KAS,-1.2244228462809907,False
SUI,-1.0972421256198346,False
MELANIA,-0.9910803371900836,False
