coin,fundingRate_avg_5d,isNew
POLYX,-234.74546489999997,False
CHIP,-157.73897158999998,False
STABLE,-70.25115142,False
HYPER,-50.461179189999996,False
WLD,-47.10573638,False
BIO,-40.35157490000001,False
BSV,-38.28838904,False
0G,-29.21912016,False
APE,-26.019814130000004,False
SAGA,-24.41305128,False
kLUNC,-23.7561199,False
BABY,-19.806981229999998,False
TRUMP,-19.77424949,False
JTO,-18.46104957,False
POL,-18.13266491,False
MOVE,-17.09471441,False
LAYER,-17.054049759999998,False
BCH,-16.216251389999996,False
MINA,-15.380328389999999,False
MON,-14.458788069999999,False
ACE,-14.314561969999998,False
COMP,-13.869692670000001,False
APT,-12.99859681,False
CAKE,-12.90818777,False
BANANA,-12.504658369999998,False
W,-11.72392629,False
AXS,-11.595763109999998,False
SKY,-11.445151699999998,False
kSHIB,-11.11470114,False
2Z,-8.96562786,False
DASH,-7.791179039999999,False
ATOM,-6.837871309999998,False
SAND,-6.683705529999999,False
BLAST,-6.504410229999999,False
TURBO,-6.401168519999999,False
ANIME,-6.15063179,False
ALT,-5.821803289999999,False
ICP,-5.6284554899999995,False
IO,-5.204597779999999,False
PROVE,-4.8427856899999995,False
PYTH,-4.818104389999999,False
SEI,-4.5837853399999995,False
EIGEN,-4.34430154,False
PENGU,-3.970892669999999,False
STX,-3.78362212,False
AERO,-3.32333011,False
YGG,-2.98949454,False
BLUR,-2.972405969999999,False
GAS,-2.7895402399999996,False
XRP,-2.52072504,False
INIT,-1.40910586,False
STRK,-1.4034943499999994,False
SOL,-1.3339582,False
BERA,-0.8093334799999998,False
NOT,-0.7380708799999994,False
MERL,-0.5736675799999996,False
