coin,fundingRate_avg_5d,isNew
BLUR,-425.01491111,False
TNSR,-210.99554416,False
BLAST,-198.18514719,False
0G,-166.70925685000003,False
TRUMP,-152.89766342000001,False
STABLE,-110.75564964,False
YZY,-110.17511276,False
AXS,-98.8438104,False
POL,-84.50004258999999,False
REZ,-75.20354004,False
DYM,-71.96971012,False
MINA,-71.51587204000002,False
JTO,-68.33107987,False
COMP,-57.27124991,False
BERA,-46.73200047,False
TURBO,-45.69139569,False
APT,-45.58108977,False
FET,-45.2409616,False
IMX,-44.99161185,False
DOT,-43.925092070000005,False
ALT,-42.64590869,False
W,-41.85956947999999,False
GAS,-40.67884266000001,False
EIGEN,-39.49226343,False
WLFI,-38.81928008,False
DASH,-36.37078416,False
NEO,-35.79122256,False
SUPER,-28.367640859999998,False
2Z,-28.210239719999997,False
MOVE,-26.13696453,False
STX,-25.26026519,False
BSV,-24.35066475,False
SEI,-23.8956594,False
STRK,-20.574342630000004,False
HYPER,-19.537428,False
OP,-19.371699020000005,False
SAND,-19.223060070000002,False
XAI,-16.69989683,False
HBAR,-16.03950014,False
IP,-15.996331590000002,False
kNEIRO,-15.689127150000001,False
IOTA,-15.55114474,False
ARK,-15.405598799999998,False
kLUNC,-14.636171500000001,False
GMT,-14.459672100000002,False
ICP,-13.960872590000003,False
PROVE,-13.452967790000002,False
APE,-13.053386959999997,False
BABY,-13.003940409999998,False
S,-12.97988107,False
POLYX,-12.31320419,False
ZETA,-12.07718643,False
RESOLV,-11.89158247,False
IO,-10.88369556,False
SOPH,-9.63378737,False
AVNT,-9.254875760000001,False
KAITO,-8.749596039999998,False
ARB,-7.981576179999999,False
ADA,-7.857736059999998,False
USTC,-7.732217669999999,False
ZEC,-7.1202645099999975,False
BANANA,-6.646117829999999,False
JUP,-6.315178900000001,False
INJ,-6.23062227,False
AIXBT,-5.67940365,False
MERL,-5.529822999999998,False
ANIME,-5.460429199999999,False
TIA,-5.281820829999999,False
kSHIB,-4.775522759999999,False
PENGU,-4.32275048,False
KAS,-3.091087179999999,False
MEW,-3.0270216499999996,False
TST,-2.4548710099999993,False
kFLOKI,-2.318169019999999,False
SUSHI,-2.261017319999999,False
USUAL,-1.1475439399999985,False
XRP,-0.7862041600000002,False
SUI,-0.37925471,False
NOT,-0.01018276999999883,False
