coin,fundingRate_avg_5d,isNew
AVNT,-250.24031162975209,False
ANIME,-236.44605618842974,False
BABY,-156.72171536528924,False
BLAST,-151.08236835371903,False
POLYX,-119.37894810247934,False
IP,-113.13199228760332,False
0G,-107.84006398016531,False
ZK,-83.80810585785125,False
kLUNC,-77.9512668694215,False
SOPH,-48.16694904793387,False
BERA,-47.81626163305785,False
GAS,-45.441464727272724,False
TNSR,-45.07539591074381,False
ACE,-44.84937777520661,False
VVV,-42.170851398347104,False
REZ,-34.05293623140496,False
ZETA,-31.733457639669417,False
KAITO,-26.272778429752066,False
XAI,-25.902805983471076,False
WCT,-20.24658185454545,False
MINA,-18.225815642975206,False
ATOM,-16.42296854876033,False
CELO,-15.73732696859504,False
USTC,-14.92592364297521,False
BSV,-13.51901551735537,False
SCR,-12.69378225123967,False
SUPER,-12.573091170247936,False
TRUMP,-12.320235580165289,False
PROVE,-11.820964085950413,False
USUAL,-11.278595563636364,False
LAYER,-8.677474284297519,False
ZORA,-6.60395839338843,False
ARK,-5.1121188099173525,False
MELANIA,-4.469105851239664,False
ZRO,-4.029711490909089,False
2Z,-3.4074698677685946,False
STRK,-3.0704733917355362,False
DOOD,-3.0546691933884262,False
HYPER,-1.3185950181818178,False
UMA,-0.3932298842975201,False
