coin,fundingRate_avg_5d,isNew
RESOLV,-1679.72666025,False
TNSR,-1532.26029757,False
MERL,-938.5017232700001,False
SUPER,-752.01699272,False
LAYER,-392.63151105,False
DYM,-386.89961018,False
ACE,-381.67499141999997,False
USUAL,-366.68917181999996,False
OM,-348.28081803000003,False
0G,-320.86159609,False
TURBO,-237.64507892000003,False
HEMI,-229.87911626999997,False
KAITO,-207.67416826000002,False
XAI,-124.21441143999999,False
BLAST,-109.08100993000001,False
ME,-107.87436592,False
2Z,-100.15376766,False
ZORA,-88.83895454,False
DOOD,-85.90421365000002,False
REZ,-80.8432733,False
MAV,-79.71555470000001,False
WLFI,-75.02889995000001,False
IP,-65.76282891,False
BANANA,-64.86672762999999,False
ARK,-55.36490601,False
GMX,-44.365839789999995,False
WCT,-36.14024213,False
MOODENG,-34.56257999999999,False
ZETA,-33.73418768,False
ZRO,-32.40500806,False
AR,-30.397491999999996,False
APT,-29.365375659999994,False
STRK,-26.888436750000004,False
BABY,-26.80192956,False
BRETT,-25.79500114,False
BSV,-25.563333450000002,False
IO,-24.73638142,False
MOVE,-24.671084380000003,False
BERA,-24.627240580000002,False
ATOM,-24.350274199999998,False
MEW,-22.447816819999996,False
FET,-22.072631859999998,False
GRASS,-20.362810530000004,False
BIO,-19.78894804,False
TRUMP,-19.50813456,False
IMX,-19.02388833,False
ANIME,-16.890089570000004,False
INIT,-16.476738750000006,False
HYPER,-16.26711122,False
ZK,-15.386702750000001,False
SKY,-14.65989285,False
ZEC,-14.506513280000002,False
ALT,-12.09254636,False
JUP,-11.87838699,False
MANTA,-11.250950529999999,False
FXS,-10.990944970000001,False
ZEN,-10.039656420000004,False
MINA,-9.501943529999998,False
PROMPT,-9.384579969999999,False
STX,-9.108074949999999,False
W,-8.37186411,False
CELO,-7.241305079999999,False
INJ,-6.93529346,False
PYTH,-6.83903931,False
SOL,-6.836170409999999,False
DOT,-6.25346324,False
SEI,-5.8728120399999995,False
UMA,-5.719764619999999,False
VVV,-5.388633699999999,False
ADA,-5.21153424,False
RSR,-5.177838169999998,False
kFLOKI,-5.1758314,False
ICP,-5.1289216,False
NIL,-4.962205659999998,False
ENS,-3.678783169999999,False
PENGU,-3.1987599899999997,False
SCR,-2.656283849999998,False
SUSHI,-2.45600324,False
kBONK,-2.1533554599999993,False
BIGTIME,-2.1148246,False
MAVIA,-1.8833277299999989,False
PROVE,-1.7086898299999995,False
SNX,-1.3652394299999988,False
kSHIB,-1.1732793599999995,False
GOAT,-1.1199696499999998,False
ALGO,-1.0556661399999994,False
FIL,-0.4466453899999998,False
