coin,fundingRate_avg_5d,isNew
ZORA,-165.14676771570245,False
kLUNC,-56.34873909421487,False
TRX,-52.15503895537189,False
ALT,-44.39248730578512,False
BSV,-40.50888103140496,False
STABLE,-24.01934444628099,False
IO,-23.793125047933888,False
BIO,-22.221114089256197,False
JTO,-21.529488198347103,False
POLYX,-21.48168104132231,False
SEI,-21.20049228099174,False
MEME,-19.781456985123963,False
TRUMP,-18.062295401652893,False
SNX,-14.738857824793387,False
XLM,-14.460592442975207,False
S,-14.319898155371902,False
BCH,-13.657305510743804,False
ETC,-12.555382214876033,False
ATOM,-12.396095732231407,False
APT,-11.928106849586777,False
0G,-11.124820641322316,False
HYPER,-9.635839279338844,False
SUSHI,-9.631383986776859,False
ME,-9.62950818842975,False
2Z,-9.40894803966942,False
STX,-8.991150337190081,False
AIXBT,-8.829702089256198,False
COMP,-8.282572036363636,False
STRK,-7.957173510743802,False
DOT,-7.0242400264462805,False
BABY,-6.928294859504132,False
AXS,-6.256449917355371,False
OP,-5.608662396694212,False
DASH,-5.249233804958678,False
CHIP,-4.581097745454546,False
XRP,-4.273893957024793,False
ADA,-3.483858515702479,False
ZK,-3.403008783471074,False
kNEIRO,-3.3842920661157025,False
MOVE,-2.3152527966942142,False
MORPHO,-1.652209120661156,False
IP,-1.6481816925619828,False
MEGA,-0.45594207272727266,False
