coin,fundingRate_avg_5d,isNew
POLYX,-547.0471372,False
ANIME,-471.25064736,False
REZ,-297.71224781,False
BLAST,-257.81887785,False
STABLE,-205.92063817999997,False
ME,-131.39888383,False
AXS,-128.11167631000004,False
BANANA,-92.20105641,False
NXPC,-78.69072595000002,False
NEO,-77.74292607,False
ZETA,-72.13474633,False
GAS,-69.12166403000002,False
ZORA,-56.44979624,False
TURBO,-56.08111996,False
STRK,-52.751182619999994,False
0G,-50.54545258,False
TRUMP,-49.1488779,False
HYPER,-48.907585160000004,False
IP,-43.79581783,False
VVV,-43.222283110000006,False
RESOLV,-40.179719029999994,False
YZY,-39.79195544000001,False
JTO,-35.90195626,False
XAI,-34.96686057,False
LAYER,-34.7705716,False
2Z,-30.969607599999993,False
TAO,-30.859176850000004,False
YGG,-30.156289780000005,False
MERL,-29.967792829999993,False
POL,-28.91217341,False
EIGEN,-25.87098173,False
ALT,-25.01081762,False
MORPHO,-24.28458515,False
DOOD,-24.202947060000014,False
MANTA,-21.969647110000004,False
SOPH,-21.529941830000002,False
kNEIRO,-20.33934541,False
USUAL,-17.467756090000005,False
MON,-17.139485309999998,False
BLUR,-16.287708900000002,False
ZRO,-15.83333427,False
MEW,-15.2976464,False
OP,-15.05442938,False
S,-14.745309419999998,False
kLUNC,-14.62150507,False
APT,-14.25147975,False
FET,-14.10826981,False
SKY,-13.953176199999998,False
kFLOKI,-13.522004619999999,False
GRASS,-12.32662013,False
MOODENG,-11.36509114,False
DOT,-11.35816198,False
BSV,-11.27745026,False
TIA,-10.61753464,False
INIT,-10.3622697,False
kSHIB,-10.039492169999999,False
PNUT,-9.52469982,False
COMP,-8.52723585,False
kPEPE,-8.360784900000002,False
PYTH,-7.055404739999999,False
SEI,-7.006520289999999,False
IMX,-6.918329719999998,False
WIF,-6.861975909999997,False
MOVE,-6.729834229999999,False
SOL,-5.44457871,False
ATOM,-5.34413363,False
AIXBT,-4.387446729999999,False
kBONK,-3.6086425799999997,False
SAND,-3.51626911,False
DYM,-3.4762008699999987,False
SYRUP,-3.4719756299999998,False
ICP,-3.3447869999999993,False
AERO,-2.5166195199999986,False
BNB,-2.1866755799999997,False
MEME,-2.154456299999999,False
UMA,-1.5406044099999987,False
MET,-0.7776529399999988,False
CELO,-0.763003299999999,False
W,-0.6404917799999992,False
KAITO,-0.6255004999999999,False
BRETT,-0.10400966999999918,False
