coin,fundingRate_avg_5d,isNew
BLUR,-854.0460457000001,False
STABLE,-609.30539817,False
REZ,-311.0896314,False
DOOD,-272.99970089,False
GAS,-200.62615915,False
BLAST,-138.46821697,False
POLYX,-136.59824386,False
PROVE,-128.90388471999998,False
0G,-106.09744372,False
HEMI,-100.82709119,False
ALT,-83.70927374,False
SOPH,-81.16458572,False
TURBO,-73.75285411,False
2Z,-65.666639,False
DYM,-65.59274110000001,False
JTO,-61.833720709999994,False
MOODENG,-54.01597989000001,False
ZORA,-51.43080679999999,False
TRUMP,-50.91881254,False
FTT,-44.62180626000001,False
AXS,-41.53516989,False
LAYER,-37.082127549999996,False
kNEIRO,-36.14392352,False
MOVE,-33.74720212,False
MEW,-32.865922760000004,False
BERA,-32.78400289,False
MEME,-30.30100936,False
IO,-27.748369449999995,False
AERO,-27.238140329999997,False
ANIME,-27.20701678,False
EIGEN,-26.216136679999998,False
AIXBT,-25.888187830000003,False
APT,-25.692988019999998,False
YGG,-25.082187530000002,False
HYPER,-24.511863350000002,False
IOTA,-24.17440698,False
INIT,-23.945477520000004,False
RESOLV,-23.75123328,False
STRK,-23.274118419999997,False
MERL,-21.92644279,False
NEO,-21.58695994,False
IP,-21.442057860000002,False
kFLOKI,-19.04839005,False
SUPER,-18.89866267,False
IMX,-18.406808379999998,False
BABY,-17.57744735,False
KAS,-17.044156070000003,False
S,-16.20747022,False
AVNT,-15.608045319999999,False
RSR,-15.349735549999998,False
SAND,-12.732992150000001,False
KAITO,-12.498310290000001,False
OP,-12.38817227,False
ZETA,-12.351172219999997,False
MANTA,-11.651384729999998,False
kLUNC,-10.887458709999999,False
SCR,-10.611893929999999,False
CELO,-10.466532679999998,False
USUAL,-10.264838789999999,False
POL,-10.010741849999999,False
TIA,-8.283386649999999,False
ENA,-7.9790832300000005,False
ATOM,-7.8329204400000005,False
APE,-6.74305891,False
PENGU,-6.5241406699999995,False
CAKE,-6.1225494199999995,False
ACE,-5.213578969999999,False
BTC,-5.16419885,False
BRETT,-4.8488928699999985,False
VIRTUAL,-4.335618189999999,False
SOL,-4.1363311099999995,False
BIGTIME,-3.941331319999999,False
XRP,-2.79648984,False
ADA,-2.4009232799999998,False
TNSR,-1.8038044499999986,False
SKY,-1.6915523500000003,False
WLD,-1.5523048499999992,False
DASH,-1.5123395399999988,False
TRX,-1.2455084800000005,False
PYTH,-0.6179011999999996,False
ASTER,-0.5395510299999999,False
GMT,-0.42674193999999926,False
HBAR,-0.28288886999999985,False
ALGO,-0.15544473999999942,False
ETH,-0.0526987,False
