coin,fundingRate_avg_5d,isNew
0G,-196.69181903999998,False
BLAST,-190.54248446,False
TRUMP,-171.65685813000002,False
YZY,-170.67159976000002,False
STABLE,-147.65894178999997,False
DOT,-80.55821852,False
REZ,-77.56215544,False
JTO,-76.18001359,False
FET,-72.1080422,False
POL,-68.49981572,False
MINA,-67.78777518000001,False
AXS,-67.67550994000001,False
BLUR,-66.66192683999999,False
COMP,-63.59620059000002,False
BERA,-58.275094810000006,False
IMX,-44.43594825999999,False
TNSR,-43.83296534,False
W,-40.24387435,False
SUPER,-40.041779690000006,False
GAS,-39.08053175,False
POLYX,-38.064052010000005,False
APT,-36.85260241,False
EIGEN,-35.96582980000001,False
NEO,-34.864297029999996,False
WLFI,-33.52969278,False
TURBO,-30.35969479,False
2Z,-28.6656619,False
SEI,-27.747557690000004,False
STX,-25.75916471,False
MOVE,-23.13944729,False
HYPER,-22.15312823,False
AVNT,-21.55079574,False
DASH,-21.14247243,False
ARK,-20.60318347,False
PROVE,-20.51442569,False
SAND,-20.37948811,False
ALT,-19.75068144,False
IOTA,-19.179331610000002,False
kNEIRO,-18.65305344,False
OP,-18.06030731,False
BABY,-17.92548507,False
IP,-17.692952329999997,False
APE,-17.52385221,False
DYM,-16.60035841,False
kLUNC,-16.47677671,False
ZETA,-16.1646017,False
BSV,-15.951056990000001,False
KAITO,-15.40353801,False
RESOLV,-15.23892739,False
HBAR,-15.13108303,False
GMT,-14.70261099,False
S,-14.339886399999997,False
XAI,-13.422616579999998,False
STRK,-13.007829849999998,False
ICP,-10.79329309,False
MEW,-10.35922195,False
IO,-9.94505937,False
ME,-9.03869575,False
USTC,-9.01640447,False
ARB,-7.916501059999999,False
ADA,-6.369258759999999,False
NOT,-5.426179789999999,False
AIXBT,-5.092784409999999,False
BANANA,-4.846854709999998,False
INJ,-4.843741259999999,False
XLM,-4.61517315,False
JUP,-3.6856123199999993,False
USUAL,-2.95072716,False
SUSHI,-2.436210019999999,False
TST,-2.2551941099999993,False
SUI,-2.23575348,False
TIA,-2.11801543,False
ANIME,-2.0550850499999997,False
ZEN,-1.9856335799999998,False
PENGU,-1.3949336399999996,False
kFLOKI,-0.9318559499999991,False
kSHIB,-0.7756636899999999,False
MELANIA,-0.4793982999999973,False
PYTH,-0.32555371999999977,False
