coin,fundingRate_avg_5d,isNew
BLUR,-429.07754360999996,False
TNSR,-210.02953004999998,False
BLAST,-207.48600054,False
TRUMP,-117.51424003000001,False
REZ,-111.21750385000001,False
SUPER,-105.6302043,False
ALT,-89.4100861,False
0G,-81.25801987999999,False
POL,-78.10267153,False
AXS,-78.09661033999998,False
MINA,-69.76201784,False
DYM,-69.39109462,False
STABLE,-55.40608165999999,False
BERA,-50.15148107,False
COMP,-46.886620310000005,False
JTO,-44.14721574,False
TURBO,-43.886345129999995,False
W,-38.93242643,False
SOPH,-38.80580866,False
APT,-38.62217789,False
GAS,-37.49492868,False
DASH,-36.37505758,False
EIGEN,-34.469685309999996,False
IMX,-34.316053159999996,False
WLFI,-31.089632009999995,False
NEO,-29.543067880000002,False
MOVE,-23.63834243,False
ZEC,-22.603084900000002,False
BSV,-22.124225340000002,False
STRK,-21.860954489999997,False
2Z,-19.45527307,False
HYPER,-19.31090973,False
OP,-19.22223882,False
SEI,-18.11242128,False
ICP,-17.49806642,False
STX,-16.672097700000002,False
DOT,-15.61123907,False
ARK,-15.609156380000003,False
FET,-14.595066659999995,False
ZETA,-14.10641999,False
GMT,-13.742268249999999,False
POLYX,-13.442983580000002,False
ANIME,-11.625025890000002,False
AIXBT,-11.32233358,False
SAND,-11.06928346,False
IOTA,-10.853118779999999,False
HBAR,-10.81152265,False
BANANA,-10.637821339999999,False
kNEIRO,-10.44672194,False
kLUNC,-9.58792293,False
IP,-9.453933619999999,False
TIA,-9.23063538,False
BABY,-8.94934667,False
RESOLV,-8.488074999999998,False
APE,-7.75427462,False
PROVE,-7.68226304,False
S,-7.410940289999999,False
ARB,-7.277478769999999,False
KAITO,-7.184770959999999,False
MERL,-7.0531534199999975,False
USTC,-7.0099899799999985,False
JUP,-6.58427515,False
IO,-6.206798719999999,False
XAI,-5.821615679999999,False
INJ,-4.71030091,False
KAS,-3.563555589999999,False
ADA,-3.3988821899999997,False
kSHIB,-2.39973703,False
USUAL,-1.3820754199999976,False
FTT,-1.291767849999999,False
PENGU,-0.4532183099999998,False
SUSHI,-0.28235450999999934,False
YZY,-0.1556352699999991,False
