coin,fundingRate_avg_5d,isNew
BLUR,-405.81047845,False
TNSR,-211.00879730999998,False
BLAST,-197.80107667000001,False
0G,-169.10100841,False
TRUMP,-155.78782540000003,False
YZY,-116.78357646,False
STABLE,-113.34199511,False
AXS,-95.69373848999999,False
POL,-83.73899861,False
REZ,-74.79090535000002,False
DYM,-74.52659425000002,False
MINA,-71.65596123000002,False
JTO,-69.89301269,False
COMP,-58.031184290000006,False
FET,-54.49107776,False
DOT,-49.849524599999995,False
BERA,-47.51539413,False
TURBO,-46.64039058,False
APT,-45.39501058,False
IMX,-44.87534767,False
W,-41.63701219000001,False
GAS,-40.467468239999995,False
ALT,-39.31473327,False
EIGEN,-39.180950550000006,False
WLFI,-38.574912579999996,False
DASH,-36.37078415999999,False
NEO,-35.65290142999999,False
2Z,-28.97629588,False
MOVE,-27.038277280000003,False
STX,-26.22872553,False
SUPER,-25.823009779999996,False
BSV,-25.48020397,False
SEI,-24.75449199,False
STRK,-20.357036960000002,False
SAND,-19.94503226,False
OP,-19.013049289999998,False
HYPER,-18.787971310000003,False
IP,-17.76855259,False
XAI,-17.340546290000002,False
HBAR,-16.5308427,False
kNEIRO,-16.315820470000002,False
IOTA,-15.996809739999998,False
kLUNC,-15.409087470000001,False
GMT,-15.075550470000001,False
ARK,-14.996638930000001,False
PROVE,-14.11051894,False
ICP,-13.621702180000005,False
BABY,-13.410092700000002,False
S,-12.66552993,False
ZETA,-12.550963,False
RESOLV,-11.89158247,False
POLYX,-11.79592035,False
IO,-11.036483099999998,False
APE,-10.57453326,False
AVNT,-10.131127609999998,False
KAITO,-9.810767839999999,False
ARB,-8.14988644,False
ADA,-8.0138232,False
USTC,-7.73221767,False
SOPH,-6.61387154,False
BANANA,-6.2341722599999985,False
JUP,-6.087523290000001,False
AIXBT,-5.98351435,False
INJ,-5.54116355,False
MERL,-5.307774519999999,False
ANIME,-5.2838531500000006,False
ZEC,-5.278840969999997,False
kSHIB,-4.6061999899999995,False
TIA,-4.45141663,False
MEW,-4.002815569999999,False
PENGU,-3.9511870499999993,False
TST,-3.0104126899999994,False
KAS,-2.9411933599999998,False
kFLOKI,-1.9912056699999996,False
SUSHI,-1.5573411199999996,False
USUAL,-1.1475439399999992,False
XLM,-0.85008938,False
XRP,-0.5578835200000001,False
SUI,-0.5557606800000002,False
NOT,-0.28650309999999873,False
