coin,fundingRate_avg_5d,isNew
LAYER,-304.13105046942144,False
MOVE,-76.34735358347108,False
STABLE,-74.26017281652892,False
BLAST,-69.12650078677686,False
JTO,-58.87679400991736,False
kLUNC,-56.904861540495865,False
BANANA,-56.401037742148766,False
ACE,-49.882799206611544,False
NIL,-30.567671047933885,False
BLUR,-28.115560264462815,False
MEGA,-17.696771008264466,False
MERL,-13.497386280991735,False
KAITO,-11.833700112396693,False
COMP,-11.440488327272728,False
GRIFFAIN,-11.05627183140496,False
ATOM,-7.976834280991734,False
W,-5.077189576859505,False
SKY,-4.262901242975205,False
DYM,-3.8946264991735524,False
WLFI,-3.3502692396694203,False
EIGEN,-3.180032757024793,False
CHIP,-2.6506268628099177,False
NOT,-1.8032351404958673,False
BABY,-0.9811489586776857,False
IO,-0.3382112925619828,False
BERA,-0.16893334214875844,False
