coin,fundingRate_avg_5d,isNew
SOPH,-241.75368243999995,False
MOVE,-176.13943627000003,False
STABLE,-101.84549448000001,False
TRUMP,-59.93391104,False
TRX,-57.99517557999999,False
ME,-56.49727763,False
LAYER,-54.84463574,False
ZEC,-42.1468712,False
CHIP,-39.70619285,False
IO,-37.40669066,False
EIGEN,-35.74141393,False
UMA,-33.18190618,False
HMSTR,-31.879461350000003,False
kLUNC,-30.567331609999997,False
kNEIRO,-30.564034200000002,False
ZORA,-26.04245508,False
AVNT,-25.89108739,False
ALT,-25.25445731,False
POL,-22.631731560000002,False
0G,-20.783888400000006,False
XLM,-20.312675589999998,False
TON,-20.302507420000005,False
SNX,-20.06981189,False
MERL,-19.189151570000003,False
SEI,-17.71663499,False
BRETT,-15.99378681,False
MINA,-15.752857609999996,False
JUP,-15.577897049999999,False
AIXBT,-14.875664060000002,False
MOODENG,-14.563870840000002,False
WLD,-14.18172022,False
IP,-14.17497064,False
ZK,-13.737187449999999,False
W,-12.24496963,False
OP,-10.239097529999999,False
STRK,-9.938909850000002,False
SAGA,-8.79929444,False
ETC,-8.32264751,False
AVAX,-8.20751702,False
HYPER,-7.881658159999997,False
S,-7.870757800000001,False
FIL,-7.056855249999999,False
SAND,-6.522008339999999,False
VIRTUAL,-5.889223899999998,False
APT,-5.593806769999997,False
PNUT,-5.146837259999999,False
TIA,-4.066931469999999,False
MORPHO,-2.9286315199999993,False
PYTH,-2.8946748399999986,False
SUSHI,-2.5864265,False
ADA,-2.5616488399999993,False
XRP,-2.39549938,False
GAS,-2.3718254799999987,False
BABY,-2.0608235799999983,False
SOL,-1.75995627,False
POPCAT,-1.6632670399999998,False
KAS,-1.5379391799999989,False
NOT,-1.2120124299999988,False
XAI,-1.0839288199999992,False
AERO,-0.8394715299999981,False
ALGO,-0.8370238399999997,False
INJ,-0.8063901199999994,False
KAITO,-0.4800706299999999,False
ZEN,-0.4729304999999996,False
IOTA,-0.2507725199999982,False
2Z,-0.2417840299999995,False
NXPC,-0.16142489999999968,False
JTO,-0.10649166999999977,False
