coin,fundingRate_avg_5d,isNew
BABY,-623.2849463500002,False
STABLE,-237.93716746115703,False
TRX,-65.00955272727273,False
SNX,-57.789697557024795,False
MOVE,-54.908987484297526,False
SEI,-52.825499672727275,False
BSV,-51.19182989752066,False
NIL,-51.07253156,False
TRUMP,-49.742462069999995,False
ZK,-48.07911737851239,False
UMA,-47.2375992,False
AVNT,-44.77215149752066,False
AIXBT,-42.72220318,False
MEME,-39.53873347438015,False
GMT,-34.39134082314049,False
ZORA,-34.32635784,False
ZEC,-34.10172798347108,False
ME,-33.1254281553719,False
S,-32.863043639999994,False
JTO,-29.971726076033054,False
kNEIRO,-28.79373340165289,False
STX,-26.06551538181818,False
PROVE,-25.7072111107438,False
VIRTUAL,-25.57716038,False
IO,-25.18492325950413,False
kLUNC,-24.131982842975205,False
MERL,-24.125784961983474,False
W,-21.49316460495868,False
STRK,-21.359658585123967,False
MON,-20.960336519008266,False
SAGA,-20.72502409586777,False
POPCAT,-19.768550826446283,False
MOODENG,-18.419200244628097,False
ALT,-17.015293685950414,False
CAKE,-16.552452208264462,False
ADA,-15.474523348760329,False
SOL,-14.631503662809914,False
AERO,-13.777143758677687,False
HYPER,-13.732976809999998,False
TON,-12.870291907438018,False
ICP,-12.665677854545457,False
WIF,-12.537778958677684,False
COMP,-11.4392597553719,False
JUP,-10.85703250909091,False
SUSHI,-10.6887905553719,False
MORPHO,-10.584867139999998,False
TURBO,-9.660373795041322,False
APT,-9.271998109090909,False
ZEN,-8.895448423140495,False
2Z,-8.832445199999999,False
kSHIB,-8.536546879338843,False
ATOM,-6.79931652892562,False
PUMP,-6.785131844628099,False
CHIP,-6.2663385818181805,False
INJ,-6.173851080991735,False
OP,-6.08958856859504,False
BIO,-5.57743798,False
WLD,-5.5673065090909075,False
ETC,-5.4111381520661155,False
FIL,-4.965294694214876,False
DASH,-4.727174727272725,False
IP,-4.356315879999999,False
PENGU,-4.2686458,False
XRP,-4.059942178512397,False
AVAX,-4.003123080991735,False
MEGA,-3.842966390082644,False
YGG,-3.604802261157024,False
kFLOKI,-3.4180615041322313,False
XLM,-2.6930035438016526,False
INIT,-2.5834466399999996,False
CRV,-2.2931623933884286,False
kBONK,-2.1285446181818175,False
DOGE,-1.5003244760330574,False
PENDLE,-1.0617626776859497,False
TIA,-1.0066101520661153,False
DOT,-0.7567604727272726,False
ORDI,-0.7488699570247924,False
AXS,-0.060771957024793,False
