coin,fundingRate_avg_5d,isNew
SUPER,-533.5618055900001,False
BLUR,-426.4827973,False
REZ,-293.95311938,False
TNSR,-201.81740308000002,False
BLAST,-158.09724537000002,False
ALT,-130.07007286,False
FTT,-100.36538079000003,False
SOPH,-78.85294290000002,False
DYM,-77.44828347,False
MINA,-63.19696578,False
BERA,-61.08174187,False
NIL,-61.06794414000001,False
AXS,-59.366074700000006,False
STABLE,-58.39617699,False
POL,-56.24546485999999,False
TURBO,-53.03770616,False
TRUMP,-51.64093949000001,False
JTO,-50.65024116000001,False
APT,-38.647892139999996,False
0G,-32.474851539999996,False
DASH,-31.383267940000007,False
AVNT,-30.610687040000006,False
EIGEN,-30.302217510000002,False
BSV,-29.81439939,False
MOODENG,-28.100686429999996,False
ZETA,-25.874920810000006,False
COMP,-25.596171039999998,False
ANIME,-25.589690100000002,False
ZEC,-24.32472639,False
IMX,-24.23732422,False
STRK,-23.88250115,False
MOVE,-22.44172789,False
W,-21.65163064,False
LAYER,-21.533766300000003,False
POLYX,-19.419654910000006,False
ME,-18.97581783000001,False
NEO,-16.11067368,False
BANANA,-14.38223808,False
GAS,-14.114936900000002,False
kLUNC,-14.07185157,False
2Z,-13.837251470000002,False
MERL,-13.18948451,False
HYPER,-13.086752339999999,False
XAI,-12.736899840000001,False
S,-12.500835359999998,False
PROVE,-11.82459913,False
OP,-11.625880720000001,False
WLFI,-11.29122171,False
FET,-10.275735500000007,False
ICP,-10.00987242,False
AIXBT,-9.36105499,False
SEI,-9.049474199999999,False
KAS,-7.520638119999998,False
TIA,-7.109194060000001,False
IO,-6.4305561299999985,False
ARK,-4.837669119999999,False
HBAR,-4.254645860000001,False
kNEIRO,-3.4502281999999997,False
DOT,-2.86961613,False
INIT,-2.8107277599999994,False
ARB,-1.9170289099999995,False
AERO,-1.7292451699999976,False
INJ,-1.7131034099999995,False
BRETT,-1.1469219799999995,False
ZORA,-1.084297469999998,False
JUP,-0.8751911599999995,False
MEW,-0.7080459799999994,False
ADA,-0.4617162399999999,False
APE,-0.3598323299999991,False
VVV,-0.22118926999999897,False
STX,-0.14716288999999963,False
KAITO,-0.04422339999999982,False
