coin,fundingRate_avg_5d,isNew
BERA,-944.7956145917356,False
ME,-525.7368131008266,False
IP,-403.4496152231405,False
MOVE,-387.30744449256196,False
XAI,-371.21076929256196,False
BLUR,-340.6434406809917,False
AVNT,-317.08923713999997,False
KAITO,-307.97316547438015,False
BLAST,-113.90344856528927,False
LAYER,-106.98698187768595,False
IO,-62.365818029752056,False
ANIME,-55.6106012231405,False
VVV,-47.79865041322313,False
ZEC,-40.707501730000004,False
GMT,-35.31564389752065,False
MOODENG,-35.13433434049587,False
BSV,-34.17356287933884,False
ZORA,-33.21411232,False
0G,-28.051344269999994,False
ACE,-25.51074168595041,False
FOGO,-24.11798747,False
WLFI,-23.46546091,False
kLUNC,-22.057799454545453,False
ATOM,-20.931580552066116,False
STABLE,-20.88835797,False
TRUMP,-18.518228062809918,False
USUAL,-17.583344211570257,False
TURBO,-15.671100644628098,False
MEME,-15.289734406611572,False
POLYX,-12.184461371900825,False
WCT,-11.24619166,False
AERO,-11.04688633,False
FIL,-10.767265676033055,False
REZ,-10.160449616528927,False
FTT,-9.091573239669424,False
EIGEN,-8.892210119008265,False
kFLOKI,-8.648967361983471,False
MELANIA,-8.116067603305785,False
SAND,-7.840408502479336,False
DYM,-7.8210756892561974,False
MEW,-7.308124115702477,False
PURR,-7.246452267768591,False
kNEIRO,-6.825846297520659,False
kBONK,-6.581407547107438,False
ADA,-6.533390439669421,False
ZRO,-6.410843107438016,False
APT,-6.389480290909091,False
AIXBT,-5.727662290909091,False
IMX,-5.460982552066114,False
POPCAT,-4.392932945454545,False
SUPER,-4.238439847933884,False
RENDER,-4.200407692561984,False
TNSR,-3.3077477652892546,False
BRETT,-3.163806485950412,False
XLM,-3.0300137752066116,False
JTO,-2.7291179107438013,False
PNUT,-2.6063005388429743,False
BCH,-2.3548479966942146,False
GMX,-1.8739848099173546,False
NEO,-1.7832449652892555,False
RESOLV,-0.6994458499999985,False
LINEA,-0.6667214099999995,False
