coin,fundingRate_avg_5d,isNew
DOOD,-501.16886735,False
0G,-222.24679618000002,False
REZ,-92.42739364,False
KAITO,-58.30286182,False
BLAST,-45.00830840999999,False
CELO,-36.16687763999999,False
APT,-32.643932680000006,False
BIO,-7.980200859999999,False
MAV,-4.406328179999999,False
