coin,fundingRate_avg_5d,isNew
BLAST,-140.1453854,False
ANIME,-125.15879783999999,False
POLYX,-122.59900685000001,False
IP,-107.12290756999998,False
kLUNC,-86.12408308,False
ZK,-77.93145075999999,False
VVV,-41.022230279999995,False
GAS,-39.572617449999996,False
ACE,-38.97302757,False
REZ,-37.02241574,False
ZETA,-34.25121821,False
BERA,-33.19531774000001,False
TNSR,-25.18988078,False
XAI,-23.40236482,False
USTC,-21.39836152,False
MINA,-20.95362362,False
SUPER,-13.550372420000002,False
ATOM,-12.84962863,False
LAYER,-11.63621387,False
USUAL,-11.2367002,False
SCR,-10.26865596,False
BSV,-10.266918559999997,False
CELO,-8.795996299999999,False
TRUMP,-7.3177243999999995,False
MELANIA,-6.512681129999998,False
ZRO,-4.516226029999999,False
MEME,-3.105619289999998,False
UMA,-2.7891518799999995,False
MANTA,-2.0649765499999986,False
