coin,fundingRate_avg_5d,isNew
MOVE,-343.26515958000005,False
STABLE,-340.31548435,False
ME,-75.70574573,False
ZEC,-75.33235438,False
AVNT,-66.88672596,False
IO,-53.91203227,False
MERL,-47.213589500000005,False
kNEIRO,-46.40279164,False
SNX,-46.26193157,False
UMA,-43.379605409999996,False
TRX,-42.62527086,False
ZK,-41.87584775,False
PROVE,-35.29792433,False
kLUNC,-34.44304979999999,False
SEI,-34.08970863,False
SAGA,-28.808358650000006,False
W,-28.56604683,False
HMSTR,-27.518149349999998,False
ALT,-23.98484204,False
POPCAT,-22.550272320000005,False
JTO,-22.208754230000007,False
JUP,-21.81510246,False
BSV,-21.714658840000002,False
AERO,-19.895492270000002,False
STRK,-18.697914130000004,False
WLD,-18.26336484,False
MOODENG,-17.876577259999998,False
GMT,-17.011060790000005,False
CHIP,-15.440859989999998,False
SOL,-14.00218913,False
ADA,-13.54835105,False
AVAX,-12.30570855,False
0G,-11.79136369,False
INJ,-11.66247854,False
ICP,-11.609018449999999,False
TURBO,-11.54014879,False
2Z,-11.510504950000001,False
POL,-11.26010984,False
OP,-11.233296939999999,False
ETC,-10.97478934,False
APT,-10.77600742,False
ATOM,-9.671440039999998,False
PYTH,-9.048619369999999,False
STX,-8.808629680000001,False
MON,-8.140293510000003,False
MINA,-7.80961592,False
SUSHI,-7.67748154,False
COMP,-7.601507520000001,False
kSHIB,-7.409235739999999,False
PNUT,-6.652084849999999,False
WIF,-6.393912319999998,False
FIL,-6.09705052,False
XLM,-5.94544777,False
CAKE,-5.723659900000001,False
TON,-5.680265049999999,False
XAI,-4.873850109999999,False
ZEN,-4.703606809999999,False
XRP,-1.6295884900000002,False
ALGO,-1.3222125,False
ARB,-0.86800358,False
SAND,-0.7148291399999998,False
TAO,-0.6225082299999999,False
kBONK,-0.5322189099999988,False
MEGA,-0.5267570499999991,False
