coin,fundingRate_avg_5d,isNew
BERA,-1057.5821658900002,False
ME,-620.04489829,False
IP,-412.07231771,False
MOVE,-398.18663511999995,False
XAI,-378.50980486,False
KAITO,-318.22179855999997,False
BLUR,-211.33408312,False
LAYER,-137.88059544,False
BLAST,-89.75121364000002,False
MOODENG,-88.84490696,False
IO,-80.17585109,False
ANIME,-53.28247151,False
GMT,-37.97173402,False
ACE,-37.797674279999995,False
BSV,-35.61305146,False
TURBO,-26.70594916,False
kLUNC,-23.43989631,False
EIGEN,-23.00153204,False
TRUMP,-21.01025702,False
DYM,-20.91453942,False
VVV,-20.816444210000004,False
ATOM,-20.19113424,False
USUAL,-19.841627030000012,False
FIL,-17.411816190000003,False
POLYX,-17.15116458,False
MEME,-16.564716889999996,False
MEW,-15.336504299999996,False
IMX,-14.971300629999998,False
kFLOKI,-14.12950551,False
SUPER,-12.42108505,False
REZ,-10.90229304,False
APT,-10.413382840000002,False
TNSR,-10.256863540000001,False
AIXBT,-9.76099644,False
ZRO,-9.54183511,False
SAND,-9.160919649999999,False
ADA,-8.49279372,False
BRETT,-8.28476197,False
PURR,-8.093005569999995,False
POPCAT,-7.979029209999999,False
kNEIRO,-7.860235579999999,False
RENDER,-7.77030542,False
MELANIA,-7.741574079999999,False
kBONK,-7.5903231899999986,False
JTO,-6.84686856,False
XLM,-6.776740380000001,False
PNUT,-5.9446309,False
RSR,-4.83643688,False
NOT,-4.41422167,False
BCH,-4.27602756,False
GMX,-3.61338466,False
NEO,-3.18236711,False
AVAX,-1.82687756,False
ETC,-0.8449771899999996,False
STRK,-0.740444109999999,False
ONDO,-0.6882921800000003,False
PENGU,-0.06040968999999942,False
SUSHI,-0.03441365999999928,False
