coin,fundingRate_avg_5d,isNew
YZY,-377.57692983,False
PROVE,-337.82162258,False
OM,-328.03195174,False
BLAST,-230.94226053000003,False
ME,-184.97745429,False
REZ,-176.56985229999998,False
ZORA,-173.59387079,False
APT,-151.42865960000003,False
IP,-149.40161385000002,False
ATOM,-123.64128041000002,False
0G,-121.53362733,False
AVNT,-102.1227295,False
VVV,-97.53137552000001,False
MOODENG,-95.48786024,False
DOOD,-91.75600752999998,False
TRUMP,-91.25359524999999,False
IO,-86.32456735999999,False
GRASS,-79.02580982,False
VINE,-77.95729567999997,False
BIO,-74.62613048,False
KAITO,-73.42553817,False
BERA,-67.53006547000001,False
ZETA,-65.39777562,False
SOL,-64.59597939,False
INIT,-57.775352139999995,False
SYRUP,-53.00945589,False
HYPER,-52.77910147,False
USUAL,-51.692275280000004,False
PURR,-49.85460759000001,False
RESOLV,-47.53683715,False
ASTER,-44.035692179999984,False
PENGU,-42.61131909999999,False
IOTA,-41.726099930000004,False
DYM,-40.3540934,False
TURBO,-39.73878516,False
SAGA,-38.984847,False
kFLOKI,-37.35838145,False
FARTCOIN,-36.69518155999999,False
AI16Z,-35.925994429999996,False
XPL,-28.801423650000004,False
ONDO,-28.691789329999995,False
MORPHO,-27.86761568,False
APEX,-27.11180799,False
ALGO,-25.697409630000006,False
MELANIA,-24.867197420000004,False
STBL,-24.46253797999999,False
SKY,-23.275882099999993,False
STX,-22.94786098,False
SPX,-21.10519863,False
AVAX,-20.674369419999998,False
ANIME,-19.8741916,False
S,-19.33154902,False
AR,-19.2234112,False
MEW,-18.35746111,False
DOGE,-18.24794943,False
LAYER,-16.08469006,False
EIGEN,-15.895185710000002,False
HYPE,-15.123972830000001,False
BABY,-14.87117529,False
kPEPE,-14.090528620000002,False
SAND,-13.311444880000003,False
PUMP,-13.19354769,False
CELO,-13.11029995,False
W,-12.60452091,False
RENDER,-10.825857659999995,False
XRP,-10.552909200000002,False
PNUT,-9.74411154,False
WLFI,-8.92268269,False
STRK,-8.51928396,False
NOT,-8.28079588,False
UMA,-6.7152736499999985,False
GOAT,-6.126049769999999,False
GMX,-5.04727986,False
AIXBT,-4.994617659999999,False
MON,-4.47071491,True
MERL,-3.926507939999999,False
POPCAT,-3.761652040000004,False
HBAR,-3.716270859999999,False
CRV,-3.544344909999998,False
TAO,-3.3425991900000014,False
kNEIRO,-2.6148045199999994,False
LINEA,-2.577271569999997,False
ENA,-2.3594176699999987,False
2Z,-2.2592769999999995,False
WCT,-2.1801333199999995,False
ETH,-2.015988439999999,False
INJ,-1.1690818599999993,False
NXPC,-0.6586541799999991,False
