coin,fundingRate_avg_5d,isNew
TNSR,-193.7132174876033,False
IP,-107.65681853553718,False
FOGO,-76.28078989090909,False
TRUMP,-73.3036285983471,False
0G,-73.28048771900825,False
STABLE,-69.05867449586778,False
GAS,-69.04204425123967,False
ZORA,-68.15754632727273,False
BSV,-67.95401098512397,False
LAYER,-66.12706592727274,False
S,-55.064063375206615,False
CELO,-54.39050480330578,False
AVNT,-45.442858363636354,False
ME,-39.66368944462808,False
PROVE,-39.32493083305784,False
POLYX,-37.08921087272726,False
AIXBT,-33.53959009586776,False
kNEIRO,-32.37819508760331,False
USUAL,-29.486407596694214,False
IOTA,-29.284677828099177,False
SNX,-27.044770442975203,False
MANTA,-26.118248409917356,False
XAI,-22.040940436363638,False
kSHIB,-21.53742649586777,False
STRK,-21.11697473057852,False
TRX,-20.903564479338844,False
MON,-19.17774312396695,False
BIO,-18.79726446942149,False
ADA,-18.295973831404964,False
MINA,-18.213837609917356,False
NOT,-16.55616615867769,False
APT,-16.20199067107438,False
ZETA,-16.121123563636367,False
KAITO,-15.03013868429752,False
INJ,-14.920268013223144,False
ANIME,-14.061770638016531,False
AXS,-13.40015534876033,False
SUSHI,-13.239592512396701,False
POPCAT,-12.297524013223143,False
GMT,-12.282039084297523,False
YGG,-11.672193223140495,False
MERL,-11.639681315702482,False
OP,-11.541480991735536,False
XRP,-10.96021300165289,False
SOPH,-10.94992905123967,False
kPEPE,-10.621572396694214,False
FIL,-9.540639798347108,False
W,-7.6013835768595035,False
ETH,-7.106329914049587,False
WLFI,-7.079216628099172,False
DOT,-6.938956720661156,False
KAS,-6.4077351173553705,False
CHIP,-5.284073266115699,False
kFLOKI,-4.581747867768593,False
ALGO,-4.447745930578511,False
STX,-4.409114330578512,False
ATOM,-4.00684065123967,False
ZK,-3.6564268958677677,False
ARB,-3.416451401652892,False
DOGE,-3.152335953719008,False
MOODENG,-2.5892988991735533,False
kLUNC,-1.8968440661157022,False
ALT,-1.671612158677685,False
HYPER,-1.4059336661157011,False
AVAX,-0.8544598115702478,False
VIRTUAL,-0.7449120297520649,False
