coin,fundingRate_avg_5d,isNew
0G,-1190.1397028000001,False
POLYX,-675.01585615,False
AVNT,-603.80534457,False
MOVE,-554.2372371600001,False
BANANA,-388.3567077,False
LAYER,-386.74789792999997,False
GAS,-378.65069194,False
KAITO,-364.85932754000004,False
ANIME,-333.66953807000004,False
RESOLV,-207.32043289,False
TNSR,-191.31209718,False
MERL,-115.96485591,False
INIT,-103.39423182,False
BLAST,-90.66300408,False
2Z,-81.03164980000001,False
NIL,-76.18926634,False
MOODENG,-75.50369779000002,False
SUPER,-71.28297429999999,False
HMSTR,-65.21750796000002,False
VVV,-63.206398840000006,False
BIO,-56.38885145999999,False
ZORA,-51.35650959,False
USTC,-50.59721103999999,False
IMX,-49.88452591,False
DYM,-47.14003178,False
SOPH,-46.47394912,False
TURBO,-34.761807950000005,False
REZ,-32.33045827,False
OM,-31.748611039999993,False
FXS,-29.89312843,False
MANTA,-29.10476639,False
ARK,-28.782150190000003,False
IP,-25.642439899999996,False
ME,-25.042349240000004,False
BIGTIME,-24.728614949999997,False
HYPER,-24.534220329999997,False
WCT,-23.98270971,False
XAI,-23.620353040000005,False
IO,-23.07775499,False
FET,-20.22638813000001,False
NOT,-18.639579830000006,False
MEME,-17.00269353,False
kLUNC,-16.24559958,False
ETC,-16.10736459,False
CELO,-14.858651409999998,False
PROVE,-14.43252413,False
TRUMP,-13.902576980000001,False
ADA,-13.677529659999998,False
UMA,-13.40648796,False
BABY,-13.384066740000002,False
GMX,-13.070381359999999,False
ZETA,-12.010752779999999,False
CFX,-11.06873377,False
STX,-10.87483336,False
NEO,-10.55477508,False
BLUR,-10.170090629999999,False
DOT,-10.017849859999998,False
DOOD,-9.86337602,False
SKY,-9.292325489999998,False
GOAT,-8.922214030000003,False
SUSHI,-8.469624979999999,False
BSV,-8.341331129999999,False
S,-7.507296639999999,False
RSR,-7.128341959999998,False
BERA,-6.637882699999999,False
CC,-6.077060929999999,False
kFLOKI,-5.581361729999999,False
SYRUP,-5.003557969999998,False
YGG,-4.347960299999999,False
SEI,-4.337608169999999,False
POL,-3.949198529999999,False
EIGEN,-3.59219057,False
MELANIA,-2.493564659999998,False
JUP,-1.9323362799999995,False
BCH,-1.5453369999999997,False
ZRO,-1.0393031899999998,False
COMP,-0.9504242299999993,False
MAV,-0.9019427399999993,False
ACE,-0.8493696000000013,False
kSHIB,-0.8489221099999998,False
ALT,-0.7618666899999995,False
TIA,-0.49528382999999965,False
