coin,fundingRate_avg_5d,isNew
ZORA,-219.15053768,False
IO,-120.31183217000002,False
ALT,-89.58347716000002,False
kLUNC,-36.05060105,False
ME,-35.60551347999999,False
TRX,-35.20982939,False
TRUMP,-34.49258176000001,False
BCH,-33.46374312,False
0G,-31.039384650000006,False
COMP,-28.581354929999996,False
JUP,-26.24647986,False
POLYX,-25.15724686,False
BSV,-24.38963799,False
2Z,-22.855408669999996,False
JTO,-19.708467,False
CHIP,-18.316462120000008,False
OP,-18.060832180000002,False
MOVE,-17.76031965,False
XLM,-17.061554160000004,False
S,-16.62131233,False
HYPER,-16.50690527,False
HEMI,-16.480788790000002,False
APT,-13.817417370000001,False
ETC,-13.64680761,False
BABY,-11.8939703,False
STRK,-11.599166369999999,False
ATOM,-11.332255739999999,False
MON,-10.459060400000002,False
SNX,-10.29530169,False
STX,-8.83494764,False
STABLE,-8.2314362,False
kNEIRO,-8.152067679999998,False
ONDO,-7.262104970000001,False
AXS,-7.226211599999999,False
SUSHI,-5.945515659999999,False
ADA,-5.816039209999999,False
INJ,-5.2542107699999985,False
MINA,-4.777579899999999,False
PROVE,-4.18135678,False
ZK,-3.589474969999999,False
DASH,-3.5608888999999992,False
AIXBT,-3.5252356999999988,False
SEI,-2.8766504099999994,False
PENGU,-1.9849006599999992,False
XRP,-1.7325929500000001,False
SAND,-1.5706322299999997,False
VIRTUAL,-1.488885369999999,False
NXPC,-1.4026891599999998,False
GMT,-0.9231090899999995,False
MEME,-0.40787800999999946,False
BLUR,-0.33407135999999993,False
ZETA,-0.3212313899999991,False
