coin,fundingRate_avg_5d,isNew
ZORA,-182.79745090999998,False
ALT,-60.232183199999994,False
kLUNC,-58.78937397000001,False
TRX,-43.5017439,False
IO,-39.83927331,False
BSV,-34.52622527,False
POLYX,-27.614756089999997,False
STABLE,-25.029812949999997,False
BIO,-20.609223489999998,False
BCH,-19.982478340000004,False
JTO,-18.562105659999997,False
ME,-17.239707010000007,False
TRUMP,-17.13330951,False
XLM,-15.781887520000002,False
S,-14.911128919999998,False
2Z,-14.788844430000001,False
ETC,-14.681678969999998,False
0G,-13.982502489999998,False
COMP,-13.541789810000004,False
ATOM,-12.096041600000001,False
HYPER,-11.576606450000002,False
MOVE,-11.551316330000004,False
APT,-11.210147180000002,False
SNX,-10.73569244,False
CHIP,-10.540993409999999,False
SUSHI,-9.39307425,False
JUP,-8.309081189999997,False
STRK,-7.383227299999999,False
OP,-7.159090289999999,False
DOT,-5.40007134,False
AXS,-4.795434969999999,False
MEME,-4.5262569599999996,False
BABY,-4.1677043199999995,False
XRP,-4.0206137,False
ADA,-3.937176159999999,False
STX,-3.2736419299999993,False
SEI,-3.05632896,False
kNEIRO,-2.871755759999999,False
MORPHO,-2.2770992199999993,False
NXPC,-1.8523355799999994,False
ZK,-1.4556572299999995,False
INIT,-0.6273634600000011,False
ONDO,-0.5036160499999996,False
AIXBT,-0.4465556000000001,False
IP,-0.3881526799999997,False
