coin,fundingRate_avg_5d,isNew
YZY,-303.10636453999996,False
BLUR,-210.73526995999998,False
SUPER,-195.65006669999997,False
MOVE,-146.39132088,False
BLAST,-130.26937381000002,False
COMP,-113.70757692000002,False
BIO,-104.57237371,False
WLD,-94.40781356,False
FTT,-83.57036204000005,False
UMA,-82.93831782,False
FET,-81.37842535000003,False
STABLE,-79.89598296000001,False
ACE,-65.95409037,False
IP,-62.004673570000016,False
kNEIRO,-55.92990921999999,False
AXS,-48.05210546,False
ALT,-44.86784619,False
MEME,-43.38342915000001,False
BOME,-34.10088785,False
AERO,-32.19926193999999,False
0G,-29.792683349999997,False
USTC,-27.99243692,False
2Z,-26.95455796,False
JTO,-25.940819370000003,False
ZETA,-24.865923570000007,False
KAITO,-22.420392180000004,False
AVNT,-22.15327423,False
W,-21.360002939999998,False
XAI,-20.81017205,False
SAND,-19.5698619,False
MET,-19.125261239999997,False
JUP,-17.80818356,False
PNUT,-14.77193982,False
DYM,-14.674500150000002,False
TRUMP,-14.067851900000004,False
TAO,-13.46097735,False
INIT,-12.96363565,False
PYTH,-11.83773694,False
EIGEN,-11.73169203,False
ARB,-11.68125049,False
PROVE,-10.92792553,False
IMX,-10.57644659,False
S,-9.89302789,False
MORPHO,-9.703583399999998,False
kLUNC,-9.512786949999997,False
OP,-9.20996032,False
DASH,-9.08818172,False
STRK,-9.003675459999998,False
BABY,-8.286351909999999,False
BERA,-7.936689939999999,False
DOT,-7.67512875,False
MERL,-6.923357959999999,False
GAS,-6.676442029999998,False
TON,-6.614892809999998,False
TIA,-6.571100109999999,False
USUAL,-6.12346265,False
ETH,-5.29377823,False
BANANA,-5.190755519999999,False
TURBO,-5.06668618,False
MANTA,-4.510353179999998,False
IO,-4.15159395,False
YGG,-3.673402339999999,False
ANIME,-3.0538469599999982,False
BTC,-2.95608755,False
REZ,-2.944890079999999,False
SAGA,-2.3879898699999997,False
ARK,-2.1070581299999986,False
LAYER,-2.0007912999999995,False
ENA,-1.665127809999999,False
ADA,-1.2229587800000001,False
