coin,fundingRate_avg_5d,isNew
JTO,-118.32984543471075,False
BLAST,-110.36364695206613,False
kLUNC,-76.74431696528924,False
IO,-67.1223336892562,False
HYPER,-52.30547639008264,False
WIF,-51.86979018842976,False
ACE,-51.53304565289256,False
STABLE,-45.63343180165289,False
COMP,-45.31797985785122,False
CHIP,-32.44989677355372,False
MEGA,-31.816070231404954,False
NIL,-30.44378148099173,False
STX,-29.456390479338843,False
BLUR,-27.028820003305785,False
XAI,-17.862884499173553,False
KAITO,-16.809480743801657,False
BANANA,-14.678833725619837,False
BABY,-14.49136682975207,False
ATOM,-10.747128535537191,False
2Z,-9.278903305785127,False
FTT,-7.79285835371901,False
DYM,-6.934085147107437,False
kNEIRO,-4.252210423140495,False
EIGEN,-3.2965125223140483,False
ORDI,-2.96838319338843,False
S,-2.822448109090909,False
APT,-2.7517353619834695,False
APE,-1.412242314049585,False
YZY,-1.27132866446281,False
MERL,-0.8701496231404953,False
ARB,-0.8139763041322313,False
NOT,-0.6155528925619829,False
PURR,-0.14700148760330622,False
GRIFFAIN,-0.09072029752066012,False
