coin,fundingRate_avg_5d,isNew
OM,-1389.2434214,False
INIT,-896.0634368,False
YZY,-855.58808164,False
VVV,-619.43794271,False
AXS,-611.7107518199999,False
BERA,-449.76102562,False
JTO,-357.49548101000005,False
MOVE,-312.1896392,False
MOODENG,-277.95427440000003,False
COMP,-276.01131662,False
0G,-251.7408212,False
BLAST,-212.05392590000002,False
ACE,-192.26921916,False
SUPER,-128.81120099999998,False
SOPH,-126.49946328000001,False
RESOLV,-119.64356316000001,False
UMA,-105.50456837999998,False
ZORA,-92.14039779,False
AVNT,-88.22638891,False
ARK,-81.34570967,False
TNSR,-59.36372045000001,False
NXPC,-49.557850910000006,False
SKR,-43.15658603,False
DYM,-41.75839586,False
XAI,-34.67452623,False
AZTEC,-34.10837619,True
REZ,-29.52527851,False
MINA,-27.989831549999995,False
2Z,-25.816641259999997,False
PYTH,-24.92767281,False
APT,-22.69327567,False
FET,-22.353713250000002,False
MERL,-21.63249223,False
SKY,-21.48759161,False
LAYER,-20.87546909,False
IO,-20.093914299999994,False
TAO,-19.59277587,False
BSV,-18.72648268,False
BIGTIME,-18.455403750000006,False
BABY,-18.27629241,False
IP,-18.148027759999998,False
YGG,-17.594697250000003,False
SPX,-16.64398759,False
CELO,-15.748052750000001,False
TRUMP,-14.832247309999998,False
XRP,-14.76630276,False
SAGA,-14.47496998,False
SOL,-14.284666280000003,False
POLYX,-14.185700910000001,False
KAS,-12.248153890000001,False
DASH,-10.97851964,False
kLUNC,-10.90735413,False
XLM,-10.812602319999998,False
BLUR,-10.216642,False
LINEA,-9.91340219,False
MANTA,-9.45854941,False
CAKE,-9.128668979999999,False
MEME,-8.99135379,False
RSR,-8.16985413,False
DOT,-7.75405489,False
NEO,-6.849430860000001,False
SEI,-6.36938724,False
kFLOKI,-6.295394439999999,False
NIL,-5.628662079999997,False
USTC,-5.216309169999999,False
KAITO,-5.145069930000001,False
S,-4.953301119999999,False
AIXBT,-3.5919511299999987,False
EIGEN,-3.26749825,False
WCT,-3.239683059999999,False
IOTA,-2.9112217499999997,False
JUP,-2.0289203899999997,False
STX,-2.014480259999999,False
ADA,-1.69402778,False
UNI,-1.55398093,False
ZETA,-1.2140440199999982,False
ENS,-0.9924955899999987,False
kSHIB,-0.74229904,False
ATOM,-0.5253401199999997,False
SUI,-0.3329705199999999,False
PENGU,-0.22147177999999995,False
