coin,fundingRate_avg_5d,isNew
BERA,-865.6292857685951,False
ME,-472.238934922314,False
IP,-405.5055401652892,False
MOVE,-384.0032796396694,False
XAI,-369.49327862479333,False
BLUR,-343.24015300165286,False
AVNT,-309.78763478999997,False
KAITO,-305.5052403570247,False
BLAST,-118.391525246281,False
LAYER,-97.58482392396695,False
IO,-58.45936625454545,False
VVV,-55.74222854876032,False
ANIME,-54.56158832727272,False
ZEC,-37.407542570000004,False
BSV,-34.94076223140495,False
GMT,-33.06700836694215,False
ZORA,-31.306162420000007,False
0G,-23.545126540000002,False
ACE,-22.13528056859504,False
ATOM,-21.846571963636364,False
WLFI,-21.75876252,False
kLUNC,-20.552562862809918,False
STABLE,-20.40497679,False
MOODENG,-17.273623190082645,False
FOGO,-17.160267679999993,False
TRUMP,-16.94223021818182,False
USUAL,-16.47562049256199,False
MEME,-14.364645828099174,False
FTT,-13.16185511404959,False
TURBO,-12.233209685950413,False
WCT,-10.2527405,False
REZ,-10.209061824793391,False
MELANIA,-8.604693163636362,False
FIL,-8.544054416528926,False
AERO,-8.424166419999999,False
POLYX,-7.873231715702479,False
SAND,-7.667622208264462,False
PURR,-7.246452267768591,False
kNEIRO,-6.52224858842975,False
kFLOKI,-6.230215527272727,False
ADA,-5.67835000661157,False
MEW,-5.483336479338842,False
ZRO,-5.258115431404958,False
kBONK,-5.156516082644627,False
APT,-5.032631583471074,False
RENDER,-4.17719296859504,False
POPCAT,-4.089059404958678,False
EIGEN,-4.015586895867767,False
AIXBT,-3.0123504297520656,False
IMX,-2.4303606446280988,False
DYM,-2.2855165785123965,False
XLM,-2.0509643206611567,False
BCH,-1.6547357652892558,False
SUPER,-1.3452572727272725,False
NEO,-1.0883966975206605,False
JTO,-1.0432848694214873,False
PNUT,-0.9722094148760327,False
GMX,-0.5724536925619832,False
