coin,fundingRate_avg_5d,isNew
STABLE,-165.24638576,False
TRX,-83.54337321,False
BSV,-58.39927219000001,False
kLUNC,-51.952296170000004,False
SNX,-40.47237456999999,False
ZK,-40.37878127,False
AVNT,-39.105185309999996,False
MEME,-38.922083789999995,False
SEI,-38.39690938,False
JTO,-33.89785733,False
UMA,-26.61331873,False
STRK,-21.91613227,False
STX,-21.213938699999996,False
GMT,-20.07303265,False
ME,-18.522105309999997,False
MOODENG,-17.05433811,False
ALT,-17.04484957,False
IO,-16.716263429999998,False
kNEIRO,-15.26119239,False
ZEC,-13.775648959999998,False
CHIP,-13.54534856,False
ADA,-13.40175975,False
MON,-12.799121390000002,False
MERL,-11.801996139999998,False
CAKE,-11.383043299999999,False
ATOM,-11.312082919999996,False
ETC,-11.19209209,False
TON,-10.98024098,False
SUSHI,-10.37655872,False
W,-10.33814174,False
SOL,-9.07480009,False
APT,-8.706372739999999,False
SAGA,-8.657216,False
AERO,-7.464778519999999,False
kFLOKI,-7.00354262,False
DOT,-6.688032240000001,False
COMP,-6.544857339999999,False
2Z,-6.051926299999999,False
XRP,-5.6118998200000005,False
DASH,-5.574096039999999,False
ICP,-4.273507599999999,False
PUMP,-3.8583164499999993,False
POPCAT,-3.8275046099999988,False
MEGA,-3.731354119999999,False
WIF,-3.5016107099999996,False
YGG,-3.3592234800000003,False
XLM,-2.8734238100000002,False
ZEN,-2.6230637399999996,False
OP,-2.3092944099999997,False
TURBO,-2.293032929999999,False
CRV,-2.154458489999999,False
INJ,-1.8378771999999994,False
0G,-1.5367332199999983,False
AXS,-1.16254106,False
POLYX,-1.1184680399999982,False
TIA,-0.7422873599999996,False
FIL,-0.6362526699999986,False
kBONK,-0.5651309599999993,False
kSHIB,-0.04666013999999993,False
JUP,-0.013202049999999072,False
