coin,fundingRate_avg_5d,isNew
SOPH,-246.32007188,False
MOVE,-96.48109167000001,False
TRUMP,-67.31091144,False
STABLE,-64.27084249999999,False
TRX,-56.00075498999999,False
ME,-44.25887946000001,False
LAYER,-42.852259249999996,False
CHIP,-40.71997962,False
UMA,-37.57688578,False
ZEC,-33.760636309999995,False
EIGEN,-31.89505634,False
HMSTR,-31.014243450000006,False
ZORA,-30.42670879000001,False
kNEIRO,-30.112772290000002,False
kLUNC,-29.599881590000006,False
IO,-27.55044017,False
ALT,-26.553171109999997,False
XLM,-26.175616570000003,False
TON,-23.96824841,False
0G,-22.96816739,False
BRETT,-22.65841014,False
POL,-18.62802101,False
IP,-17.719884220000004,False
MOODENG,-16.00342354,False
SNX,-15.505957009999998,False
MINA,-15.039151940000004,False
SEI,-14.70206568,False
JUP,-13.798050470000002,False
WLD,-13.601089170000003,False
AIXBT,-13.12367866,False
GAS,-11.208966769999998,False
AVNT,-10.757087279999997,False
W,-10.323396469999999,False
AVAX,-10.17383626,False
ZK,-10.170852019999998,False
STRK,-9.29507686,False
ETC,-9.20361735,False
HYPER,-9.173227449999997,False
SKR,-8.360335949999998,False
MERL,-7.9541938800000045,False
FIL,-7.836892369999998,False
SAND,-6.570956299999999,False
2Z,-6.1766613999999995,False
OP,-5.9427175699999975,False
S,-5.649283849999999,False
APT,-5.594757959999998,False
VIRTUAL,-3.442328139999999,False
XRP,-3.4065953700000002,False
TIA,-3.1402628999999997,False
IOTA,-3.0480098799999995,False
SAGA,-2.8046045199999994,False
ZEN,-2.7100812,False
ADA,-2.42901441,False
APE,-2.2944279599999997,False
MORPHO,-2.291581689999999,False
XAI,-2.20622571,False
PNUT,-1.938358049999999,False
KAS,-1.5379391799999984,False
NOT,-1.2120124299999997,False
ALGO,-0.6455207499999999,False
SOL,-0.20672651000000017,False
JTO,-0.17870034999999942,False
SUSHI,-0.12181436999999955,False
