coin,fundingRate_avg_5d,isNew
CELO,-108.22435274,False
MANTA,-102.78383648000002,False
IP,-102.18442983,False
STABLE,-82.98959448,False
TNSR,-82.50201360999999,False
GAS,-77.38845632000002,False
ME,-67.26186493000002,False
BSV,-65.4752914,False
LAYER,-60.558510720000015,False
TRUMP,-59.077586,False
ZORA,-50.82387457999999,False
0G,-48.93011004,False
S,-36.09390026999999,False
POLYX,-35.41577772000001,False
PROVE,-35.05103687,False
kNEIRO,-31.24256117,False
IOTA,-28.95246357,False
AVNT,-28.759768390000005,False
TRX,-26.10503944,False
AIXBT,-22.634331820000007,False
STRK,-20.245198770000002,False
INJ,-19.88469557,False
kSHIB,-18.544599530000003,False
OP,-18.158562389999997,False
PYTH,-17.94910057,False
MON,-17.936621220000006,False
SNX,-17.451539140000005,False
POPCAT,-16.919651649999995,False
ZETA,-16.013745739999997,False
ANIME,-15.527128469999997,False
MINA,-14.7504968,False
USUAL,-13.799542590000003,False
GMT,-13.306435620000004,False
APT,-13.285838670000002,False
BIO,-13.256937240000005,False
XAI,-13.01647816,False
ADA,-12.911520220000002,False
kPEPE,-11.953344119999999,False
NOT,-11.464826660000002,False
AXS,-10.265831589999998,False
YGG,-9.319591719999998,False
FIL,-8.72023179,False
KAITO,-7.800705540000001,False
WLFI,-7.469646889999998,False
SOPH,-7.05765679,False
ALGO,-6.7534161500000005,False
XRP,-6.35014444,False
ALT,-5.249996479999999,False
ATOM,-4.468005149999999,False
ZK,-3.8540598199999985,False
DOT,-3.39708639,False
DOGE,-2.51461932,False
HYPER,-2.40826051,False
BLUR,-2.3795488799999993,False
IO,-2.31270935,False
ETH,-2.08373098,False
W,-1.5491665799999994,False
MOODENG,-1.3119742499999985,False
