coin,fundingRate_avg_5d,isNew
VVV,-108.25729618000001,False
STABLE,-77.22620652,False
ACE,-66.16973383,False
CHIP,-57.76180699000001,False
TRUMP,-50.66052102,False
AXS,-42.60478779,False
0G,-36.70371526,False
BLUR,-34.26670005,False
LAYER,-29.741286239999997,False
HYPER,-29.298256540000008,False
GAS,-29.08271455,False
KAITO,-28.12779717,False
ADA,-27.45288589,False
ANIME,-23.9887417,False
MINA,-23.828417639999998,False
ATOM,-22.903797450000003,False
kSHIB,-20.752965600000003,False
TRX,-20.12652194,False
kLUNC,-19.76152851,False
BABY,-19.50786519,False
DOT,-12.389759289999999,False
USUAL,-12.365084560000001,False
ICP,-11.456418520000001,False
IP,-10.52379826,False
RESOLV,-9.708675149999998,False
AVNT,-9.542384799999997,False
S,-9.18837787,False
AVAX,-9.070897509999998,False
INIT,-8.543964529999998,False
OP,-7.13470829,False
BCH,-6.781822640000001,False
ARK,-6.644907489999999,False
SUSHI,-5.93216615,False
YGG,-4.7854025799999995,False
MORPHO,-4.170768130000001,False
POLYX,-3.8081508499999988,False
ARB,-3.71790022,False
MEME,-3.17904561,False
RSR,-2.6678572699999985,False
BERA,-2.6036362499999988,False
APT,-2.3392339,False
ZORA,-1.777991649999999,False
PROVE,-1.6062554999999987,False
SEI,-0.35061826999999907,False
WIF,-0.28683013999999973,False
MON,-0.024620709999999525,False
