coin,fundingRate_avg_5d,isNew
OM,-1385.85220348,False
INIT,-885.0763038899998,False
YZY,-847.43096163,False
AXS,-628.43950482,False
VVV,-627.2655618900001,False
BERA,-446.27421347000006,False
JTO,-385.08233066,False
MOVE,-287.40693855,False
COMP,-275.13608896,False
0G,-232.00488284,False
MOODENG,-219.84253169000002,False
BLAST,-216.93143331000002,False
ACE,-186.85855479,False
SUPER,-133.91431345,False
SOPH,-127.86016502999999,False
RESOLV,-118.64561958000002,False
UMA,-108.65344601000001,False
ZORA,-96.04959305,False
AVNT,-81.31467226000001,False
ARK,-59.46668475999999,False
TNSR,-59.46551384000001,False
NXPC,-50.1566502,False
XAI,-40.81965163000001,False
SKR,-40.481388609999996,False
DYM,-31.23253316,False
AZTEC,-30.72200182,True
MINA,-28.58470563,False
REZ,-27.03460538,False
2Z,-26.8940541,False
IO,-26.32223707,False
APT,-24.63894248,False
FET,-24.36255353,False
PYTH,-24.027602520000002,False
MERL,-22.660522029999996,False
SKY,-22.224213440000003,False
LAYER,-22.09980684,False
POLYX,-20.577089619999995,False
BABY,-20.298782230000004,False
TAO,-19.84267969,False
IP,-18.19623185,False
YGG,-17.37907642,False
BIGTIME,-17.125074380000004,False
BSV,-16.490954770000002,False
TRUMP,-16.25256305,False
GAS,-16.23707829,False
SPX,-16.20423486,False
XRP,-14.38665531,False
DASH,-14.373633569999997,False
kLUNC,-14.341119370000001,False
SOL,-13.8848774,False
SAGA,-13.842283359999996,False
KAS,-13.042039840000001,False
CAKE,-12.00326444,False
XLM,-11.491787749999999,False
BLUR,-11.247369149999999,False
MANTA,-10.69068794,False
CELO,-8.819328559999999,False
RSR,-8.482465679999999,False
MEME,-8.46965272,False
DOT,-8.0342267,False
NEO,-7.518687560000001,False
USTC,-7.298220989999998,False
kFLOKI,-6.865009789999999,False
S,-6.319484439999999,False
LINEA,-6.244820769999999,False
NIL,-5.412489369999998,False
KAITO,-5.273617090000001,False
EIGEN,-4.504042330000001,False
STX,-4.301311109999999,False
IOTA,-4.05667205,False
JUP,-4.00984985,False
SEI,-3.599682559999999,False
ADA,-2.95189516,False
AIXBT,-2.6555063999999993,False
WCT,-2.58311522,False
UNI,-1.89281408,False
SUI,-1.11998571,False
kSHIB,-0.82825873,False
ATOM,-0.6155060699999991,False
ENS,-0.28962092999999844,False
W,-0.03462243999999999,False
