coin,fundingRate_avg_5d,isNew
SOPH,-244.20041253223138,False
TRUMP,-70.40622963966942,False
MOVE,-58.03682512066115,False
TRX,-53.703475378512394,False
CHIP,-43.34307116033058,False
STABLE,-40.5128237553719,False
EIGEN,-37.255332327272725,False
UMA,-36.658746644628096,False
ME,-32.996429553719004,False
LAYER,-31.95894727933884,False
ZORA,-28.216975725619836,False
kNEIRO,-26.964774267768593,False
HMSTR,-26.950724241322312,False
BRETT,-26.090998294214877,False
XLM,-25.23787202975207,False
IO,-24.60392965289256,False
ALT,-24.313007157024792,False
ZEC,-23.992137768595043,False
kLUNC,-20.22848557685951,False
MOODENG,-18.314324945454548,False
IP,-17.53641884628099,False
GAS,-16.890913269421485,False
0G,-16.216734981818185,False
POL,-15.966236628099175,False
MINA,-15.063717719008269,False
AIXBT,-11.712188776859504,False
WLD,-10.750946013223142,False
SEI,-10.457445471074381,False
ETC,-10.255640409917355,False
JUP,-10.203366376859503,False
STRK,-9.924455940495866,False
AVAX,-9.636913646280991,False
W,-8.84934476033058,False
ZK,-8.463016452892564,False
SKR,-8.194229970247934,False
HYPER,-7.999731183471073,False
FIL,-7.192587679338841,False
SNX,-7.024353689256195,False
2Z,-6.221503309090909,False
SAND,-5.958994343801652,False
NOT,-5.0728008892561975,False
IOTA,-4.826740452892562,False
XAI,-4.499403143801652,False
APE,-4.221346988429752,False
APT,-3.9250845123966918,False
S,-3.4158367537190064,False
OP,-3.3361605719008254,False
ZEN,-3.2318789256198346,False
TIA,-3.0942470181818185,False
XRP,-2.9784412661157025,False
TON,-2.44189850578513,False
KAS,-1.4347330710743786,False
KAITO,-0.5786935636363637,False
ADA,-0.40146790413223105,False
ORDI,-0.16011904462809906,False
