coin,fundingRate_avg_5d,isNew
JTO,-126.10169354380166,False
BLAST,-85.61133955041323,False
kLUNC,-75.77807014214876,False
IO,-71.17837802975207,False
HYPER,-52.305476390082646,False
ACE,-50.743006591735536,False
WIF,-50.15314656198348,False
STABLE,-43.04940772561983,False
COMP,-34.5828105322314,False
MEGA,-32.34368647933885,False
NIL,-30.567671047933878,False
STX,-29.456390479338843,False
BLUR,-26.171024876033062,False
CHIP,-25.091147097520665,False
XAI,-16.86552012892562,False
BANANA,-14.64471099173554,False
BABY,-12.92082697190083,False
KAITO,-12.27197521983471,False
ATOM,-10.743673041322314,False
DYM,-10.386073914049586,False
FTT,-7.79285835371901,False
EIGEN,-6.487207140495865,False
2Z,-5.565034700826445,False
S,-4.210666304132231,False
NOT,-3.019392456198347,False
ORDI,-2.2748040396694207,False
GRIFFAIN,-1.9365044231404958,False
MERL,-1.4629199999999996,False
YZY,-0.1427626611570248,False
