coin,fundingRate_avg_5d,isNew
ALT,-308.24837504000004,False
SUPER,-150.78174235999998,False
CHIP,-97.29720539,False
IO,-61.02159424999999,False
SAGA,-59.874470790000004,False
BLAST,-38.519319429999996,False
ME,-37.75019727,False
TRUMP,-35.42967983999999,False
FOGO,-31.351250140000005,False
BCH,-30.91439405000001,False
0G,-29.51420368,False
GMT,-27.488138320000008,False
TON,-25.188321499999997,False
ETC,-25.09042923,False
COMP,-24.18440506,False
ZORA,-24.171221989999996,False
MEGA,-24.04450932,False
MINA,-23.43010336,False
STABLE,-20.150591499999997,False
JUP,-17.662138300000002,False
OP,-16.75307587,False
VVV,-16.71029787,False
SUSHI,-15.099039680000004,False
kSHIB,-14.92895917,False
TST,-14.5912035,False
BLUR,-13.73741521,False
SAND,-13.592247410000002,False
HYPER,-13.4505566,False
DASH,-13.216657300000001,False
STX,-13.2007141,False
AIXBT,-12.803550300000001,False
SEI,-12.524802719999997,False
BSV,-10.627660469999999,False
ADA,-10.585600060000003,False
STRK,-10.09940765,False
kLUNC,-9.06149876,False
CRV,-8.550089960000001,False
MOVE,-8.14148779,False
MON,-7.405589389999998,False
SNX,-7.31819452,False
PENGU,-7.20321003,False
TURBO,-6.61562719,False
MERL,-6.42470591,False
kNEIRO,-6.341732650000001,False
MOODENG,-6.255993419999999,False
TRX,-6.25188352,False
INJ,-5.73587499,False
PROVE,-5.652893699999998,False
S,-5.585337309999999,False
PENDLE,-5.41430926,False
2Z,-5.357417439999999,False
PURR,-4.789954130000002,False
W,-3.38948709,False
NOT,-3.2038853199999995,False
APT,-2.74857921,False
POL,-2.532911659999999,False
INIT,-2.3596541899999997,False
SPX,-2.1130908499999994,False
ZETA,-1.5404350499999997,False
BABY,-1.019234029999999,False
KAITO,-0.8540102099999994,False
JTO,-0.34049243999999795,False
SOL,-0.30593351,False
BTC,-0.2874988200000004,False
XRP,-0.2568154600000002,False
