coin,fundingRate_avg_5d,isNew
JTO,-123.6526400727273,False
BLAST,-97.81865076694216,False
kLUNC,-75.3026519107438,False
IO,-69.10289367272728,False
HYPER,-52.30547639008264,False
ACE,-51.17041350743801,False
WIF,-50.17313239338844,False
COMP,-41.84745174545454,False
STABLE,-40.74152418842975,False
MEGA,-31.761701038016525,False
CHIP,-31.0204638644628,False
NIL,-30.567671047933878,False
STX,-29.456390479338843,False
BLUR,-26.17102487603306,False
XAI,-17.834174866115703,False
KAITO,-15.051877239669423,False
BANANA,-14.678833725619837,False
BABY,-13.184140264462812,False
ATOM,-10.468141358677686,False
DYM,-9.192070710743803,False
FTT,-7.79285835371901,False
2Z,-6.859964687603305,False
S,-3.432804366942148,False
EIGEN,-3.3103026446280976,False
ORDI,-2.9683296198347104,False
NOT,-2.00725988429752,False
YZY,-1.8143038710743804,False
MERL,-1.4629199999999993,False
GRIFFAIN,-1.2981364363636354,False
APT,-1.0650820661157014,False
kNEIRO,-0.5154449157024783,False
PURR,-0.09925803966942293,False
