coin,fundingRate_avg_5d,isNew
CELO,-108.60073966611571,False
MANTA,-103.33603903140498,False
IP,-101.33993040991736,False
TNSR,-82.46344440991736,False
STABLE,-82.21323419504132,False
GAS,-77.17211627107439,False
ME,-67.2390596033058,False
BSV,-64.84367742148761,False
LAYER,-59.96753129256199,False
TRUMP,-58.612842902479336,False
ZORA,-50.313346690909086,False
0G,-48.61034477355373,False
S,-36.27739054214876,False
POLYX,-35.03258947438017,False
PROVE,-34.81567087933884,False
kNEIRO,-30.89386231735537,False
IOTA,-28.732919454545453,False
AVNT,-28.443182092561987,False
TRX,-26.0730475338843,False
AIXBT,-22.35764484297521,False
STRK,-20.005262677685952,False
INJ,-19.67490280661157,False
PYTH,-18.512301669421486,False
kSHIB,-18.30084250909091,False
OP,-17.917995758677684,False
MON,-17.697888813223148,False
SNX,-17.216815676033068,False
POPCAT,-16.689323950413222,False
ZETA,-15.909927203305784,False
ANIME,-15.30830922644628,False
MINA,-14.621069851239671,False
USUAL,-13.595000915702483,False
GMT,-13.10596920991736,False
APT,-13.08554248264463,False
BIO,-13.056879907438022,False
XAI,-12.818408092561985,False
ADA,-12.714317573553721,False
kPEPE,-11.85550454876033,False
NOT,-11.279580158677689,False
AXS,-10.090494138842974,False
YGG,-9.152074433057852,False
FIL,-8.557667890909089,False
KAITO,-7.645741031404959,False
WLFI,-7.317418403305784,False
SOPH,-6.908833180165289,False
ALGO,-6.689410383471074,False
XRP,-6.207168039669422,False
ALT,-5.278185242975206,False
ATOM,-4.35249070413223,False
ZK,-3.947941596694213,False
DOT,-3.278515428099174,False
DOGE,-2.539513140495868,False
HYPER,-2.2978616628099173,False
BLUR,-2.269387319008264,False
IO,-2.203100181818182,False
ETH,-2.0012828132231406,False
W,-1.549758386776859,False
MOODENG,-1.210635619834709,False
