coin,fundingRate_avg_5d,isNew
RESOLV,-981.6995616,False
TNSR,-955.5993956400001,False
WCT,-924.94332742,False
ZORA,-450.1563834,False
KAITO,-327.29391225,False
0G,-240.03095762999996,False
DYM,-208.91680127,False
AVNT,-199.63936413000005,False
XAI,-138.41088277,False
BIO,-124.03646226,False
YZY,-123.54633004,False
BSV,-123.24992010999999,False
LAYER,-107.35653312,False
REZ,-91.65509890000001,False
ME,-71.49864623,False
BLAST,-69.91557188000002,False
OM,-67.8459226,False
IP,-67.77991819000002,False
MOVE,-67.36027185000002,False
MEW,-62.37652462000001,False
IO,-59.750333559999994,False
MORPHO,-48.189923619999995,False
BERA,-48.02803006,False
MANTA,-47.179527699999994,False
WLFI,-42.611138059999995,False
GAS,-39.97226544,False
ZK,-38.735784869999996,False
TURBO,-38.709151549999994,False
GOAT,-35.32818356000001,False
PROVE,-34.59923257,False
ZEN,-31.814362139999997,False
ZETA,-30.121039540000005,False
MOODENG,-27.2447315,False
2Z,-26.7849045,False
AIXBT,-25.61956608,False
USUAL,-22.33616843,False
HYPER,-21.54828089,False
CAKE,-20.93994123,False
POPCAT,-19.823644940000005,False
APT,-18.509397470000003,False
SKY,-15.92953586,False
SAGA,-15.43523388,False
STX,-15.076272440000002,False
BABY,-14.647263119999998,False
ZRO,-12.366106559999999,False
INIT,-12.07578264,False
SAND,-11.799737520000003,False
SOPH,-11.22165052,False
MAV,-10.919261889999998,False
BRETT,-10.4913118,False
GRASS,-10.34128147,False
YGG,-10.258137390000002,False
TST,-9.88977793,False
kLUNC,-9.78749398,False
PROMPT,-9.539815199999998,False
ALGO,-8.982920100000001,False
COMP,-8.71509916,False
ZEC,-8.02374244,False
GMX,-8.02084799,False
ANIME,-7.5224952400000005,False
FXS,-7.144156679999999,False
GMT,-6.723935829999999,False
MET,-6.492079800000002,False
VVV,-6.368731699999999,False
RSR,-5.90410787,False
INJ,-5.19869865,False
W,-5.01708049,False
kFLOKI,-4.900440359999999,False
MERL,-4.400340719999999,False
MAVIA,-4.1671144799999995,False
OP,-4.00725762,False
ALT,-3.7159613399999993,False
APE,-3.2593543699999996,False
BANANA,-3.065121809999998,False
PYTH,-2.9323764199999993,False
SEI,-2.8586945999999993,False
NIL,-2.845482329999998,False
HEMI,-2.812810449999999,False
DOOD,-2.7380255999999985,False
BLUR,-2.0189982299999993,False
AERO,-1.9993896999999996,False
SUPER,-1.8829218499999985,False
ATOM,-1.7667737399999999,False
NXPC,-1.7016453299999992,False
SUSHI,-1.3892907399999996,False
AR,-0.9674697300000001,False
NEO,-0.9060095699999998,False
XLM,-0.8626366199999996,False
