coin,fundingRate_avg_5d,isNew
STABLE,-317.24006609,False
MOVE,-291.38615176,False
AVNT,-71.35264915,False
ME,-66.49081703,False
ZEC,-59.270806050000004,False
TRX,-57.97387856,False
SNX,-52.390177910000006,False
ZK,-50.73009512999999,False
IO,-47.21199299,False
UMA,-45.2449182,False
SEI,-45.01861528,False
BSV,-40.55681585999999,False
kNEIRO,-38.217785629999995,False
MERL,-37.46276707,False
PROVE,-33.30015012,False
MEME,-30.710433509999998,False
GMT,-30.636562619999996,False
W,-28.30694501,False
SAGA,-26.899177970000004,False
AERO,-26.538374010000002,False
STRK,-23.989386290000002,False
JTO,-23.85036509,False
POPCAT,-23.11210149,False
MOODENG,-21.918578500000002,False
MON,-20.78154729,False
kLUNC,-20.61072729,False
STX,-20.378674160000003,False
ALT,-18.573302400000003,False
ICP,-16.062450610000003,False
JUP,-15.24608431,False
SOL,-14.530379900000002,False
ADA,-14.00355569,False
CAKE,-13.893614770000005,False
WIF,-13.385985179999999,False
COMP,-12.917979990000003,False
TURBO,-12.620555360000001,False
TON,-12.18679374,False
INJ,-11.84754376,False
WLD,-11.068214010000002,False
2Z,-10.03764162,False
ATOM,-9.12401815,False
OP,-9.103497119999998,False
APT,-8.58608407,False
AVAX,-8.52872286,False
ZEN,-8.102302120000003,False
FIL,-7.8688525,False
ETC,-7.632018599999999,False
kSHIB,-6.750513669999999,False
SUSHI,-6.74748709,False
CHIP,-6.427244849999998,False
PUMP,-5.7234949199999985,False
HMSTR,-5.263342339999998,False
PYTH,-4.701394179999999,False
MEGA,-4.407887459999999,False
MINA,-3.853140749999999,False
POL,-3.7862143500000007,False
PNUT,-3.29662306,False
kFLOKI,-2.6783940899999985,False
ARB,-2.6569941400000006,False
kBONK,-2.149534639999999,False
CRV,-1.497657779999999,False
XAI,-1.4190827699999995,False
XRP,-1.40424114,False
ALGO,-1.0843930999999996,False
TAO,-1.05853723,False
PENDLE,-0.8241203599999992,False
DOGE,-0.7488661200000001,False
XLM,-0.5721141399999999,False
ONDO,-0.2970880999999994,False
RENDER,-0.21177372999999983,False
