coin,fundingRate_avg_5d,isNew
TNSR,-192.90219412999997,False
IP,-107.91520869000001,False
0G,-91.63643134,False
FOGO,-79.28747685999998,False
TRUMP,-75.61312771000001,False
ZORA,-74.37504333000001,False
LAYER,-68.6528938,False
GAS,-65.13606916,False
STABLE,-63.07592083,False
BSV,-61.19784107000001,False
S,-60.267858300000015,False
ME,-57.00876088999999,False
CELO,-52.74052827,False
AVNT,-42.29049651,False
PROVE,-38.71688225,False
POLYX,-37.931694979999996,False
AIXBT,-37.47460694,False
kNEIRO,-34.05052004,False
USUAL,-32.30845826,False
SNX,-28.87883357999999,False
IOTA,-28.740243810000006,False
STRK,-24.24663172,False
kSHIB,-23.888310490000002,False
SUSHI,-20.987990560000004,False
XAI,-20.81357677,False
MINA,-20.50951498,False
ADA,-19.85276756,False
MON,-19.572816940000003,False
BIO,-19.07679581,False
NOT,-18.02531403,False
KAITO,-17.90351134,False
MANTA,-17.313781569999996,False
CHIP,-16.864215450000007,False
TRX,-16.29412633,False
ANIME,-16.05602442,False
MERL,-15.916466669999998,False
ZETA,-14.803250979999998,False
AXS,-14.683058670000001,False
APT,-14.537698880000002,False
POPCAT,-13.526911679999998,False
GMT,-13.250473820000002,False
INJ,-12.90393552,False
SOPH,-11.479655149999997,False
YGG,-11.403743910000001,False
XRP,-10.542477499999999,False
kPEPE,-9.489626239999998,False
OP,-9.31207418,False
FIL,-9.122060289999999,False
KAS,-8.2939899,False
ETH,-7.373736569999999,False
W,-7.213804519999999,False
WLFI,-6.749899010000001,False
DOT,-6.46079273,False
ATOM,-6.070457349999999,False
kFLOKI,-5.06221274,False
kLUNC,-4.946830399999999,False
ZK,-3.77814712,False
STX,-3.6620800399999993,False
ARB,-3.2859015499999993,False
DOGE,-3.0580860700000003,False
SKY,-2.899131489999999,False
MOODENG,-2.7540126,False
VIRTUAL,-2.517634219999998,False
ALGO,-2.17422762,False
ALT,-2.138081669999999,False
2Z,-1.5623781199999986,False
AVAX,-1.4504953999999997,False
VVV,-1.097350599999999,False
PYTH,-0.07321608000000017,False
MNT,-0.05410905999999834,False
