coin,fundingRate_avg_5d,isNew
OM,-922.8360780300001,False
DOOD,-405.0871981,False
IP,-292.52664097999997,False
BLAST,-286.75737287,False
ZORA,-221.38657877999998,False
PROVE,-212.96095966000001,False
REZ,-197.87729232,False
YGG,-163.65386156,False
MOODENG,-160.32258832000002,False
GRASS,-150.28222745,False
YZY,-130.84313556,False
MERL,-126.79390732,False
APT,-116.42892056,False
ME,-106.39374414999999,False
0G,-94.09115124,False
VVV,-93.52838694,False
ZETA,-90.49975929,False
BSV,-89.55301571999999,False
BERA,-82.64422345000001,False
UMA,-71.31137349,False
IO,-64.9628314,False
ATOM,-61.912463620000004,False
TIA,-53.73767834,False
BIO,-51.41019744000001,False
BABY,-45.42223082,False
VINE,-45.3451472,False
PENGU,-42.183823800000006,False
SKY,-40.35742001,False
KAITO,-40.03706024,False
ENA,-39.179678159999995,False
AVNT,-38.48723958,False
LAYER,-37.864182389999996,False
IOTA,-35.935393909999995,False
ARK,-34.25974899000001,False
HYPER,-32.11647848,False
DOGE,-29.87950006,False
STRK,-28.349455829999997,False
INIT,-27.791525590000006,False
MEW,-25.594776739999997,False
TRUMP,-25.22508649,False
2Z,-23.48004923,False
BANANA,-22.803715909999998,False
RESOLV,-22.083995769999998,False
AVAX,-21.906194050000003,False
MORPHO,-20.316045999999996,False
SEI,-20.252968890000002,False
STX,-19.251273109999996,False
S,-19.2378433,False
kPEPE,-18.68418064,False
W,-16.93804108,False
ANIME,-16.49033938,False
DYM,-16.427057870000002,False
USUAL,-15.88836824,False
WLFI,-15.737450959999999,False
TURBO,-14.962885190000002,False
WCT,-14.384795270000003,False
NXPC,-13.98370261,False
CELO,-13.903369759999999,False
kFLOKI,-13.56159179,False
ONDO,-12.969927519999999,False
SAGA,-11.84573117,False
MOVE,-9.99964001,False
NOT,-9.87069208,False
SOPH,-8.68464575,False
OP,-7.68504142,False
DOT,-7.539759010000001,False
MELANIA,-6.186860229999998,False
SYRUP,-6.1585990100000005,False
SAND,-5.342995560000001,False
VIRTUAL,-4.982197439999999,False
PNUT,-4.8708833899999995,False
CFX,-4.035093249999999,False
ZK,-4.000431389999999,False
PROMPT,-3.32433094,False
WLD,-3.2512075699999996,False
AR,-2.4877173599999995,False
INJ,-2.20014408,False
DYDX,-2.0364649399999992,False
MAVIA,-2.0131188100000004,False
GOAT,-1.5178481200000002,False
SOL,-1.2300879599999999,False
GMX,-1.0490413899999995,False
BCH,-1.0000430600000003,False
BNB,-0.47196470999999984,False
SUI,-0.28447078,False
RUNE,-0.07762965999999996,False
