coin,fundingRate_avg_5d,isNew
BLUR,-423.74015562644627,False
TNSR,-208.58245379504132,False
BLAST,-193.64057102479342,False
0G,-153.4918099735537,False
TRUMP,-139.4926052826446,False
AXS,-94.20059773884296,False
POL,-82.07027606280992,False
REZ,-77.02886493223141,False
MINA,-70.9647614479339,False
DYM,-68.6567693157025,False
ALT,-68.29480177190082,False
YZY,-62.842832608264466,False
STABLE,-54.89642303801653,False
COMP,-54.34393924958678,False
BERA,-49.443965196694215,False
JTO,-49.00421609256199,False
SUPER,-46.442307758677686,False
APT,-44.791612452892565,False
TURBO,-44.549239180165294,False
IMX,-44.506156631404956,False
W,-41.62656436363636,False
GAS,-41.22237072396695,False
EIGEN,-39.520448965289255,False
WLFI,-37.453054938842975,False
DASH,-35.98394140165289,False
NEO,-33.054388899173546,False
FET,-31.47259642314049,False
MOVE,-26.671553900826446,False
DOT,-26.415583804958683,False
SOPH,-25.991683061157023,False
STRK,-24.653204290909088,False
2Z,-24.025614,False
BSV,-22.09983514710744,False
SEI,-22.080128766942146,False
HYPER,-21.67993142479339,False
STX,-21.475438998347105,False
OP,-18.87933336198347,False
SAND,-16.98245164958678,False
ICP,-15.388949732231408,False
XAI,-15.04188070413223,False
IOTA,-14.909806690909088,False
ARK,-14.732507186776859,False
ZEC,-14.63882658842976,False
GMT,-14.511799348760329,False
ZETA,-13.930322132231407,False
kNEIRO,-13.877819325619836,False
BABY,-13.247939851239671,False
AIXBT,-13.10950072066116,False
POLYX,-13.032847824793391,False
RESOLV,-13.003869599999998,False
HBAR,-12.886033120661155,False
kLUNC,-11.955031180165289,False
S,-11.263583385123967,False
IP,-11.07894140826446,False
PROVE,-10.906226062809917,False
APE,-10.073181193388429,False
IO,-9.283730717355372,False
KAITO,-9.282580333884297,False
TIA,-8.18138896859504,False
ARB,-7.964754892561982,False
BANANA,-7.9175602115702475,False
USTC,-7.314641266115703,False
MERL,-6.904367028099171,False
AVNT,-6.883738314049586,False
ANIME,-6.804143940495866,False
ADA,-6.5964863305785135,False
JUP,-6.345366089256199,False
INJ,-5.988092023140496,False
kSHIB,-4.078125332231405,False
PENGU,-3.818831504132231,False
KAS,-2.7835862876033044,False
SUSHI,-1.499832178512396,False
kFLOKI,-1.3398651669421482,False
USUAL,-1.0055748793388413,False
XRP,-0.5901713355371901,False
