coin,fundingRate_avg_5d,isNew
ME,-260.58114309999996,False
BLUR,-99.52153291,False
STABLE,-82.9641934,False
CELO,-43.55975116,False
ZETA,-36.59300638,False
HMSTR,-29.501597309999998,False
MINA,-29.053102099999997,False
ATOM,-26.474055169999996,False
HYPER,-22.256907950000002,False
kNEIRO,-20.19360967,False
IOTA,-15.214953459999998,False
DYDX,-14.215721430000004,False
MANTA,-12.09446918,False
0G,-10.197607249999999,False
TRX,-9.735106990000002,False
TRUMP,-7.913398559999997,False
PYTH,-5.04098872,False
AIXBT,-4.50949616,False
W,-4.000765729999998,False
TIA,-3.07809756,False
MEME,-2.2585842299999994,False
BCH,-1.92129284,False
INJ,-1.18904663,False
