coin,fundingRate_avg_5d,isNew
AVNT,-251.34725702999998,False
POLYX,-173.81357579504134,False
IP,-151.71540287603307,False
BLAST,-107.43988835702478,False
kLUNC,-94.72896184462807,False
KAITO,-91.94204146,False
ANIME,-73.17233574545455,False
0G,-73.02203067,False
REZ,-69.84617822479339,False
RESOLV,-55.43223756000001,False
SOPH,-50.74302343,False
ZK,-41.3665545322314,False
USTC,-39.05162534876032,False
ZETA,-29.978136803305784,False
GAS,-24.77207893884298,False
SUPER,-22.143109547107436,False
TNSR,-21.37639959669421,False
MINA,-20.590141814876034,False
VVV,-19.80059867107438,False
DOOD,-17.03288852,False
ACE,-15.443007619834711,False
UMA,-13.322242750413222,False
ZORA,-13.063045590000002,False
LAYER,-12.521399930578513,False
PROVE,-12.36428375,False
XAI,-12.263011061157025,False
MELANIA,-11.872743649586777,False
WCT,-11.763107579999998,False
MEME,-10.70259081322314,False
MANTA,-10.620178760330578,False
BERA,-10.255989361983469,False
HYPER,-8.578515429999998,False
ZEC,-8.248578790000003,False
ATOM,-7.8974288628099165,False
SCR,-6.474923593388429,False
TRUMP,-5.180540201652891,False
CELO,-4.870760538842974,False
ZRO,-4.675658687603305,False
MERL,-4.096993358677684,False
NXPC,-4.01738564,False
BSV,-3.051522109090908,False
FTT,-2.4474462644628074,False
DOT,-1.7382801024793388,False
ADA,-0.6160205752066116,False
TURBO,-0.5088191702479334,False
