coin,fundingRate_avg_5d,isNew
DOOD,-458.40891879,False
0G,-286.18050715999993,False
REZ,-68.59435875,False
BLAST,-53.47216347,False
CELO,-39.087873359999996,False
BIO,-33.25856639999999,False
KAITO,-31.167082819999997,False
APT,-23.765661,False
2Z,-13.146598469999997,True
SUPER,-10.50707834,False
MAV,-8.16040647,False
ME,-4.078674979999998,False
GMX,-2.5545138199999995,False
PAXG,-0.6918107799999986,False
