coin,fundingRate_avg_5d,isNew
YZY,-598.1989876399999,False
ZETA,-293.79491888999996,False
BLUR,-164.15672571,False
FTT,-157.85941502,False
SAGA,-120.24088712000004,False
BIO,-117.53710217000004,False
COMP,-117.26111399000001,False
BLAST,-113.84889688999998,False
STABLE,-88.05559665,False
ALT,-79.12532998999998,False
FET,-78.91779755999998,False
MOVE,-60.1765061,False
ACE,-58.314037389999996,False
DOT,-44.984925049999994,False
0G,-44.116940449999994,False
kLUNC,-39.45772859,False
BERA,-38.53543856000001,False
TURBO,-37.68547401000001,False
XAI,-37.32502994000001,False
KAITO,-33.58045771,False
TRUMP,-29.401920190000002,False
IP,-27.69072427,False
JTO,-26.637618969999995,False
W,-23.40664043,False
SUPER,-21.991448560000002,False
WLD,-21.39908057,False
AVNT,-19.231647790000007,False
S,-18.569046500000002,False
PROVE,-18.36267988,False
BANANA,-18.18192896,False
REZ,-17.27585442,False
OP,-16.916613390000002,False
EIGEN,-16.501498889999997,False
APE,-15.898596999999999,False
RESOLV,-15.75579878000001,False
AERO,-14.914641680000004,False
ETH,-14.44520423,False
UMA,-14.368892220000001,False
USUAL,-13.474914509999998,False
TIA,-12.91926698,False
SAND,-12.662404800000001,False
MEW,-12.2396837,False
DYM,-11.574550039999998,False
HYPER,-11.23839964,False
ANIME,-10.90366179,False
INIT,-10.17493856,False
GAS,-10.018739,False
MEME,-8.724401549999998,False
WCT,-8.18435996,False
IO,-7.52311939,False
BTC,-7.2983575,False
kNEIRO,-6.328280939999999,False
POLYX,-5.90009141,False
SEI,-5.7033228299999985,False
BIGTIME,-5.689479109999999,False
ME,-5.5220083499999975,False
ARB,-5.28307789,False
AXS,-4.983317259999998,False
STRK,-4.2862300399999995,False
APT,-3.5136345400000004,False
SUI,-3.4056310400000003,False
INJ,-3.351994289999999,False
ARK,-3.1853206900000006,False
PNUT,-2.4333535299999998,False
POL,-1.4520283999999983,False
IMX,-1.346440469999999,False
TAO,-1.0218131199999991,False
SOL,-0.94085831,False
2Z,-0.20375905999999966,False
