coin,fundingRate_avg_5d,isNew
SOPH,-246.26016442999995,False
TRUMP,-91.41285278000001,False
MOVE,-58.82489066,False
TRX,-54.348902960000004,False
BRETT,-35.47486538,False
EIGEN,-34.46821363,False
LAYER,-31.500217590000005,False
UMA,-28.60232418,False
ME,-27.434727870000003,False
STABLE,-26.54448338,False
XLM,-24.465956569999996,False
CHIP,-23.897147140000005,False
kNEIRO,-22.12922511,False
IO,-19.627663300000002,False
ALT,-17.842662190000002,False
GAS,-17.540995530000004,False
MOODENG,-17.264418969999998,False
MINA,-15.296000980000002,False
ZORA,-11.7030096,False
IP,-11.615995790000001,False
AVAX,-9.97031956,False
SKR,-8.35376522,False
AIXBT,-7.023214660000001,False
POL,-6.487274210000001,False
2Z,-6.47634027,False
NOT,-6.310928110000002,False
kLUNC,-5.2841305499999995,False
IOTA,-5.268958230000001,False
ETC,-5.094690439999999,False
HYPER,-5.0917762799999995,False
0G,-4.188671380000001,False
STRK,-3.506588579999999,False
SEI,-3.3745235499999993,False
POLYX,-2.56219123,False
OP,-2.4126149599999995,False
JUP,-2.277058339999999,False
SNX,-2.149348489999999,False
XAI,-2.0762367999999993,False
FIL,-1.8292376499999994,False
ZEN,-1.8225479299999998,False
KAITO,-1.4801845,False
ORDI,-1.3977974299999998,False
APE,-1.163228719999999,False
W,-0.9342145799999982,False
SAND,-0.4820839699999994,False
RENDER,-0.41397934999999886,False
