coin,fundingRate_avg_5d,isNew
SOPH,-234.06620500999992,False
TRUMP,-98.40158443,False
MOVE,-56.310651670000006,False
TRX,-46.26222868000001,False
BRETT,-40.13698264000001,False
LAYER,-31.64479847,False
EIGEN,-31.260711890000003,False
ME,-27.936132020000002,False
kNEIRO,-27.721522970000002,False
UMA,-25.2505321,False
XLM,-23.2352722,False
STABLE,-20.223410459999997,False
GAS,-19.545369670000003,False
IO,-18.42953109,False
MOODENG,-16.385371950000003,False
MINA,-15.52743653,False
CHIP,-13.492606060000002,False
IP,-13.09273907,False
ALT,-12.015731380000002,False
AVAX,-10.846598420000001,False
ZORA,-10.359348240000001,False
HYPER,-9.59960147,False
SKR,-8.35376522,False
XAI,-7.35251036,False
NOT,-6.961663980000001,False
0G,-6.4316168199999995,False
2Z,-6.15686234,False
IOTA,-5.334296880000001,False
SEI,-5.02650333,False
KAITO,-4.758293299999999,False
ETC,-4.666595079999999,False
POLYX,-4.55668774,False
AIXBT,-3.659730900000001,False
kLUNC,-3.20289398,False
ADA,-2.695400899999999,False
POL,-2.6060926999999987,False
ORDI,-1.7056508399999997,False
OP,-1.5437280799999995,False
BABY,-1.5067535799999985,False
FIL,-1.2209038300000001,False
RENDER,-1.164509869999999,False
NXPC,-0.8473277899999996,False
BNB,-0.8277360499999998,False
DOT,-0.7947291,False
W,-0.7807620099999982,False
ZEN,-0.6581869799999995,False
SNX,-0.285681119999999,False
STRK,-0.13203217999999978,False
