coin,fundingRate_avg_5d,isNew
SOPH,-118.58290017,False
TRUMP,-100.5832252,False
MOVE,-55.573518109999995,False
TRX,-44.532196569999996,False
BRETT,-39.3518691,False
kNEIRO,-29.738242870000004,False
LAYER,-28.929721150000002,False
EIGEN,-28.47601885,False
ME,-26.84315339000001,False
UMA,-23.636151700000003,False
XLM,-20.779187930000003,False
STABLE,-20.53205446,False
GAS,-20.423026040000003,False
IO,-18.4657004,False
MOODENG,-15.45375033,False
MINA,-14.99804856,False
HYPER,-13.97852107,False
IP,-12.699607060000002,False
AVAX,-10.65612755,False
CHIP,-10.397431610000002,False
ZORA,-10.16307825,False
ALT,-9.17541161,False
SKR,-8.35376522,False
XAI,-7.91740334,False
0G,-7.734293789999999,False
NOT,-6.2658725099999995,False
2Z,-5.576444449999999,False
IOTA,-4.83719973,False
SEI,-4.5013406,False
ETC,-4.173611479999998,False
ADA,-4.042377189999999,False
POLYX,-3.7968008099999997,False
BABY,-3.1092860799999995,False
KAITO,-2.8469496299999997,False
kLUNC,-2.74594391,False
AIXBT,-1.9910377699999995,False
DOT,-1.5355754400000001,False
ORDI,-1.5029167,False
POL,-1.1038797199999992,False
RENDER,-0.983381539999999,False
NXPC,-0.7903031099999998,False
OP,-0.6836347799999993,False
BNB,-0.6680536599999999,False
W,-0.6144745799999988,False
