coin,fundingRate_avg_5d,isNew
VVV,-76.76361063,False
STABLE,-66.93924507999999,False
TRUMP,-66.57742861,False
CHIP,-43.083653919999996,False
kNEIRO,-38.37810969,False
0G,-31.845739000000005,False
LAYER,-27.50564153,False
IO,-26.59786025,False
HYPER,-25.952762170000003,False
BLUR,-25.64695203,False
ME,-25.44546911,False
TRX,-24.7447954,False
ADA,-24.55588381,False
KAITO,-20.88699433,False
BRETT,-20.298350799999998,False
MOVE,-19.963382999999997,False
MINA,-19.73484847,False
XAI,-17.702080249999998,False
GAS,-17.327580029999996,False
kSHIB,-15.25322809,False
BABY,-14.51760271,False
EIGEN,-14.248591870000004,False
AVAX,-13.678047959999997,False
ATOM,-12.81494268,False
DOT,-10.095002099999999,False
IP,-10.07774636,False
ICP,-8.492750649999998,False
INIT,-7.129802689999998,False
kLUNC,-6.9210825499999995,False
USUAL,-6.794693999999998,False
AXS,-5.886328719999998,False
POLYX,-5.77300279,False
BCH,-5.449641990000001,False
SUSHI,-4.6145687099999995,False
OP,-4.298094729999998,False
UMA,-4.101099119999999,False
XLM,-3.86797727,False
AVNT,-2.564165149999998,False
ARK,-2.1386788099999987,False
IOTA,-2.088663589999999,False
SAGA,-1.9580614799999998,False
ZORA,-1.4075363599999986,False
ANIME,-1.324036039999999,False
MON,-1.0029900699999994,False
ALT,-0.9000564199999997,False
REZ,-0.8980795799999985,False
ARB,-0.7936735199999998,False
SEI,-0.46628530999999945,False
STRK,-0.22338364999999955,False
AIXBT,-0.07654633999999937,False
