coin,fundingRate_avg_5d,isNew
LAYER,-307.8630700899999,False
STABLE,-132.90755658,False
CHIP,-83.73736341,False
MOVE,-83.10319343,False
kLUNC,-55.1122552,False
BANANA,-50.14908521000001,False
BLAST,-49.34226658000001,False
SKY,-23.97733034,False
INJ,-13.71600504,False
KAITO,-13.021923230000002,False
W,-12.79715477,False
EIGEN,-11.359735129999997,False
COMP,-11.340506199999998,False
BLUR,-10.103341619999998,False
MERL,-8.070382870000001,False
ICP,-6.96017259,False
NOT,-6.339449210000001,False
WLD,-6.26740259,False
WLFI,-5.363128229999999,False
TRUMP,-4.95494143,False
ATOM,-3.303589449999999,False
BABY,-2.7409222399999997,False
BERA,-2.3829368099999995,False
BSV,-1.1576661199999985,False
APE,-0.706069869999999,False
AXS,-0.11871405999999761,False
JTO,-0.07009532999999926,False
