coin,fundingRate_avg_5d,isNew
DOOD,-479.00086610000005,False
0G,-245.40973779,False
REZ,-71.68951787,False
BLAST,-53.40566996,False
CELO,-36.68671428999999,False
APT,-28.901735139999996,False
KAITO,-28.78341747,False
BIO,-17.418938070000003,False
MAV,-8.1200455,False
2Z,-2.6466821600000014,True
ME,-1.2506856399999993,False
SUPER,-0.5224675699999989,False
