coin,fundingRate_avg_5d,isNew
LAYER,-304.90741741487597,False
STABLE,-128.27196616859504,False
MOVE,-81.871523246281,False
CHIP,-71.40852422479341,False
kLUNC,-56.63771556694214,False
BANANA,-49.64413409256199,False
BLAST,-48.89785521322314,False
SKY,-22.330270928925614,False
KAITO,-13.85978241322314,False
W,-13.341267877685953,False
EIGEN,-12.635051880991737,False
INJ,-12.572113090909092,False
COMP,-9.970880320661157,False
MERL,-8.37090686280992,False
BLUR,-7.787751490909092,False
JTO,-6.981410866115702,False
NOT,-6.763560525619835,False
ICP,-6.389559927272727,False
WLFI,-5.892185226446281,False
WLD,-4.68761427768595,False
TRUMP,-4.549967166942148,False
ATOM,-2.8976125289256194,False
BERA,-2.2598403669421483,False
BABY,-1.2805889256198337,False
BSV,-1.0576027636363623,False
APE,-0.5847111768595025,False
GRIFFAIN,-0.15867400661156936,False
DYM,-0.035624241322313004,False
