coin,fundingRate_avg_5d,isNew
STABLE,-130.10536909,False
POLYX,-108.51959905,False
CHIP,-103.1123978,False
MOVE,-79.20429263000003,False
kLUNC,-51.43249675,False
LAYER,-48.49971518000001,False
BLAST,-26.764625829999993,False
SAGA,-25.597225159999997,False
SKY,-25.19378336,False
BANANA,-19.67375477,False
COMP,-17.321503510000003,False
INJ,-16.50532701,False
BLUR,-12.086378589999997,False
BIO,-12.085956649999998,False
W,-11.539166940000001,False
TRUMP,-10.21795673,False
WLD,-9.921662869999999,False
KAITO,-8.926907200000002,False
ICP,-8.56850567,False
NOT,-8.50196544,False
MERL,-6.979051119999999,False
APE,-6.279319109999999,False
BSV,-6.0105922399999985,False
EIGEN,-5.6396675599999995,False
PENGU,-4.5229705000000004,False
BABY,-3.8460977099999996,False
ATOM,-3.7265660499999997,False
0G,-3.545466189999999,False
TURBO,-2.7194616999999983,False
BERA,-2.5266161399999985,False
GALA,-1.9764749999999998,False
AXS,-1.3803825499999989,False
APT,-1.36016812,False
INIT,-1.354739109999999,False
WLFI,-0.7608395799999979,False
BCH,-0.23653167999999972,False
