coin,fundingRate_avg_5d,isNew
BLUR,-338.3978631867768,False
TNSR,-209.36739540495867,False
BLAST,-195.37873963636363,False
0G,-185.88183250909094,False
TRUMP,-159.03430251570248,False
STABLE,-125.78004516694216,False
YZY,-120.52283976198348,False
POL,-82.78558725619834,False
AXS,-81.7071516198347,False
DYM,-75.69641101487605,False
REZ,-73.73950737520661,False
JTO,-73.68430779173555,False
MINA,-70.47465682314049,False
DOT,-57.94595206611571,False
COMP,-57.747737157024794,False
FET,-57.498026479338854,False
BERA,-46.493170780165286,False
TURBO,-45.1121242016529,False
IMX,-44.23844741157024,False
APT,-42.7419346214876,False
GAS,-39.365472257851245,False
EIGEN,-37.979331847933885,False
WLFI,-36.86345626115702,False
W,-36.22077198347107,False
NEO,-35.13127051239669,False
ALT,-34.92932934545454,False
DASH,-32.75167442975206,False
2Z,-29.583620429752067,False
MOVE,-27.15787724628099,False
STX,-26.485062912396696,False
BSV,-26.363521894214877,False
SEI,-24.423058819834708,False
SUPER,-24.285639758677682,False
SAND,-19.652073233057855,False
OP,-19.00089392727273,False
IP,-18.78271635371901,False
STRK,-18.714220393388434,False
HYPER,-18.484849566942152,False
IOTA,-17.198861295867772,False
HBAR,-16.927300571900822,False
kNEIRO,-16.017987957024793,False
kLUNC,-15.690882317355372,False
XAI,-15.52285465785124,False
ARK,-14.52580810909091,False
PROVE,-14.379334393388428,False
GMT,-14.107389242975204,False
ICP,-13.655222657851244,False
ZETA,-13.579081606611568,False
BABY,-12.654824142148762,False
RESOLV,-12.236336499173554,False
S,-12.185597276033057,False
APE,-11.607156376859503,False
AVNT,-11.496781824793388,False
KAITO,-11.100839236363637,False
IO,-10.854776628099174,False
POLYX,-10.615492522314051,False
ARB,-8.377581114049587,False
USTC,-7.844952119008264,False
ADA,-7.179785771900827,False
AIXBT,-6.059689457851238,False
JUP,-5.863041937190084,False
BANANA,-5.698659451239666,False
INJ,-4.812227087603305,False
MEW,-4.802523758677686,False
kSHIB,-4.344470598347107,False
ANIME,-3.7803446975206616,False
TIA,-3.0310287768595034,False
MERL,-2.8872873123966936,False
ZEC,-2.5594432264462785,False
PENGU,-2.520237520661157,False
TST,-2.358371543801652,False
XLM,-2.344328033057851,False
SUSHI,-1.4982799933884294,False
KAS,-1.2433169355371894,False
USUAL,-1.0475642380165278,False
kFLOKI,-0.8671437123966935,False
SUI,-0.4076911239669422,False
NOT,-0.3882410280991727,False
