coin,fundingRate_avg_5d,isNew
LAYER,-304.90741741487597,False
STABLE,-124.81128617851238,False
MOVE,-80.92773604958677,False
kLUNC,-68.39183216528924,False
BANANA,-51.56868147768596,False
BLAST,-50.40176549752066,False
ACE,-49.306234829752036,False
JTO,-19.641141332231403,False
CHIP,-15.907834938842976,False
KAITO,-14.75697726942149,False
MERL,-12.452378370247935,False
SKY,-12.03907939834711,False
BLUR,-11.98421573553719,False
W,-9.366849361983473,False
MEGA,-8.183883034710743,False
GRIFFAIN,-6.913926287603304,False
WLFI,-5.879066945454545,False
NOT,-4.830855480991735,False
ATOM,-4.570334528925619,False
EIGEN,-4.193610366942148,False
DYM,-2.197774680991736,False
BERA,-1.975225795041322,False
COMP,-1.5582360396694204,False
