coin,fundingRate_avg_5d,isNew
SOPH,-100.07106450000002,False
TRUMP,-89.46796123,False
MOVE,-52.966883749999994,False
BRETT,-39.38477385,False
TRX,-39.14944229,False
kNEIRO,-31.797486729999992,False
LAYER,-28.10154126,False
EIGEN,-26.71466463,False
STABLE,-26.604154310000002,False
ME,-24.677618610000003,False
UMA,-21.842875310000004,False
XLM,-20.19418418,False
IO,-19.940955940000002,False
GAS,-19.730929830000004,False
MINA,-15.423094710000004,False
HYPER,-15.06527937,False
IP,-13.15070253,False
MOODENG,-11.304585819999998,False
AVAX,-10.51612961,False
CHIP,-10.364635629999999,False
0G,-10.17264709,False
ZORA,-9.31051563,False
SKR,-8.41861769,False
XAI,-8.41136441,False
ALT,-7.9203299099999995,False
2Z,-5.742955259999999,False
NOT,-5.230616440000001,False
ADA,-4.78061013,False
POLYX,-4.540381,False
ETC,-3.976780119999999,False
KAITO,-3.9617370100000002,False
SEI,-3.8070529300000007,False
IOTA,-3.20453794,False
BABY,-3.0719575299999993,False
kLUNC,-2.65277401,False
DOT,-2.05261473,False
OP,-1.2804689099999993,False
ORDI,-1.09379623,False
BNB,-0.9993335,False
RENDER,-0.9983815799999994,False
AIXBT,-0.4934770799999995,False
APE,-0.05542305999999914,False
