coin,fundingRate_avg_5d,isNew
SUPER,-529.3012904033058,False
REZ,-483.4014887206611,False
BLUR,-370.6594836694215,False
ZETA,-211.29135275702478,False
POLYX,-199.13841362975208,False
TNSR,-147.16527064462812,False
FTT,-138.35561375206612,False
ALT,-127.24977986776861,False
BERA,-102.98650706776858,False
2Z,-100.58347472727273,False
SOPH,-89.39632125619835,False
ME,-88.51799804628098,False
BLAST,-75.86842121652894,False
NIL,-75.57496700826448,False
DYM,-72.65287064132231,False
TURBO,-63.99114336198346,False
AXS,-60.99877441983471,False
JTO,-58.62980255206612,False
STABLE,-54.04548242975207,False
BSV,-50.703748036363635,False
MOODENG,-46.479862095867766,False
APT,-44.92928490247934,False
GAS,-41.09615432727272,False
AVNT,-40.30075429090909,False
POL,-37.10734986446282,False
XAI,-34.89976398347107,False
0G,-34.50758891900826,False
MOVE,-33.41751261818182,False
TRUMP,-31.572412641322316,False
STRK,-28.507188733884295,False
EIGEN,-28.372360026446287,False
CELO,-26.06382781487604,False
LAYER,-24.884834618181817,False
ANIME,-22.856693355371902,False
ZORA,-21.86222340495868,False
MERL,-18.645523894214875,False
FET,-17.362840532231402,False
ZEC,-15.567868026446279,False
MEW,-14.539875510743807,False
PROVE,-14.117209854545452,False
SEI,-14.06805467107438,False
AIXBT,-13.843325196694213,False
OP,-13.443295814876032,False
HYPER,-13.27349950413223,False
kLUNC,-13.188182171900825,False
W,-12.99171998677686,False
AERO,-12.927509910743803,False
IMX,-12.909331824793387,False
kNEIRO,-12.71164685950413,False
BANANA,-12.420050350413224,False
KAS,-12.105270971900826,False
S,-11.186761804958678,False
DASH,-10.633155143801654,False
IO,-8.268731236363637,False
DOT,-8.095289752066115,False
TIA,-7.550014502479338,False
BABY,-6.5962199107438,False
kBONK,-6.409282958677684,False
MEME,-5.8315761619834685,False
kSHIB,-4.896281821487603,False
INIT,-3.9558675867768582,False
ARK,-2.78845641322314,False
PENGU,-2.5632730115702476,False
HBAR,-2.3197812099173554,False
BRETT,-1.9764239603305787,False
ACE,-1.7782300462809904,False
SOL,-1.1054584264462808,False
kFLOKI,-1.0840029421487603,False
VIRTUAL,-1.0661108231404952,False
XRP,-0.8898342842975208,False
BTC,-0.8654887239669422,False
VVV,-0.5371718876033053,False
STX,-0.4738913851239659,False
