coin,fundingRate_avg_5d,isNew
HYPER,-347.08007076694213,False
BLAST,-228.3727272495868,False
CHIP,-181.57555189090908,False
0G,-125.56653573223143,False
TRUMP,-90.98080399338843,False
STABLE,-88.41276945123965,False
AXS,-68.4589945785124,False
YZY,-68.18453943471077,False
APE,-66.38989995371901,False
BERA,-56.05665535537191,False
kNEIRO,-50.20943281983472,False
kLUNC,-49.194540485950405,False
WLD,-37.95731963305786,False
COMP,-28.001391401652892,False
INJ,-26.15438015206612,False
BIO,-24.514372770247935,False
REZ,-24.48228945123967,False
MINA,-21.3182122016529,False
2Z,-20.50774424132232,False
TRX,-19.489936492561984,False
TST,-19.401589358677683,False
MON,-18.863412604958675,False
BANANA,-18.755096290909094,False
ALT,-17.33317888264463,False
KAITO,-16.24967692561983,False
AVNT,-15.336978317355367,False
MERL,-12.437122938842975,False
POL,-11.372489732231404,False
STX,-10.868899051239671,False
AZTEC,-10.784492469421487,False
SUI,-10.656104171900827,False
STRK,-10.089505199999998,False
CAKE,-9.82353856859504,False
JTO,-8.506422614876033,False
XAI,-8.379045699173552,False
SEI,-7.985086056198348,False
WLFI,-7.762181702479339,False
DYM,-7.326921917355373,False
MOVE,-7.220984558677685,False
EIGEN,-6.730793057851238,False
IMX,-6.368790039669421,False
ZK,-6.304706657851237,False
TIA,-5.186095199999999,False
FET,-4.977557970247933,False
BLUR,-3.8558530016528914,False
PROVE,-3.757169791735537,False
ADA,-2.3821068000000003,False
PNUT,-2.137896823140496,False
NOT,-2.082012366942149,False
ETC,-2.0706895239669416,False
BABY,-1.7085149256198338,False
S,-1.658178952066115,False
W,-1.58834003305785,False
PYTH,-1.5418982776859504,False
XRP,-1.2805483834710745,False
MANTA,-1.2130507735537186,False
SOL,-1.0419216396694213,False
JUP,-0.17678041983470943,False
