coin,fundingRate_avg_5d,isNew
ANIME,-334.53595681999997,False
HYPER,-302.17145207999994,False
AVNT,-287.3109698299999,False
GMT,-277.7026725999999,False
BERA,-251.83147333,False
BLUR,-218.43904682999997,False
MOVE,-202.30836312,False
POLYX,-181.95246934000002,False
IP,-174.18075793999998,False
VVV,-152.37640911000003,False
BLAST,-138.38668911,False
ME,-94.23738484,False
0G,-78.25504443000001,False
REZ,-57.93882833999999,False
ZETA,-37.06093272999999,False
ZORA,-32.66079057,False
TNSR,-32.41217447000001,False
FTT,-24.326661619999996,False
FOGO,-19.24199335,False
MEW,-18.823378500000004,False
MEME,-17.77399401,False
IO,-15.243059190000004,False
kLUNC,-15.157925129999999,False
AR,-14.926958240000005,False
CELO,-14.894066630000001,False
BSV,-14.307271459999999,False
XAI,-13.035720229999999,False
ATOM,-10.739905999999998,False
ACE,-10.439930019999998,False
TRUMP,-10.081075889999997,False
WCT,-9.854138599999999,False
GMX,-7.901208290000001,False
PROVE,-7.56037567,False
NOT,-5.5969348199999995,False
USTC,-4.926664880000001,False
ZEC,-4.9044539,False
STX,-4.154946109999999,False
SCR,-4.038662950000001,False
2Z,-3.731860739999999,False
ZEREBRO,-3.4740488299999948,False
BIO,-2.775040249999999,False
TRX,-2.32569094,False
APT,-2.18720775,False
SUPER,-2.1394540699999998,False
IMX,-1.8246057999999992,False
MELANIA,-1.7558580499999994,False
BCH,-1.53076693,False
SAND,-1.1348390199999987,False
FET,-1.0655525299999986,False
TURBO,-0.7375978399999995,False
