coin,fundingRate_avg_5d,isNew
BLUR,-672.00470762,False
STABLE,-78.50911947000002,False
BANANA,-44.11905891,False
0G,-39.69373029,False
kNEIRO,-34.621494649999995,False
ZETA,-33.624662859999994,False
MINA,-33.317843859999996,False
ATOM,-30.11730194,False
SNX,-22.95074521,False
W,-21.537747720000002,False
IOTA,-21.264754000000003,False
HYPER,-19.13948018,False
ME,-19.04570219,False
AIXBT,-17.052473690000003,False
ANIME,-15.405895910000003,False
INJ,-14.1906379,False
STX,-13.639290070000001,False
KAS,-12.03037737,False
ZORA,-10.594438169999998,False
HMSTR,-8.30662693,False
MEME,-6.523093119999998,False
TRUMP,-5.605059719999997,False
BIO,-4.851998289999999,False
OP,-4.31019375,False
SEI,-4.1709645,False
CELO,-4.1230232099999995,False
SAND,-0.793603439999999,False
POLYX,-0.5250145399999993,False
CC,-0.4606847499999986,False
FIL,-0.12610968999999872,False
