coin,fundingRate_avg_5d,isNew
ANIME,-317.79698600999996,False
AVNT,-221.66809014,False
BLAST,-169.70038732,False
BABY,-163.096381,False
GMT,-157.62044295,False
IP,-143.41175799,False
0G,-135.97982436,False
POLYX,-109.12925928,False
ZK,-88.2680157,False
BERA,-69.60773526,False
VVV,-66.90815511000001,False
kLUNC,-64.63209176,False
FTT,-60.96165613999999,False
TNSR,-50.82634855,False
GAS,-47.01894011,False
REZ,-39.13627966,False
SOPH,-30.350065360000006,False
XAI,-30.15283907,False
WCT,-29.811546550000003,False
ACE,-29.668922799999997,False
CELO,-25.378413499999997,False
ZETA,-23.69275371,False
MINA,-18.793306150000003,False
TRUMP,-18.470665130000004,False
ATOM,-18.146924000000002,False
BSV,-15.09725483,False
SCR,-14.961955170000003,False
SUPER,-11.910200389999998,False
ZORA,-9.535942550000001,False
STRK,-9.32125539,False
USUAL,-8.40429436,False
LAYER,-7.525587519999999,False
PROVE,-6.32228837,False
USTC,-5.62484637,False
SKY,-5.361494489999998,False
ARK,-5.331208249999998,False
2Z,-4.9435140099999995,False
KAITO,-4.909939119999997,False
HYPER,-3.8992584999999997,False
ZRO,-2.874631229999999,False
WLFI,-1.8297055799999988,False
SAND,-0.06856743999999956,False
