coin,fundingRate_avg_5d,isNew
ME,-284.19936162,False
CELO,-152.53885528,False
MANTA,-129.30256400000002,False
IP,-125.1363007,False
STABLE,-113.58154680000001,False
GAS,-78.05950006000002,False
TRUMP,-41.35596875999999,False
TNSR,-40.07487643,False
BSV,-38.44014728000001,False
IOTA,-35.28361414,False
TRX,-34.18397791,False
PYTH,-28.326111160000004,False
LAYER,-28.23472465,False
S,-23.617014749999996,False
PROVE,-23.00147729,False
kNEIRO,-22.352288290000004,False
0G,-20.34218146,False
ZETA,-20.178205210000005,False
POLYX,-20.03070141,False
MINA,-18.776594989999996,False
INJ,-15.168956159999999,False
OP,-13.865923680000002,False
HYPER,-13.738680299999999,False
AVNT,-13.09502981,False
kSHIB,-12.57510483,False
POPCAT,-8.517847320000001,False
ALT,-8.0803116,False
ANIME,-7.685207129999996,False
GMT,-7.125256979999997,False
kPEPE,-6.019643509999998,False
STRK,-5.9996794699999985,False
ALGO,-5.836866839999999,False
APT,-5.751667809999998,False
BLUR,-5.5464093299999995,False
TIA,-5.35989506,False
XAI,-4.782130719999999,False
ZORA,-4.283720299999999,False
ATOM,-4.1503945600000005,False
IO,-3.3905835499999997,False
YGG,-2.9981683999999986,False
UMA,-2.2919810000000003,False
ZK,-1.697015669999999,False
ADA,-0.8819976799999993,False
KAITO,-0.5217857499999993,False
XRP,-0.2143586600000001,False
