coin,fundingRate_avg_5d,isNew
ALT,-306.4864892231405,False
IO,-120.7696762909091,False
CHIP,-88.58145157685951,False
ZORA,-57.82808228429752,False
ME,-49.687950019834716,False
TRUMP,-43.75111702809917,False
0G,-42.2158314644628,False
COMP,-30.382197233057852,False
JUP,-29.39492713388429,False
BCH,-28.362680588429757,False
TRX,-23.93335816859504,False
MOVE,-22.636304062809916,False
TON,-21.45894992727273,False
ETC,-20.002297309090906,False
MEGA,-17.653139692561982,False
STABLE,-17.492030261157026,False
HYPER,-17.421515880991734,False
MINA,-17.163916135537193,False
HEMI,-16.14457574876033,False
ADA,-15.903328968595043,False
2Z,-15.237291689256198,False
STX,-15.019049682644628,False
STRK,-14.704218178512397,False
MON,-14.42427391735537,False
kLUNC,-14.209178271074379,False
SNX,-14.084760932231404,False
BSV,-13.572607894214876,False
OP,-12.987106145454545,False
S,-12.711526680991733,False
DASH,-12.55304886942149,False
kNEIRO,-11.678698066115702,False
INJ,-10.903567656198346,False
SUPER,-10.84410390743802,False
SUSHI,-10.676355699173554,False
SEI,-10.406953120661154,False
GMT,-10.09458527603306,False
VVV,-9.286494099173552,False
FOGO,-9.17614271404959,False
CRV,-8.926061365289256,False
PENGU,-8.800404595041323,False
BABY,-7.075137074380164,False
SAGA,-6.779841094214876,False
TURBO,-6.684670571900824,False
BLUR,-5.946531976859504,False
SAND,-5.709745557024794,False
APT,-5.600867444628099,False
PROVE,-5.592299295867767,False
ZETA,-4.760060925619834,False
PENDLE,-4.529183523966942,False
AIXBT,-4.417921388429752,False
JTO,-4.389389851239669,False
XRP,-4.25773718677686,False
kSHIB,-3.4919213355371883,False
KAITO,-3.375854231404959,False
MERL,-2.6783424892561976,False
ZEC,-2.2195718776859503,False
SPX,-1.9526829123966924,False
POLYX,-1.9106776264462806,False
ZK,-1.4037632132231392,False
DOT,-1.401533395041322,False
NOT,-1.3238039603305785,False
ATOM,-1.0666716199999995,False
AXS,-1.0647722082644624,False
ONDO,-1.010697669421487,False
INIT,-0.930078882644628,False
VIRTUAL,-0.8266066314049585,False
kBONK,-0.16493704462809888,False
