coin,fundingRate_avg_5d,isNew
STABLE,-216.06712353,False
TRX,-66.12210132999999,False
SNX,-55.98501692,False
BSV,-54.176786480000004,False
SEI,-52.330431790000006,False
UMA,-44.745268970000005,False
ZK,-43.98249927,False
AVNT,-43.580115969999994,False
MEME,-42.08106607999999,False
GMT,-35.17760280999999,False
JTO,-32.147997690000004,False
ZEC,-28.60632677,False
kLUNC,-27.937775249999998,False
STX,-27.096650269999998,False
kNEIRO,-26.317665079999998,False
ME,-25.671729690000003,False
MERL,-23.314985279999995,False
IO,-21.273076,False
STRK,-21.227543710000003,False
MON,-20.929706630000002,False
SAGA,-20.619010600000003,False
PROVE,-18.749931739999997,False
W,-18.65007066,False
POPCAT,-18.53313926,False
MOODENG,-18.28917399,False
ALT,-17.381144510000002,False
CAKE,-17.35440023,False
ADA,-14.699049319999997,False
SOL,-13.976081409999997,False
TON,-12.981799510000002,False
MOVE,-12.04936102,False
AERO,-11.969458139999999,False
WIF,-11.07048504,False
COMP,-10.650475890000001,False
SUSHI,-10.39252747,False
ICP,-10.12682645,False
ZEN,-8.760115339999999,False
TURBO,-8.721656750000001,False
JUP,-8.675041140000001,False
APT,-8.276614440000001,False
2Z,-8.1086867,False
ATOM,-6.7321476,False
PUMP,-6.54754155,False
CHIP,-6.345343959999999,False
kSHIB,-5.63356695,False
OP,-5.284789009999999,False
DASH,-4.857817849999997,False
WLD,-4.403339559999998,False
XRP,-4.38377921,False
INJ,-4.22610505,False
FIL,-4.22254776,False
XLM,-4.20477226,False
ETC,-4.191670949999999,False
YGG,-3.835109019999999,False
AVAX,-3.5291981399999997,False
kFLOKI,-3.1889480599999995,False
MEGA,-2.5350447199999997,False
CRV,-2.403522079999999,False
kBONK,-2.324595209999999,False
DOGE,-1.86951686,False
TIA,-1.15694634,False
PENDLE,-0.7272026399999993,False
ORDI,-0.6670250899999997,False
DOT,-0.5003653599999998,False
AXS,-0.16644218999999955,False
ONDO,-0.04439786999999911,False
