coin,fundingRate_avg_5d,isNew
POLYX,-525.9095740199999,False
ANIME,-459.46741076,False
BLAST,-249.00013401999996,False
REZ,-240.60993157999997,False
RESOLV,-163.67865309000004,False
DOOD,-153.23290861999996,False
TRUMP,-141.11082573000002,False
ME,-129.91774084000002,False
VVV,-112.97828283000004,False
NEO,-77.4824774,False
BANANA,-72.44260631,False
GAS,-70.68243396000001,False
ZETA,-68.06439408,False
TURBO,-64.29199279,False
HYPER,-55.94956008999999,False
XAI,-50.23231251,False
MOODENG,-49.72051973000001,False
STRK,-46.97356185,False
DOT,-42.93878541999999,False
ZORA,-35.751012700000004,False
LAYER,-34.91419763999999,False
TAO,-33.06281106,False
SOPH,-32.69756724,False
POL,-32.057641939999996,False
MERL,-31.17258264,False
JTO,-30.217365960000002,False
YGG,-30.188647759999995,False
MORPHO,-27.63042773,False
BLUR,-24.816665360000002,False
ALT,-24.511799110000002,False
WIF,-23.09795044,False
EIGEN,-22.011231559999995,False
kLUNC,-17.204820310000006,False
GRASS,-16.172061570000004,False
USUAL,-16.11598297,False
MANTA,-16.03301336,False
kNEIRO,-15.623753460000003,False
ZRO,-13.95133879,False
APT,-13.597538449999998,False
OP,-13.44196158,False
MEW,-10.89000276,False
TIA,-10.35073497,False
FET,-10.277338579999999,False
S,-9.139293399999996,False
MEME,-8.996157189999998,False
kSHIB,-7.987675329999998,False
COMP,-7.37042894,False
kPEPE,-7.268794689999999,False
SOL,-7.12053242,False
PNUT,-7.017244719999999,False
PYTH,-6.9621881199999995,False
UMA,-6.659870299999999,False
MELANIA,-6.197295579999998,False
NXPC,-5.63126453,False
INIT,-5.51234972,False
ATOM,-4.952298829999999,False
DYM,-4.680118329999998,False
BRETT,-3.9908421099999987,False
KAITO,-3.8787089999999984,False
AIXBT,-2.8404854799999995,False
kBONK,-2.5382494199999983,False
HBAR,-2.4008291099999983,False
RENDER,-2.0955869099999993,False
BNB,-1.3572087,False
IMX,-1.337113259999999,False
SEI,-0.7114558100000001,False
W,-0.3923202499999992,False
SUI,-0.3311856699999994,False
