coin,fundingRate_avg_5d,isNew
YZY,-239.96686436000002,False
BLUR,-209.28831433000002,False
SUPER,-195.65006669999997,False
MOVE,-147.81001310000002,False
BLAST,-137.85494762000002,False
BIO,-112.87422863000002,False
COMP,-102.11774433000001,False
WLD,-87.93156016,False
FET,-80.53209328000001,False
STABLE,-77.28916026000002,False
FTT,-72.58452707000004,False
UMA,-71.68780529000001,False
kNEIRO,-62.30166385,False
IP,-60.95801636,False
AXS,-51.49273342999999,False
MEME,-45.195611080000006,False
ALT,-43.737643399999996,False
AERO,-37.32250998,False
BOME,-34.10088785,False
USTC,-33.352177950000005,False
2Z,-29.349817899999998,False
0G,-25.82839864,False
JTO,-22.62121737,False
W,-20.71693864,False
AVNT,-20.29674699,False
JUP,-19.331839560000002,False
MET,-19.12526124,False
SAND,-19.04278657,False
KAITO,-19.03509237,False
ZETA,-18.10220712,False
XAI,-16.534463499999998,False
PNUT,-16.52007447,False
TRUMP,-15.152314350000001,False
MORPHO,-14.49511579,False
INIT,-13.48622367,False
TAO,-12.998083620000001,False
DYM,-12.484169459999999,False
IMX,-12.0978082,False
PROVE,-11.10751867,False
PYTH,-11.028915190000001,False
EIGEN,-10.76737371,False
S,-10.44706139,False
ARB,-10.11803068,False
DOT,-9.25905793,False
BABY,-9.16195041,False
DASH,-9.08818172,False
kLUNC,-8.177489200000002,False
BANANA,-8.12547743,False
MERL,-7.81274981,False
OP,-7.25322963,False
TON,-6.690427369999998,False
STRK,-6.082195019999998,False
TURBO,-6.008195649999999,False
BERA,-5.667928049999998,False
REZ,-5.578295,False
MANTA,-5.569844519999998,False
USUAL,-5.358896419999999,False
GAS,-4.9115217599999985,False
YGG,-4.768295759999998,False
ETH,-4.74691844,False
TIA,-3.7612060099999995,False
IO,-3.3017527699999984,False
ARK,-2.5924132299999982,False
SAGA,-2.3879898699999997,False
BTC,-2.38269372,False
ANIME,-2.316346209999999,False
ADA,-2.11447493,False
LAYER,-1.990557429999999,False
ENA,-1.4809144999999988,False
ONDO,-0.7053697999999995,False
GMX,-0.6621727799999995,False
