coin,fundingRate_avg_5d,isNew
ZORA,-187.61711828429748,False
ALT,-64.1046338677686,False
kLUNC,-58.42764491900827,False
IO,-48.145563788429754,False
TRX,-43.61715056528926,False
BSV,-30.95550955041323,False
POLYX,-27.296039097520655,False
STABLE,-23.71439653884297,False
ME,-20.94483711074381,False
BCH,-20.346513907438023,False
BIO,-19.865159871074376,False
XLM,-17.504399236363636,False
TRUMP,-17.09785198016529,False
JTO,-17.053356247933888,False
2Z,-16.619474895867768,False
COMP,-15.589693457851242,False
0G,-15.25769597355372,False
ETC,-15.120566499173554,False
S,-14.945522876033062,False
ATOM,-12.543567074380167,False
MOVE,-12.287719328925625,False
HYPER,-11.758186016528928,False
CHIP,-11.715395950413221,False
APT,-11.404210343801653,False
SNX,-11.286745259504134,False
JUP,-9.985101203305787,False
SUSHI,-8.508324476033058,False
OP,-8.05802065785124,False
STRK,-7.888679722314049,False
AXS,-5.353482148760329,False
BABY,-5.040441738842976,False
kNEIRO,-4.564131580165288,False
DOT,-4.313345087603306,False
XRP,-4.072902634710744,False
MEME,-4.060727682644627,False
STX,-3.6156820363636353,False
ADA,-3.6100401619834694,False
MORPHO,-2.1677843504132226,False
ZK,-2.0490610115702474,False
SEI,-1.8733303438016529,False
NXPC,-1.7297850743801644,False
ONDO,-0.8513655768595038,False
INIT,-0.6625267636363648,False
AIXBT,-0.18165416528925626,False
