coin,fundingRate_avg_5d,isNew
BERA,-1108.10641051,False
ME,-555.7441608299999,False
XAI,-376.8544028399999,False
IP,-365.81429018,False
KAITO,-324.53194922,False
MOVE,-249.82594871,False
LAYER,-140.74482782,False
BLUR,-134.71491248,False
MOODENG,-98.18764187,False
IO,-84.37482496,False
BLAST,-78.22648245,False
MEME,-75.35588301000001,False
ANIME,-56.904047500000004,False
ACE,-41.905512030000004,False
GMT,-39.566172279999996,False
TURBO,-32.97868731999999,False
BSV,-32.75906609,False
EIGEN,-30.442589209999994,False
kLUNC,-25.41856204,False
DYM,-24.92538426,False
TRUMP,-20.950183860000003,False
USUAL,-20.596608360000005,False
ATOM,-19.551268800000003,False
POLYX,-19.247342789999998,False
MEW,-15.3756907,False
kFLOKI,-15.25212944,False
IMX,-15.077751419999997,False
FIL,-15.025420639999998,False
SUPER,-14.11177162,False
REZ,-13.094577209999999,False
APT,-12.649878,False
TNSR,-12.46721959,False
VVV,-10.71893967,False
SAND,-10.57419746,False
ADA,-10.34586952,False
PURR,-9.559301819999996,False
ZRO,-9.464297429999998,False
kNEIRO,-9.175551769999998,False
POPCAT,-8.760994989999999,False
BRETT,-8.663145790000002,False
MELANIA,-8.625287259999999,False
AIXBT,-8.558698849999999,False
RENDER,-7.5921299399999995,False
XLM,-7.181329739999999,False
JTO,-7.13347605,False
kBONK,-7.023930060000001,False
PNUT,-6.0681761,False
FET,-5.9815864199999975,False
RSR,-5.7903132799999995,False
BCH,-5.60219447,False
NOT,-4.180321640000001,False
STRK,-3.4346105799999984,False
AVAX,-3.1698293600000005,False
ETC,-2.80001063,False
PENGU,-2.7321082199999998,False
GMX,-2.63387942,False
NEO,-2.5109058099999997,False
SEI,-0.32714219999999966,False
ONDO,-0.21548358999999995,False
