coin,fundingRate_avg_5d,isNew
POLYX,-205.70575611,False
CHIP,-152.98413265,False
STABLE,-135.64699546,False
kLUNC,-42.054824769999996,False
SAGA,-36.703324710000004,False
WLD,-27.80456996,False
APE,-21.244611109999997,False
SKY,-20.96059512,False
COMP,-20.730832730000003,False
BSV,-19.18280641,False
INJ,-19.135189970000003,False
TRUMP,-19.003682660000003,False
W,-18.72667102,False
BIO,-17.3959657,False
0G,-16.72480005,False
EIGEN,-14.75447238,False
BLAST,-14.612905670000004,False
BLUR,-12.912536380000002,False
ICP,-11.99593816,False
APT,-10.687297090000001,False
ATOM,-10.62665891,False
AXS,-10.46550338,False
MOVE,-10.0181112,False
NOT,-9.846506449999998,False
POL,-9.35524638,False
PENGU,-8.16909347,False
TURBO,-7.293518329999999,False
MON,-7.121852259999999,False
JTO,-6.424583269999999,False
BCH,-5.6632378,False
KAITO,-5.36478679,False
ALT,-5.075005989999999,False
INIT,-4.620453239999999,False
SAND,-3.8474255799999995,False
GALA,-3.5242275699999994,False
MINA,-3.3834397700000003,False
MEGA,-2.24329,False
BABY,-1.8812056199999996,False
SEI,-1.8234494799999996,False
kSHIB,-1.5700745099999989,False
ADA,-0.8693562699999999,False
BERA,-0.7265164399999992,False
CAKE,-0.600452739999999,False
