coin,fundingRate_avg_5d,isNew
ALT,-306.5267548165289,False
SUPER,-297.43078999338843,False
GMT,-99.24116617190084,False
CHIP,-98.79845169917357,False
BLAST,-82.27092929256196,False
SAGA,-59.61489568264463,False
ME,-53.653907533884286,False
FOGO,-34.17301628429752,False
COMP,-31.199406773553726,False
TON,-26.759017795041323,False
BCH,-26.755294433057855,False
ETC,-25.304128760330574,False
MEGA,-24.00618707107438,False
TRUMP,-23.62785280661157,False
MINA,-23.067307646280995,False
OP,-21.31306841652893,False
STABLE,-20.503872466115702,False
kSHIB,-17.05901404958678,False
0G,-16.71422913719008,False
TST,-16.598872244628097,False
SUSHI,-15.406707917355371,False
VVV,-14.55247253553719,False
BLUR,-13.809092419834714,False
DASH,-12.663817259504134,False
AIXBT,-11.222514188429752,False
STX,-10.79721474049587,False
HYPER,-10.385349223140494,False
JUP,-10.03282727603306,False
ADA,-9.908360707438018,False
STRK,-9.888143930578511,False
SEI,-9.713724366942149,False
BSV,-9.658951923966942,False
SAND,-9.5620518446281,False
kLUNC,-7.354913375206612,False
POL,-6.751124221487601,False
kNEIRO,-5.798668244628098,False
PROVE,-5.792173537190083,False
MOVE,-5.782940062809916,False
SNX,-5.742087332231404,False
MOODENG,-5.6888620066115685,False
PURR,-4.97746240661157,False
CRV,-4.933697880991735,False
AXS,-4.784523768595038,False
W,-3.816287484297521,False
KAITO,-3.5965490380165277,False
SPX,-3.5800165289256185,False
PENDLE,-3.4970897355371893,False
IO,-2.627231147107437,False
NOT,-2.362377976859504,False
TURBO,-2.2752767900826436,False
INIT,-2.0636793520661154,False
PENGU,-1.9200841289256199,False
MERL,-1.9041373090909082,False
BTC,-1.8585657619834712,False
SOL,-1.6151289818181818,False
MON,-1.2903711669421467,False
2Z,-0.9281553024793384,False
INJ,-0.8766334710743791,False
XRP,-0.6911191140495868,False
S,-0.6522724958677671,False
PNUT,-0.4235807504132229,False
ZORA,-0.40401264793388153,False
APT,-0.1509290082644627,False
