coin,fundingRate_avg_5d,isNew
YZY,-275.14131138000005,False
0G,-202.77406515999996,False
TRUMP,-171.2395967,False
STABLE,-147.38861475999997,False
BLAST,-138.84601752,False
DOT,-96.48822158,False
FET,-96.28038181999999,False
REZ,-82.05353154,False
JTO,-75.50564032000001,False
COMP,-66.29637131000001,False
AXS,-62.730792160000014,False
POL,-60.333202060000005,False
BERA,-58.00508532999999,False
BIO,-51.13930101,False
SUPER,-50.562168119999995,False
IMX,-44.572705729999996,False
W,-43.53199291,False
GAS,-38.72259669,False
POLYX,-36.31215055999999,False
APT,-33.84015156,False
EIGEN,-33.39067669000001,False
TURBO,-32.97319115,False
HYPER,-31.02350423,False
AVNT,-30.288516870000002,False
RESOLV,-29.794074000000005,False
WLFI,-29.688889029999995,False
SEI,-29.046612399999997,False
2Z,-26.96864988,False
NEO,-26.511369119999998,False
MOVE,-25.724279470000003,False
BLUR,-25.667915439999998,False
SAND,-25.04591821,False
ZETA,-22.844575470000002,False
PROVE,-21.891747350000003,False
STX,-21.737832690000005,False
ARK,-21.32829612,False
kLUNC,-21.27796919,False
KAITO,-20.45259761,False
DASH,-20.027620080000002,False
IOTA,-19.3285239,False
kNEIRO,-19.04933686,False
APE,-18.32386067,False
BABY,-18.266511870000002,False
IP,-18.22090512,False
OP,-16.926545770000004,False
BSV,-16.643617480000003,False
MEW,-16.59040851,False
ALT,-14.883846629999997,False
HBAR,-14.827881180000002,False
GMT,-14.72521836,False
ME,-14.436380719999999,False
XAI,-14.20301943,False
MINA,-13.902434629999998,False
S,-12.9110939,False
STRK,-9.34557972,False
DYM,-9.139586860000001,False
USTC,-9.016404469999998,False
SAGA,-8.226372919999998,False
NOT,-7.68618168,False
IO,-7.357902139999999,False
XLM,-7.26974734,False
ICP,-7.15663165,False
ARB,-7.0774383300000006,False
USUAL,-6.764757429999999,False
ADA,-6.762898119999999,False
kFLOKI,-6.391759550000001,False
BIGTIME,-4.619231219999999,False
INJ,-4.589737759999999,False
BANANA,-4.117145979999997,False
SUSHI,-4.0883693800000005,False
SUI,-3.84535457,False
ZEN,-3.67179123,False
TNSR,-2.8213112999999987,False
ANIME,-2.74299398,False
AIXBT,-2.655932719999999,False
TIA,-2.44099225,False
CHILLGUY,-2.0546222299999997,False
MORPHO,-1.8461656200000003,False
kSHIB,-1.8300238599999998,False
KAS,-1.7530555799999996,False
JUP,-1.6318843399999992,False
PYTH,-1.3970834899999998,False
GRIFFAIN,-1.3847508699999989,False
PENGU,-1.3721014299999996,False
MELANIA,-1.0463761599999988,False
BCH,-0.43665095999999975,False
SOL,-0.10429363999999985,False
