coin,fundingRate_avg_5d,isNew
RESOLV,-1787.8520651400001,False
TNSR,-1360.23767732,False
MERL,-961.29179621,False
SUPER,-800.6012535799999,False
TURBO,-460.94666888999996,False
ACE,-425.26762835,False
OM,-366.87374137,False
USUAL,-365.6676419399999,False
DYM,-285.72473385,False
BANANA,-282.89705914,False
LAYER,-271.06899762,False
HEMI,-232.76611662000002,False
0G,-227.51739326,False
KAITO,-207.13607503999998,False
BLAST,-98.40748429000001,False
XAI,-93.83862380000001,False
DOOD,-86.79725915,False
2Z,-86.20252669,False
ME,-81.8799317,False
ZORA,-80.18734640000001,False
REZ,-80.13575365000001,False
ALT,-79.16459377,False
WLFI,-73.20652722,False
IP,-68.20826102,False
MAV,-49.29744166000002,False
COMP,-47.72073729,False
MEME,-46.07706928999999,False
ARK,-40.62933917000001,False
GMX,-35.56776445,False
APT,-35.54717699,False
ZRO,-32.641100279999996,False
WCT,-31.223767320000004,False
ZETA,-29.299398989999997,False
AR,-26.46565944,False
GRASS,-25.892648859999998,False
IO,-25.760815970000003,False
BRETT,-24.577293979999997,False
FET,-22.62648651,False
BSV,-22.606855350000004,False
BABY,-21.96319026,False
HYPER,-21.891618870000002,False
TRUMP,-21.79867819,False
BERA,-20.133938009999994,False
MINA,-20.123271250000002,False
STRK,-19.80856825,False
ATOM,-19.15323265,False
MEW,-18.958173,False
IMX,-16.957311620000002,False
BIO,-16.46250959,False
MANTA,-14.936469409999996,False
INIT,-14.12873682,False
SKY,-14.062000220000002,False
ZEC,-13.418804520000004,False
MOODENG,-13.38750723,False
UMA,-13.163643239999999,False
ZK,-12.09720522,False
PROMPT,-11.035561110000002,False
JUP,-8.26043618,False
W,-8.06876665,False
FXS,-7.974360129999999,False
INJ,-7.7248702200000015,False
CELO,-7.069536810000001,False
STX,-6.949664239999999,False
SEI,-6.94223795,False
ADA,-6.59194964,False
MOVE,-5.42716164,False
SOL,-5.37949556,False
DOT,-5.33629343,False
PROVE,-5.32990301,False
PYTH,-5.11386097,False
ANIME,-4.874618799999999,False
ICP,-4.786918059999999,False
AERO,-4.5816785599999985,False
AVAX,-3.9132825299999983,False
kFLOKI,-3.04186693,False
VVV,-3.0125318799999996,False
ENS,-2.6223600199999995,False
NIL,-2.0986032699999995,False
SUSHI,-2.03876298,False
SNX,-2.0118792699999983,False
ZEN,-1.8199571599999986,False
kSHIB,-1.7408857499999997,False
BIGTIME,-1.63137334,False
PENGU,-1.5950412399999996,False
MAVIA,-0.9885375299999984,False
GMT,-0.9667302399999996,False
GOAT,-0.5778847899999998,False
GAS,-0.2143863999999981,False
SCR,-0.18829473999999863,False
