coin,fundingRate_avg_5d,isNew
PROVE,-428.7579285123965,False
SUPER,-263.279247292562,False
ALT,-263.0496990942149,False
GMT,-187.88451837024795,False
CHIP,-128.40055934876034,False
BLAST,-85.31718743801652,False
ME,-83.29519337851241,False
SAGA,-63.09093463140497,False
STABLE,-57.555130819834716,False
FOGO,-43.11478700826446,False
TST,-37.909121533884296,False
COMP,-29.221924373553712,False
OP,-23.46982313057851,False
POL,-17.233602297520658,False
MERL,-16.700561365289257,False
MINA,-15.804212102479337,False
BCH,-14.431465080991735,False
BLUR,-12.320911765289255,False
TRUMP,-10.970002482644627,False
ICP,-10.754633900826445,False
SNX,-9.863262634710745,False
kSHIB,-7.3196330181818166,False
kLUNC,-6.492135183471073,False
ETC,-6.400404228099172,False
JTO,-5.890719917355372,False
SUSHI,-5.0695473818181815,False
STRK,-5.053061206611569,False
CAKE,-3.4176785256198348,False
DASH,-2.7057048198347107,False
AIXBT,-2.5758606247933873,False
ADA,-2.5076079173553714,False
LAYER,-2.458296357024793,False
STX,-2.3341961157024795,False
SUI,-2.295547140495868,False
TON,-1.982540757024793,False
kFLOKI,-1.916403480991736,False
BSV,-1.6381547504132221,False
AXS,-1.5032355471074361,False
YGG,-1.3412341884297514,False
ZORA,-1.121261900826446,False
UNI,-0.7231177289256191,False
