coin,fundingRate_avg_5d,isNew
YZY,-531.2331628859505,False
ZETA,-293.7343110743801,False
BLUR,-274.0297835404959,False
FTT,-193.91150406942148,False
BIO,-140.28243222148765,False
COMP,-130.8199975041322,False
BLAST,-130.44197164958678,False
MOVE,-129.44644325950412,False
SAGA,-104.67179134214882,False
FET,-86.89099455867768,False
STABLE,-86.57633318677686,False
ALT,-84.85776380826447,False
ACE,-63.49137305454545,False
SUPER,-42.30769635371902,False
WLD,-40.37940895537189,False
IP,-36.51104218512397,False
kLUNC,-36.19148390082644,False
0G,-34.8326920661157,False
XAI,-33.93027089256198,False
TURBO,-30.466668971900827,False
KAITO,-29.648264885950418,False
BERA,-27.009121586776853,False
kNEIRO,-24.456837669421486,False
AXS,-23.662112370247936,False
MEME,-23.5981947768595,False
TRUMP,-21.78891089256198,False
W,-21.269497914049587,False
OP,-20.04449444628099,False
JTO,-18.807968320661157,False
BANANA,-18.30368118347108,False
BOME,-18.021494796694217,False
AERO,-17.11556745123967,False
S,-17.001825728925617,False
PROVE,-16.543996998347108,False
TIA,-15.751858433057853,False
UMA,-15.725586396694217,False
EIGEN,-15.632209140495869,False
IO,-14.937500598347109,False
USUAL,-13.76682505785124,False
ETH,-13.072144750413223,False
SAND,-12.622606889256199,False
DYM,-12.361385137190084,False
DOT,-12.089702062809915,False
ANIME,-11.607670393388428,False
AVNT,-10.94928978842975,False
APE,-10.165970588429753,False
INIT,-9.586558849586776,False
WCT,-8.424381233057852,False
GAS,-7.353623990082644,False
RESOLV,-7.351420234710747,False
ARB,-7.2467700892561995,False
REZ,-6.368142089256199,False
STRK,-6.335012638016529,False
TAO,-5.765231107438017,False
PNUT,-5.277409150413223,False
BTC,-4.808307530578512,False
DASH,-4.703824621487601,False
2Z,-4.437742879338843,False
PYTH,-3.6985834909090896,False
HYPER,-3.232317649586778,False
YGG,-2.533386932231404,False
MEW,-2.260453566942148,False
SPX,-1.504319325619834,False
IOTA,-1.455806300826446,False
SEI,-1.3632102049586772,False
MOODENG,-1.3594202380165277,False
ARK,-1.2755110214876024,False
SUI,-1.1218323867768594,False
LAYER,-1.0773583735537184,False
SOL,-1.0365903471074378,False
APT,-0.6126157586776861,False
TNSR,-0.6054195272727257,False
USTC,-0.35934099173553496,False
INJ,-0.3572313520661156,False
IMX,-0.16898836363636321,False
