coin,fundingRate_avg_5d,isNew
BLUR,-159.75218017190085,False
VINE,-69.21424485619835,False
IOTA,-44.750296383471074,False
kNEIRO,-36.30230079669422,False
STABLE,-35.922594614876026,False
SNX,-32.65278344132231,False
SAND,-24.936460550000003,False
0G,-21.4077480892562,False
ATOM,-20.25891752727273,False
ALT,-19.34847991,False
POLYX,-15.350594687603301,False
UMA,-15.013263738842976,False
STX,-13.961545378512398,False
ME,-11.76021601983471,False
TRUMP,-11.71147639338843,False
ANIME,-11.161849378512397,False
OP,-9.170615950413223,False
AVNT,-8.783759871074382,False
KAS,-8.290985256198347,False
W,-8.106839920661157,False
INJ,-7.758256769999999,False
HYPER,-7.065386687603304,False
BANANA,-6.137689656198344,False
MINA,-6.050754257851239,False
CHIP,-5.923804482644627,False
CELO,-5.525886912396694,False
MOVE,-5.216780749999999,False
XAI,-5.1952765487603285,False
PENGU,-4.3432297190082645,False
TRX,-4.122474823140496,False
BIO,-3.3204584528925594,False
AIXBT,-3.0830363900826434,False
FIL,-2.092548981818181,False
ADA,-2.082377970247934,False
NXPC,-2.0602318214876028,False
BIGTIME,-2.04803080661157,False
PROVE,-1.358332839669421,False
POPCAT,-0.7944480499999996,False
ZORA,-0.6300713256198346,False
SEI,-0.39066559338842943,False
