coin,fundingRate_avg_5d,isNew
BLAST,-230.87336843305783,False
CHIP,-194.05984489586777,False
HYPER,-180.79550502148763,False
0G,-127.77132854876034,False
TRUMP,-89.06987804628098,False
STABLE,-82.74205078016529,False
YZY,-65.10269903801652,False
APE,-63.60540725950412,False
BERA,-57.67127828429752,False
kNEIRO,-51.88249291239669,False
kLUNC,-51.607389094214874,False
WLD,-40.998599781818186,False
AXS,-32.05999062148761,False
COMP,-27.741115874380167,False
INJ,-25.714768601652896,False
BIO,-25.69871318677686,False
REZ,-23.6396020661157,False
MINA,-20.94086542809918,False
TST,-19.663674079338843,False
2Z,-19.347577080991737,False
MON,-18.765399064462816,False
BANANA,-17.990771087603306,False
ALT,-15.582966357024794,False
KAITO,-15.470102082644626,False
AVNT,-15.336978317355367,False
MERL,-15.153897213223146,False
STX,-14.427832214876034,False
TRX,-13.502351246280995,False
CAKE,-13.253557834710742,False
MOVE,-10.79607666446281,False
SUI,-10.685154069421488,False
WLFI,-10.397663176859504,False
POL,-9.909791266115704,False
SEI,-9.63104010247934,False
XAI,-9.624974707438016,False
DYM,-8.419117269421488,False
JTO,-8.292100165289256,False
STRK,-7.337569299173552,False
IMX,-5.710609249586777,False
EIGEN,-5.50459938842975,False
ZK,-5.4856756165289235,False
FET,-4.80559844628099,False
TIA,-4.566928988429752,False
BLUR,-4.140576168595041,False
AZTEC,-3.8069512066115685,False
PROVE,-2.7503743041322317,False
ADA,-2.480112376859504,False
W,-2.1712181256198337,False
PYTH,-1.8981768892561985,False
ETC,-1.7102531702479333,False
NOT,-1.6194097983471079,False
XRP,-1.4199503900826447,False
MANTA,-1.2870184760330576,False
PNUT,-1.2490152793388425,False
S,-1.1353112033057846,False
BABY,-0.8755815471074376,False
JUP,-0.7751094148760318,False
SOL,-0.24735561322314037,False
ARB,-0.050728363636363454,False
