coin,fundingRate_avg_5d,isNew
SUPER,-193.9426281322314,False
BLUR,-192.77349464132234,False
YZY,-176.27326361652894,False
STABLE,-170.21535728925622,False
MOVE,-143.71793988099174,False
BIO,-137.9615201752066,False
BLAST,-132.97378902148762,False
WLD,-77.46603309421488,False
UMA,-68.78022739834711,False
kNEIRO,-65.00151814214877,False
COMP,-59.36288785785125,False
FET,-54.08076061487604,False
FTT,-51.22595407933884,False
AXS,-47.81891859173553,False
MEME,-45.18990503801654,False
ALT,-39.70453203966942,False
IP,-37.74619928925619,False
USTC,-37.55057618181818,False
BOME,-33.7285664628099,False
2Z,-30.334138135537195,False
AERO,-28.883992532231403,False
REZ,-20.031427566942146,False
AVNT,-19.6414968,False
JUP,-19.421418813223145,False
MORPHO,-19.082007907438015,False
MET,-18.876705361983472,False
JTO,-18.379684680991737,False
PNUT,-17.893841325619835,False
W,-17.84394045619835,False
0G,-16.676644393388433,False
SAND,-14.611791490909091,False
KAITO,-14.302877692561985,False
SKR,-12.70640461487603,False
IMX,-12.528945114049588,False
kLUNC,-12.123876922314048,False
INIT,-11.26257996694215,False
TAO,-10.679579523966941,False
PYTH,-10.445851140495867,False
S,-10.192035570247935,False
BABY,-10.140208948760332,False
TRUMP,-10.026186327272725,False
DOT,-9.982833014876032,False
PROVE,-9.882281970247933,False
DYM,-9.73409172892562,False
ARB,-8.423038274380163,False
BANANA,-8.08409867107438,False
EIGEN,-7.830505358677687,False
MERL,-7.657685761983472,False
USUAL,-5.4263805520661155,False
XAI,-5.421359841322312,False
OP,-5.253801312396693,False
MANTA,-5.160909114049587,False
TURBO,-4.917791603305784,False
YGG,-3.737260700826445,False
ETH,-3.458941745454545,False
STRK,-3.2979105024793385,False
DASH,-2.8973526247933865,False
SAGA,-2.2777585487603305,False
GAS,-2.0001874512396687,False
TON,-1.9944811438016523,False
IO,-1.8768278280991715,False
LAYER,-1.7734880628099163,False
TIA,-1.2196005024793384,False
ADA,-1.18097252231405,False
GMX,-1.0135443074380162,False
CAKE,-0.9634110446280979,False
ARK,-0.5844860231404946,False
BTC,-0.011786905785123836,False
