coin,fundingRate_avg_5d,isNew
YZY,-213.82586074000002,False
BLUR,-207.78455375000001,False
SUPER,-195.65006669999997,False
MOVE,-145.35446976,False
BLAST,-139.50174367,False
BIO,-116.74707208000001,False
COMP,-86.7480097,False
WLD,-86.72860338,False
STABLE,-80.64631127000001,False
FET,-74.07591342000003,False
UMA,-71.45516451,False
FTT,-70.28320426000006,False
kNEIRO,-63.63150412,False
IP,-58.326848160000004,False
AXS,-53.95667249999999,False
MEME,-45.59870540000001,False
ALT,-41.94427649,False
USTC,-36.21893248,False
AERO,-34.51398317,False
BOME,-34.10088785,False
2Z,-30.7667552,False
0G,-23.098773880000003,False
JTO,-20.69612853,False
AVNT,-19.825050919999995,False
JUP,-19.627814410000003,False
MET,-19.12526124,False
W,-19.01215723,False
SAND,-18.270585269999998,False
PNUT,-17.67766686,False
KAITO,-17.218990339999998,False
ZETA,-16.230209719999998,False
MORPHO,-15.98136367,False
TRUMP,-14.089590569999999,False
IMX,-12.455748369999998,False
TAO,-12.284284509999999,False
INIT,-12.250659249999998,False
DYM,-11.47487365,False
S,-10.73570193,False
PROVE,-10.680520499999998,False
PYTH,-10.634338510000001,False
REZ,-10.616560819999998,False
XAI,-10.22040588,False
DOT,-9.812278210000002,False
EIGEN,-9.51361623,False
ARB,-9.30171548,False
BABY,-9.1095167,False
DASH,-9.08818172,False
kLUNC,-8.409939450000001,False
BANANA,-8.07324739,False
MERL,-7.81274981,False
OP,-6.895381439999999,False
TURBO,-6.525350279999999,False
MANTA,-6.41204041,False
TON,-5.725008939999999,False
USUAL,-5.500004689999999,False
STRK,-4.987672439999999,False
YGG,-4.640854549999999,False
GAS,-4.407453839999998,False
ETH,-4.12434451,False
IO,-3.385406389999998,False
BERA,-2.687192049999997,False
SAGA,-2.3879898699999997,False
TIA,-2.3816695299999995,False
ADA,-2.14458378,False
ARK,-2.1284449399999987,False
LAYER,-1.990557429999999,False
BTC,-1.7130990299999995,False
ANIME,-1.2598274299999992,False
ENA,-1.0226270699999989,False
GMX,-0.7533716799999995,False
