coin,fundingRate_avg_5d,isNew
BERA,-1132.2105991338842,False
ME,-535.7654942181817,False
AVNT,-383.76284179000004,False
XAI,-377.4715000264462,False
IP,-348.37088717355374,False
KAITO,-308.39190795371906,False
RESOLV,-218.83318916,False
MOVE,-163.0892413586777,False
LAYER,-135.93940738512399,False
MEME,-135.01305258842976,False
MOODENG,-125.16900403636362,False
BLUR,-123.04958936528924,False
IO,-75.26729626115701,False
BLAST,-67.47621741818183,False
FOGO,-67.13234760000002,False
ANIME,-56.98979661818181,False
0G,-55.19983110999999,False
ZEC,-42.16204059999999,False
ACE,-41.37161506115703,False
GMT,-40.03855590743802,False
WLFI,-39.90431996,False
TURBO,-35.68445365289256,False
EIGEN,-35.14670041983471,False
BSV,-31.282427682644627,False
DYM,-30.824472257851237,False
ZORA,-29.986288110000004,False
kLUNC,-26.977098357024794,False
STABLE,-23.370694500000003,False
BABY,-23.261282100000003,False
TRUMP,-23.085411887603307,False
REZ,-20.676264922314047,False
POLYX,-20.61079586776859,False
WCT,-20.538035349999998,False
USUAL,-18.898269441322324,False
SUPER,-18.726567649586777,False
AERO,-18.710287629999996,False
ATOM,-18.037700072727276,False
MEW,-17.92561478677686,False
kFLOKI,-16.645133008264466,False
IMX,-16.62795254876033,False
FIL,-14.846170720661156,False
TNSR,-14.720854214876029,False
APT,-14.716940449586778,False
SKY,-13.754646860000001,False
ZRO,-12.313841504132231,False
SAND,-12.091661841322313,False
FET,-12.081979507438014,False
LINEA,-11.52946451,False
ADA,-11.123001312396696,False
POPCAT,-9.922610548760328,False
kNEIRO,-9.32887150413223,False
BRETT,-9.041329209917356,False
PURR,-9.004011609917352,False
AIXBT,-8.32603973553719,False
XLM,-8.085044895867767,False
STRK,-8.075152611570248,False
BCH,-8.00326414214876,False
PNUT,-7.47377861157025,False
RENDER,-7.277107199999999,False
MELANIA,-6.84575176859504,False
kBONK,-6.693502968595041,False
JTO,-6.5376118909090914,False
DOOD,-6.439263569999999,False
RSR,-6.3089483801652895,False
ETC,-5.663598456198348,False
NOT,-5.537883768595041,False
VVV,-5.27744607272727,False
2Z,-4.865567530000001,False
AVAX,-4.548672714049586,False
PENGU,-4.5445736132231405,False
GOAT,-3.322010638016527,False
NEO,-2.783161319008264,False
SYRUP,-2.4249490399999996,False
GMX,-1.8977461289256201,False
SNX,-1.509801927272727,False
SEI,-1.3619193719008258,False
PYTH,-0.9201294049586775,False
ENS,-0.5299546611570244,False
ONDO,-0.05124599999999952,False
