coin,fundingRate_avg_5d,isNew
ME,-168.6552288,False
CELO,-132.97909366,False
MANTA,-122.34546471000002,False
IP,-102.88699351000001,False
STABLE,-101.19272629,False
GAS,-79.18180936000002,False
TRUMP,-50.56129869,False
TNSR,-48.65859165,False
BSV,-48.59044469000001,False
LAYER,-44.994458849999994,False
S,-34.31773362,False
0G,-34.31318791,False
IOTA,-33.10494738999999,False
ZORA,-30.9825213,False
POLYX,-30.37955882,False
PROVE,-30.3073516,False
kNEIRO,-27.24548048,False
TRX,-26.975465160000002,False
PYTH,-25.01300616,False
OP,-20.118035690000003,False
ZETA,-19.05596599,False
kSHIB,-18.654720760000004,False
AVNT,-18.07747764,False
INJ,-17.020607,False
MINA,-15.493076890000001,False
SNX,-13.730085280000006,False
GMT,-12.463722890000001,False
POPCAT,-12.097698699999997,False
ANIME,-11.982341909999997,False
STRK,-11.759848859999998,False
MON,-11.595918600000003,False
NOT,-11.282771960000005,False
APT,-10.94170063,False
kPEPE,-10.405252099999998,False
HYPER,-10.336881759999999,False
ADA,-9.076836059999998,False
XAI,-8.77935011,False
ALT,-8.119294329999999,False
AIXBT,-7.350867859999997,False
BLUR,-6.35146574,False
KAITO,-6.3235082,False
ALGO,-5.836866839999999,False
ZK,-5.797427859999999,False
WLFI,-5.2406035699999975,False
FIL,-4.9103245599999985,False
AXS,-4.877933729999999,False
YGG,-3.842960169999998,False
IO,-3.6706451299999996,False
XRP,-3.4325154799999993,False
USUAL,-3.138224009999998,False
TIA,-2.6351065499999997,False
ATOM,-2.488502109999999,False
DOGE,-1.7752578,False
UMA,-1.7014672100000003,False
DOT,-1.5301172299999997,False
SOPH,-0.49306682000000085,False
