coin,fundingRate_avg_5d,isNew
DOOD,-511.3458670016529,False
0G,-181.29251629090908,False
REZ,-92.84466267768596,False
KAITO,-59.082357183471075,False
BLAST,-41.6903567107438,False
CELO,-33.77593199999998,False
APT,-28.97385275702479,False
MEME,-1.380649120661156,False
