coin,fundingRate_avg_5d,isNew
RESOLV,-876.35890231,False
WCT,-873.74982026,False
ZORA,-504.92158929999994,False
KAITO,-274.72772696,False
BIO,-186.82059113999998,False
IP,-171.40436719000004,False
OM,-156.20259315,False
ME,-98.94215527,False
LAYER,-97.61138863,False
BSV,-96.70063259999999,False
REZ,-91.90877755,False
TNSR,-78.76222652999999,False
YZY,-74.98867111000001,False
BLAST,-67.52679288,False
MOODENG,-61.31538931999999,False
MOVE,-58.63425043000001,False
IO,-58.16146812,False
DYM,-51.06593017,False
MEW,-47.00715864,False
BERA,-45.701694530000005,False
GOAT,-44.18283828,False
MORPHO,-43.545756329999996,False
TURBO,-41.72676203999999,False
GAS,-40.54565708,False
POPCAT,-37.655200910000005,False
ZETA,-37.48910547,False
ZEN,-35.5333048,False
USUAL,-34.791451789999996,False
PROVE,-34.77537062,False
MERL,-29.97255973,False
XAI,-29.6466724,False
ZK,-24.49018746,False
SUPER,-24.397503009999998,False
ANIME,-23.619625960000008,False
ETHFI,-22.16043991,False
CAKE,-21.08013846,False
AIXBT,-20.873138930000003,False
HYPER,-17.16522803,False
TST,-17.15211723,False
APT,-16.54947449,False
COMP,-16.364560380000004,False
BANANA,-15.632117069999998,False
DOOD,-15.402128380000002,False
INIT,-15.31423638,False
STX,-14.38642171,False
kLUNC,-14.345102250000002,False
kFLOKI,-13.826359870000001,False
MAVIA,-12.49562608,False
SOPH,-12.47310339,False
BRETT,-12.139486820000002,False
MANTA,-12.03096283,False
YGG,-11.79816218,False
VVV,-11.398573319999999,False
MAV,-10.704985719999998,False
BABY,-10.50315386,False
ALGO,-9.68078696,False
FXS,-9.63585838,False
GRASS,-8.84802267,False
SAND,-8.47668773,False
GMT,-7.83531046,False
PYTH,-7.829477029999999,False
INJ,-7.329143789999999,False
SEI,-6.514538249999999,False
APE,-6.3417655,False
BLUR,-5.29032533,False
XLM,-5.23682947,False
MINA,-5.177342499999998,False
OP,-5.16894604,False
W,-5.111138799999999,False
PROMPT,-5.0000014099999985,False
PNUT,-4.223663929999999,False
ARK,-3.8989183199999995,False
RSR,-3.8071850599999997,False
FIL,-3.7241373400000004,False
ALT,-3.4520882399999997,False
POLYX,-3.134797389999998,False
NXPC,-3.1031307200000002,False
kBONK,-2.701413909999999,False
ATOM,-2.683296769999999,False
ETC,-2.3746009399999997,False
WLD,-2.367504609999999,False
NEO,-2.28566212,False
ACE,-2.0255959699999986,False
SUSHI,-1.9602558600000002,False
CELO,-1.7437728999999993,False
TRB,-0.9643212400000003,False
TRUMP,-0.58504828,False
HBAR,-0.3972937399999997,False
kSHIB,-0.25076667999999985,False
