coin,fundingRate_avg_5d,isNew
SOPH,-199.0398969322314,False
TRUMP,-98.59284798347106,False
MOVE,-55.75477851570247,False
TRX,-46.621084879338845,False
BRETT,-39.27078751735537,False
EIGEN,-31.84764315371901,False
LAYER,-31.010485428099173,False
kNEIRO,-28.53513964958678,False
ME,-28.004019401652897,False
UMA,-24.6274860892562,False
XLM,-22.475043322314047,False
STABLE,-20.55575193719008,False
GAS,-19.78299758677686,False
IO,-19.294074476033053,False
MOODENG,-15.666462912396698,False
MINA,-15.229456919008268,False
IP,-12.526489418181818,False
CHIP,-12.446967441322315,False
HYPER,-11.264241471074381,False
ALT,-11.0366827338843,False
AVAX,-10.57600881322314,False
ZORA,-10.183237923966942,False
SKR,-8.194229970247934,False
XAI,-7.573055474380166,False
0G,-7.4969810280991735,False
NOT,-7.018980406611571,False
2Z,-5.9553665454545435,False
IOTA,-5.1997159140495866,False
POLYX,-4.9335711867768595,False
SEI,-4.909211147107438,False
ETC,-4.437231758677685,False
KAITO,-4.294221500826446,False
ADA,-3.2753878909090903,False
AIXBT,-3.1458014280991735,False
kLUNC,-2.946050261157025,False
BABY,-2.4755593487603296,False
POL,-1.9506854876033048,False
ORDI,-1.8387992925619836,False
RENDER,-1.3620366545454539,False
NXPC,-1.349011765289256,False
OP,-1.0917863107438008,False
DOT,-1.0632258148760327,False
W,-1.0329096991735518,False
BNB,-0.7303993884297519,False
FIL,-0.6812890909090907,False
ZEN,-0.2667818181818177,False
