coin,fundingRate_avg_5d,isNew
POLYX,-661.6752148958677,False
REZ,-546.8820493289255,False
SUPER,-506.26579386446286,False
ZETA,-226.72717428099173,False
BERA,-186.61729894214875,False
GAS,-185.07746541818184,False
FTT,-165.13098378842975,False
ALT,-164.92429919008265,False
2Z,-112.20526971570247,False
BLAST,-99.27540184462809,False
JTO,-94.69516923966943,False
ME,-89.56334984132232,False
NIL,-76.63957198016529,False
SOPH,-74.28040407272726,False
TURBO,-72.54136887272726,False
BSV,-51.93182836363636,False
STABLE,-49.42265378181817,False
AVNT,-48.2845393785124,False
MOODENG,-46.68406493553719,False
MOVE,-38.99432191735538,False
APT,-37.532320631404964,False
TRUMP,-35.50989943140496,False
XAI,-34.871477147107434,False
0G,-34.18121810578513,False
BLUR,-33.630291570247934,False
AXS,-32.8769996231405,False
LAYER,-32.769156783471075,False
CELO,-32.66853840991736,False
EIGEN,-30.967790925619845,False
ZORA,-29.508691299173552,False
STRK,-29.094165203305792,False
IO,-27.366199457851234,False
BANANA,-25.094204409917356,False
PROVE,-22.921456542148757,False
MEW,-22.336727266115705,False
AERO,-21.61303905123967,False
DYM,-21.446254442975206,False
kNEIRO,-19.822931603305783,False
KAS,-19.02577449917355,False
kLUNC,-18.71809072066116,False
IMX,-18.639264476033055,False
W,-17.9306412892562,False
S,-17.3273212661157,False
ANIME,-16.696313127272727,False
FET,-16.68973371570248,False
OP,-16.10014082975207,False
SEI,-15.642447480991734,False
HYPER,-15.408462813223144,False
AIXBT,-14.17617551404959,False
MERL,-11.119285190082644,False
DOT,-10.766394743801655,False
ACE,-9.624592452892564,False
kFLOKI,-9.609122727272727,False
kBONK,-8.576449765289256,False
HEMI,-7.619497229752061,False
ENA,-7.373012548760329,False
MEME,-6.868405418181816,False
POL,-5.995765348760331,False
ZEC,-5.011570661157024,False
MINA,-4.93554616859504,False
INIT,-4.888677996694215,False
BABY,-4.484034773553718,False
TIA,-4.4691174347107445,False
PENGU,-4.45441004628099,False
kSHIB,-3.707176978512396,False
ALGO,-3.5896489090909087,False
SNX,-3.0805531834710744,False
DOOD,-2.8619933553718995,False
STX,-2.655038717355371,False
BTC,-2.6258614016528927,False
VVV,-2.2006857520661147,False
VIRTUAL,-2.048508624793388,False
XRP,-1.9864798611570254,False
SOL,-1.9698735074380165,False
DASH,-1.0523047735537183,False
SCR,-0.7258007504132219,False
ARK,-0.34441134545454516,False
BRETT,-0.24675906446280954,False
HBAR,-0.0707909355371901,False
