coin,fundingRate_avg_5d,isNew
IP,-103.41100940999999,False
TNSR,-93.76408058,False
MANTA,-88.61317138,False
CELO,-87.54207376999999,False
STABLE,-81.30035915,False
GAS,-76.28650234000001,False
BSV,-65.58972328,False
ME,-65.18546169,False
TRUMP,-64.48495442,False
LAYER,-62.555975410000016,False
ZORA,-56.34784663,False
0G,-55.64277029,False
S,-42.54802882999999,False
AVNT,-35.83804257,False
POLYX,-35.667862050000004,False
PROVE,-34.64764033,False
kNEIRO,-31.011173070000005,False
IOTA,-27.06909277,False
TRX,-26.70544765,False
AIXBT,-25.73462065,False
SNX,-22.011463700000004,False
STRK,-21.712281230000006,False
kSHIB,-19.86572725,False
MON,-18.70340738000001,False
INJ,-18.534130599999997,False
USUAL,-17.664669210000003,False
ZETA,-17.34855804,False
XAI,-16.214558519999997,False
OP,-16.1778658,False
ANIME,-15.392114240000002,False
POPCAT,-15.347452109999999,False
MINA,-14.863646070000001,False
APT,-14.854695540000005,False
PYTH,-13.83618713,False
ADA,-13.725534460000002,False
KAITO,-13.695165,False
GMT,-13.665010160000001,False
BIO,-13.256937240000003,False
AXS,-12.376626589999999,False
NOT,-11.464826660000002,False
kPEPE,-10.85780173,False
YGG,-10.84390034,False
FIL,-9.907286979999999,False
WLFI,-8.447807469999997,False
SOPH,-7.225744399999999,False
XRP,-7.135484280000001,False
ALGO,-6.84654006,False
ATOM,-4.359189159999999,False
W,-4.160940139999999,False
DOT,-3.9054167800000004,False
ZK,-3.573008359999999,False
ALT,-3.412239729999999,False
HYPER,-3.0370299499999995,False
DOGE,-2.92418801,False
ETH,-2.82514891,False
MERL,-2.130707939999999,False
MOODENG,-1.7922806699999982,False
BLUR,-1.5894472499999994,False
KAS,-1.0395017499999994,False
FOGO,-0.8390875499999974,False
