coin,fundingRate_avg_5d,isNew
AVNT,-967.2249478599999,False
BIO,-693.6904701400001,False
0G,-456.88346626,False
DOOD,-350.70830455,False
BLAST,-229.185106,False
MERL,-204.98756093999998,False
OM,-198.03206984,False
REZ,-181.27927502,False
KAITO,-180.87751368,False
MOODENG,-134.36546658999998,False
ZORA,-117.12513762,False
APT,-99.66730514999999,False
VVV,-86.21490238,False
IO,-85.44186669,False
PROVE,-84.37591558,False
GRASS,-54.25467018000001,False
NXPC,-49.420916049999995,False
HYPER,-46.169737680000004,False
ATOM,-45.92187348,False
MORPHO,-35.79868973,False
BERA,-35.3799099,False
kFLOKI,-34.65225247,False
MEW,-33.64868789,False
BSV,-31.300756769999996,False
INIT,-29.699365260000004,False
YZY,-26.831782909999994,False
TRUMP,-24.85030376,False
IP,-24.737205590000006,False
IOTA,-23.929348169999997,False
RESOLV,-23.590638390000002,False
MOVE,-22.668958639999996,False
SEI,-22.109399039999996,False
TIA,-21.851516319999998,False
SKY,-21.765014970000003,False
SOPH,-21.65876055,False
SAND,-21.357301210000003,False
BABY,-21.089955500000006,False
LAYER,-18.860780049999995,False
ARK,-18.755082620000003,False
ZK,-18.20955946,False
STX,-18.108912170000004,False
AIXBT,-17.330929270000002,False
DYDX,-16.583400509999997,False
BANANA,-15.83448913,False
TURBO,-15.45064637,False
GOAT,-15.382713300000002,False
PROMPT,-13.770987909999997,False
GMX,-13.434422869999999,False
POLYX,-11.343335680000001,False
VIRTUAL,-11.211052379999998,False
USUAL,-11.184448990000002,False
WCT,-11.122722379999999,False
ENA,-11.048592339999999,False
WLFI,-10.665659159999999,False
CELO,-10.45894579,False
BCH,-9.948721049999998,False
BRETT,-9.265369510000001,False
2Z,-8.84891108,False
PNUT,-8.716009469999996,False
OP,-7.932127439999999,False
S,-7.357580209999997,False
BLUR,-7.016346819999998,False
kPEPE,-6.959551359999999,False
CFX,-6.82013304,False
PENGU,-6.604264739999999,False
CHILLGUY,-6.245321549999997,False
INJ,-5.257476059999999,False
kSHIB,-4.658697940000001,False
WLD,-3.9376389799999982,False
TNSR,-3.90139156,False
RUNE,-3.3710275799999985,False
TRX,-3.1015634099999994,False
GAS,-3.0596628699999995,False
BNB,-2.9101953699999994,False
COMP,-2.63019073,False
TST,-1.8752407899999994,False
YGG,-1.7917470399999997,False
RENDER,-0.8919242199999999,False
LINEA,-0.13510547999999975,False
