coin,fundingRate_avg_5d,isNew
POLYX,-290.26491814214876,False
AVNT,-228.95022558,False
IP,-134.5058304892562,False
kLUNC,-100.52857703801652,False
0G,-98.57852402000002,False
KAITO,-90.99384664999998,False
REZ,-83.69161378512399,False
BLAST,-77.10719525950412,False
RESOLV,-69.58941153,False
ANIME,-64.59337526280993,False
SOPH,-58.48419309000002,False
USTC,-41.86810000661157,False
ZORA,-32.90884821999999,False
GAS,-32.73746151074379,False
ZETA,-29.097028492561986,False
MANTA,-26.29531986446281,False
SUPER,-24.04837986446281,False
MINA,-22.593203414876033,False
TNSR,-21.875853530578514,False
PROVE,-17.69613075,False
DOOD,-17.03288852,False
UMA,-16.689331190082648,False
CELO,-15.69937155371901,False
TRUMP,-15.663475824793391,False
ZEC,-14.681814750000006,False
MEME,-14.609230095867767,False
LAYER,-14.501120836363638,False
ACE,-14.326796836363636,False
WCT,-12.54625596,False
USUAL,-12.140880733884297,False
XAI,-11.97065438677686,False
MELANIA,-11.875014009917356,False
HYPER,-11.404251989999999,False
SCR,-9.948918783471074,False
ATOM,-9.268181355371901,False
kNEIRO,-9.174647722314054,False
IMX,-8.961873114049586,False
TURBO,-7.830314231404957,False
MERL,-7.621876185123965,False
BSV,-6.180705599999999,False
NEO,-5.330217471074379,False
BERA,-3.415542099173552,False
ZRO,-2.8190172297520655,False
FTT,-2.4474462644628074,False
XLM,-1.098380925619833,False
DOT,-0.9152621752066117,False
ADA,-0.7467574214876033,False
VVV,-0.6315931041322308,False
