coin,fundingRate_avg_5d,isNew
ANIME,-336.5185116099173,False
AVNT,-300.29682018842976,False
HYPER,-299.3913496661157,False
GMT,-291.6804653652892,False
BERA,-246.93428256198348,False
BLUR,-214.0402103504132,False
POLYX,-191.61029623140496,False
MOVE,-175.90799767933885,False
IP,-168.69142280330578,False
VVV,-150.8379129520661,False
BLAST,-137.76195361983469,False
ME,-86.27015019173552,False
0G,-80.5980581553719,False
REZ,-57.11248801983473,False
ZETA,-37.788434796694204,False
TNSR,-35.90412911404958,False
ZORA,-31.53985005619835,False
FTT,-23.289674816528922,False
MEW,-19.571733897520662,False
FOGO,-18.90410678677686,False
MEME,-17.641024105785124,False
CELO,-16.89049843636364,False
IO,-16.52033341487604,False
AR,-15.890870221487612,False
kLUNC,-15.239025590082644,False
XAI,-14.288973183471075,False
BSV,-13.279856657851237,False
TRUMP,-10.366855487603303,False
ATOM,-10.073529421487603,False
WCT,-9.389459573553719,False
ACE,-9.325302347107435,False
GMX,-8.684144191735538,False
PROVE,-7.876408482644627,False
NOT,-5.855755933884297,False
USTC,-4.936033398347106,False
SCR,-4.615289980165289,False
ZEC,-4.20834454214876,False
2Z,-3.610523047933883,False
SUPER,-3.5580158975206597,False
STX,-3.517724241322313,False
BIO,-2.661610165289256,False
ZEREBRO,-2.332521580165285,False
TRX,-2.215974485950413,False
APT,-1.839302449586776,False
IMX,-1.6739064099173544,False
SKY,-1.64460963966942,False
FET,-1.562782552066114,False
BCH,-1.4276200958677685,False
SAND,-1.23577030413223,False
MELANIA,-1.193098968595041,False
TURBO,-1.0904440760330574,False
BABY,-0.8695892727272708,False
