coin,fundingRate_avg_5d,isNew
TNSR,-475.0339307599999,False
LAYER,-364.32583426115696,False
ACE,-153.30868687933884,False
AXS,-68.53606447933885,False
0G,-68.47096102809917,False
STABLE,-64.5223743768595,False
VVV,-64.15423284297522,False
CHIP,-60.8684357553719,False
S,-50.786459811570246,False
ME,-48.278307639999994,False
TRUMP,-48.01474223801653,False
RESOLV,-47.28258795371901,False
kNEIRO,-42.59019144,False
kLUNC,-41.04096343140496,False
MINA,-40.73578675041322,False
AIXBT,-37.40359473,False
PROVE,-35.14413323305784,False
AVNT,-34.94989797024793,False
KAITO,-34.37313377851239,False
BABY,-32.17200423471075,False
2Z,-30.456971434710745,False
ANIME,-30.142758198347103,False
XAI,-28.569712889999995,False
GAS,-27.883087239669422,False
USUAL,-25.586651791735534,False
ADA,-25.575925497520657,False
ATOM,-24.263270628099175,False
BIO,-23.723091381818183,False
YGG,-20.725034955371903,False
RSR,-19.511689527272726,False
MEME,-19.188498376859503,False
BLUR,-18.700569996694224,False
STRK,-17.94556299,False
HYPER,-17.362015209917352,False
BIGTIME,-16.058799421487606,False
kSHIB,-15.882041444628097,False
BERA,-14.024757104132231,False
IOTA,-12.09299969,False
ZORA,-10.55648052892562,False
DOT,-9.357144585123965,False
XLM,-9.27290457,False
SUSHI,-8.941571633057853,False
MORPHO,-8.732809973553719,False
INIT,-8.554960254545456,False
SNX,-8.118400948760328,False
UMA,-7.459492589999998,False
ARK,-7.201202885950414,False
INJ,-6.755006856198347,False
ALT,-5.94045457,False
TRX,-5.627401557024793,False
AVAX,-5.626562479338843,False
ARB,-5.549605517355371,False
IO,-5.08019629,False
kFLOKI,-4.93898947,False
FIL,-3.2171128958677686,False
TIA,-3.070964965289256,False
SOL,-2.8004272066115696,False
SUPER,-2.6202890280991733,False
OP,-2.5074529884297516,False
RUNE,-2.3883010611570232,False
RENDER,-2.2035524499999988,False
BOME,-1.8559446999999993,False
ETC,-1.656147349999999,False
SUI,-1.4825662909090904,False
CRV,-1.3307366677685952,False
DOGE,-1.1408915404958677,False
VIRTUAL,-0.9381199834710742,False
STX,-0.6752446909090906,False
MET,-0.565456552066115,False
