coin,fundingRate_avg_5d,isNew
VVV,-84.57719259173552,False
STABLE,-69.28311221157024,False
TRUMP,-64.40844659504131,False
CHIP,-42.56473936859504,False
kNEIRO,-39.03070706,False
0G,-32.97647340495869,False
IO,-28.53575329,False
LAYER,-28.394587259504135,False
BLUR,-26.745205229752067,False
ME,-26.49700053,False
HYPER,-26.17788446280992,False
ADA,-25.727076763636365,False
TRX,-23.83824990743802,False
KAITO,-22.400291563636365,False
MINA,-22.148060033057853,False
BRETT,-19.5334714,False
XAI,-19.25435882,False
GAS,-19.12342750413223,False
MOVE,-18.889934789999995,False
ANIME,-17.66066388099173,False
BABY,-16.801570680991734,False
kSHIB,-16.492312998347106,False
ATOM,-14.481714178512396,False
AVAX,-13.632222228099174,False
EIGEN,-11.792117780000003,False
DOT,-11.03127614876033,False
AXS,-10.302628760330578,False
USUAL,-9.965440433057848,False
kLUNC,-9.917491378512397,False
IP,-9.903963332231402,False
ICP,-8.61875839338843,False
INIT,-7.063563014876032,False
UMA,-5.97183216,False
BCH,-5.5661858082644615,False
AVNT,-5.291672023140495,False
SUSHI,-5.112227404958677,False
POLYX,-4.841636796694213,False
OP,-4.570514796694214,False
REZ,-3.7226517899999987,False
ARK,-3.1157966181818177,False
IOTA,-2.993836579999999,False
XLM,-2.9016623999999998,False
SAGA,-2.5875784399999997,False
ARB,-1.8076122446280989,False
STRK,-1.6063117099999993,False
AIXBT,-1.4083641799999995,False
ZORA,-1.3028668363636347,False
ALT,-0.9564744699999992,False
APT,-0.8355744099173553,False
MON,-0.7287856661157022,False
SEI,-0.3159789917355368,False
