coin,fundingRate_avg_5d,isNew
POLYX,-545.74977536,False
ANIME,-480.12484053000003,False
BLAST,-285.55744997,False
ZETA,-284.28616300000004,False
STABLE,-223.76376976,False
REZ,-138.92302449000002,False
BANANA,-136.76489702,False
ME,-126.36606819000002,False
XAI,-112.73183045000002,False
AXS,-84.61089674,False
NXPC,-72.15743108000001,False
0G,-65.9616539,False
TURBO,-60.35688106999999,False
IP,-59.17564179,False
ZORA,-54.94023654000001,False
STRK,-49.17185611,False
TRUMP,-47.70394072,False
HYPER,-46.33276930999999,False
2Z,-39.478049600000006,False
GAS,-36.46279043999999,False
LAYER,-35.06111744,False
JTO,-30.87640704,False
FTT,-26.07843459,False
MON,-23.3808415,False
ALT,-21.616774599999996,False
YZY,-21.25969729,False
POL,-21.234883860000004,False
MORPHO,-21.09041029,False
EIGEN,-20.341274069999997,False
FET,-20.323142330000003,False
kNEIRO,-19.73844445,False
VVV,-19.72579939,False
MANTA,-18.76538146,False
MERL,-18.643617460000005,False
AERO,-18.205351009999998,False
SOPH,-17.75562794,False
BSV,-17.66853237,False
MEW,-15.51579084,False
SKY,-15.3035229,False
kFLOKI,-14.943018239999999,False
S,-14.673751169999997,False
kLUNC,-14.275529600000002,False
MOVE,-13.53640314,False
INIT,-12.77698049,False
ZRO,-12.391126579999998,False
OP,-11.739699400000001,False
PYTH,-11.26611555,False
GRASS,-10.65471719,False
BLUR,-10.275071930000001,False
APT,-10.243451249999998,False
IMX,-10.047199509999999,False
NEO,-9.930309719999999,False
COMP,-8.69987428,False
kPEPE,-8.61764781,False
TIA,-8.6092842,False
MINA,-8.40146415,False
BABY,-8.10953569,False
AIXBT,-7.40452943,False
SEI,-7.36407283,False
SAND,-7.01832439,False
SOL,-6.640948699999999,False
PNUT,-6.52508967,False
USUAL,-5.889602039999999,False
DOOD,-5.653910590000002,False
W,-5.598619660000001,False
KAITO,-5.246052289999999,False
SPX,-4.6123882,False
YGG,-4.560279339999999,False
BNB,-4.38769274,False
SYRUP,-4.320264829999998,False
BIGTIME,-4.084976339999999,False
ADA,-3.9833895399999997,False
INJ,-3.89969504,False
USTC,-3.7534694699999984,False
IO,-3.0728079800000003,False
MET,-2.9969164499999987,False
XRP,-2.7418967899999998,False
kSHIB,-2.72170718,False
ICP,-2.440214799999999,False
MEME,-2.4301999299999997,False
kBONK,-2.0874291599999992,False
CELO,-0.015535859999998944,False
