coin,fundingRate_avg_5d,isNew
ACE,-268.10273606,False
POLYX,-65.12811362,False
GMT,-49.16806449,False
ZORA,-33.907017370000005,False
GAS,-31.903906130000003,False
ME,-28.132375000000003,False
ZETA,-27.54576525,False
kNEIRO,-26.87875111,False
NEO,-24.717343019999998,False
TURBO,-22.61834044,False
SUPER,-22.35435638,False
YGG,-19.879922829999998,False
ATOM,-19.20933534,False
SOPH,-19.110620359999995,False
AERO,-18.55250908,False
W,-18.496311489999997,False
OP,-13.935813150000003,False
S,-13.20513717,False
SEI,-11.65368423,False
UMA,-11.21240288,False
WCT,-10.946997509999997,False
MERL,-9.724468700000001,False
TRB,-9.71175648,False
HYPER,-9.61793396,False
VIRTUAL,-8.546751669999997,False
MINA,-7.58851425,False
TIA,-7.228313999999999,False
MOVE,-7.01852003,False
kBONK,-6.590854640000001,False
KAS,-6.034196059999999,False
XAI,-3.7988024700000014,False
BSV,-3.419817129999999,False
2Z,-2.8435719199999996,False
REZ,-2.407223179999999,False
IO,-2.35624144,False
kFLOKI,-0.9192780499999976,False
AIXBT,-0.7419303899999998,False
