coin,fundingRate_avg_5d,isNew
STABLE,-127.45985639000001,False
POLYX,-117.87800559999998,False
CHIP,-107.83549049999999,False
MOVE,-79.40835172000003,False
kLUNC,-50.77524344000001,False
LAYER,-38.852503110000015,False
SAGA,-30.17591948,False
BLAST,-26.112043059999998,False
SKY,-25.99461599,False
COMP,-19.251860030000003,False
INJ,-16.56170929,False
BIO,-13.868375019999998,False
W,-13.541664980000002,False
WLD,-11.384810629999999,False
BLUR,-11.367600149999998,False
TRUMP,-11.32815898,False
ICP,-8.81732179,False
NOT,-8.50196544,False
KAITO,-7.974977710000001,False
MERL,-7.04159898,False
APE,-6.46023501,False
EIGEN,-6.172980009999999,False
BSV,-6.0105922399999985,False
BANANA,-6.008233610000004,False
PENGU,-4.56238685,False
0G,-4.299348139999999,False
BABY,-4.184666599999999,False
ATOM,-3.89426311,False
TURBO,-3.2864446699999994,False
BERA,-2.918540729999999,False
GALA,-2.1890225300000004,False
APT,-2.0860334,False
AXS,-1.874201269999999,False
INIT,-1.5950317499999993,False
BCH,-0.46999954999999993,False
