coin,fundingRate_avg_5d,isNew
ACE,-257.13407725999997,False
kBONK,-92.46813202000003,False
POLYX,-50.65321956,False
STABLE,-27.211970559999997,False
SUPER,-26.394287339999998,False
kNEIRO,-26.14331261,False
TURBO,-23.988682569999998,False
GMT,-23.42387792,False
OP,-23.276874170000003,False
W,-23.259131520000004,False
TRB,-22.49685895,False
AERO,-20.86917138,False
NEO,-20.70107647,False
UMA,-19.64617099,False
TRX,-19.07749953,False
ATOM,-17.9349904,False
S,-15.509142000000002,False
WCT,-15.317060750000001,False
HYPER,-15.284774310000001,False
ME,-14.733058560000002,False
XAI,-14.007575800000001,False
ZORA,-13.44041763,False
MET,-13.332231630000006,False
MINA,-12.55821336,False
ZETA,-11.6070365,False
VIRTUAL,-11.26945895,False
MOODENG,-10.387866420000002,False
MEME,-9.68514725,False
YGG,-9.58790322,False
TIA,-9.534134339999998,False
ZK,-9.008029179999998,False
BSV,-8.066056160000002,False
SEI,-8.040636829999999,False
GAS,-8.02264744,False
IO,-7.8058542300000004,False
AIXBT,-7.69318895,False
POPCAT,-6.920467159999999,False
SOPH,-6.40724212,False
PYTH,-3.9836355499999994,False
ALT,-3.965504539999999,False
STRK,-3.839595599999998,False
TRUMP,-3.812023499999999,False
KAS,-3.67609166,False
RENDER,-3.672812499999999,False
BCH,-2.6824156599999998,False
REZ,-2.472894709999999,False
MOVE,-2.2610983499999997,False
AVNT,-2.114656699999999,False
kFLOKI,-1.8240276399999993,False
SPX,-1.1132718999999993,False
BIGTIME,-0.25909305999999943,False
ANIME,-0.10952408999999969,False
