coin,fundingRate_avg_5d,isNew
ALT,-307.5394926247934,False
SUPER,-297.454835831405,False
CHIP,-99.02902865454546,False
GMT,-84.07848361983474,False
BLAST,-77.20278713057851,False
SAGA,-59.29914474049587,False
ME,-51.011863299173555,False
FOGO,-33.824783841322315,False
COMP,-30.16678304132232,False
BCH,-27.551708747107437,False
TON,-27.1433942876033,False
ETC,-25.080411391735534,False
TRUMP,-24.901251292561984,False
MEGA,-24.00618707107438,False
MINA,-22.79958829090909,False
OP,-21.11868401652893,False
STABLE,-20.422190171900827,False
0G,-18.59740325950413,False
TST,-16.77986398016529,False
kSHIB,-16.775128512396694,False
SUSHI,-15.498550363636365,False
VVV,-14.55247253553719,False
BLUR,-14.06828996033058,False
DASH,-12.614658456198349,False
AIXBT,-11.444295669421487,False
JUP,-10.9790832,False
HYPER,-10.903055811570248,False
STX,-10.792255566942147,False
SEI,-10.605018892561985,False
BSV,-10.460014829752065,False
ADA,-10.050954684297519,False
STRK,-9.757930512396694,False
SAND,-9.695311715702479,False
kLUNC,-7.599821256198347,False
PURR,-7.189817057851238,False
POL,-6.729020786776858,False
PROVE,-6.454947897520661,False
kNEIRO,-5.975786757024793,False
CRV,-5.922931378512397,False
MOVE,-5.7829400628099155,False
SNX,-5.766311990082644,False
MOODENG,-5.6888620066115685,False
AXS,-4.784523768595038,False
PENDLE,-3.797256565289256,False
W,-3.76390268429752,False
SPX,-3.5800165289256185,False
KAITO,-3.4534772429752056,False
TURBO,-2.9600901520661145,False
IO,-2.691539682644627,False
NOT,-2.4804902876033057,False
PENGU,-2.3045018876033057,False
ZORA,-2.288869993388427,False
INIT,-2.0636793520661154,False
MON,-1.954842505785122,False
MERL,-1.8729632925619828,False
INJ,-1.8038555801652882,False
BTC,-1.7809434743801653,False
2Z,-1.777682727272727,False
SOL,-1.5039682016528926,False
S,-1.1656287669421472,False
XRP,-0.8154068628099174,False
APT,-0.5281194049586776,False
PNUT,-0.32164113719008247,False
