coin,fundingRate_avg_5d,isNew
BERA,-1239.3081097685952,False
ME,-547.3312331702479,False
RESOLV,-515.5985422900001,False
XAI,-334.8577466479338,False
AVNT,-318.38312490999994,False
MEME,-289.8820663239669,False
IP,-237.82738583801648,False
MOODENG,-161.37057641652893,False
KAITO,-145.00834652231404,False
LAYER,-95.15902427107437,False
BLUR,-89.99829687272731,False
MOVE,-71.60114576528926,False
IO,-64.49222404958678,False
0G,-62.48121611000001,False
FOGO,-59.32854613,False
ANIME,-53.86536307438017,False
ACE,-49.06715922644628,False
WLFI,-48.77279942,False
DYM,-40.33390690909091,False
EIGEN,-38.70245826446281,False
BLAST,-37.57493404958679,False
ZORA,-35.57650693,False
GMT,-35.43216058512396,False
TURBO,-33.35943092231404,False
REZ,-33.115876859504134,False
BSV,-33.00873626776858,False
ZEC,-30.82238922999999,False
kLUNC,-27.38416469752066,False
STABLE,-26.7326,False
SUPER,-25.33776716033058,False
BABY,-23.993095420000003,False
TRUMP,-23.269203203305782,False
MANTA,-22.914766363636367,False
SKY,-21.684893820000003,False
AERO,-21.08379576,False
POLYX,-20.811729996694215,False
WCT,-20.02252103,False
TNSR,-19.378820598347108,False
FET,-17.87101247603306,False
ATOM,-16.521892839669427,False
SAND,-15.711844056198345,False
APT,-15.703765309090908,False
POPCAT,-15.453305325619832,False
kFLOKI,-14.72213925619835,False
STRK,-13.818655299173553,False
ZRO,-13.10749678016529,False
IMX,-12.721086664462808,False
FIL,-12.037044327272726,False
MEW,-11.68219699834711,False
BCH,-11.251799375206613,False
AIXBT,-9.976572872727273,False
ADA,-9.78943827768595,False
kNEIRO,-9.32887150413223,False
BRETT,-9.253570978512396,False
ETC,-8.9314469553719,False
DOOD,-8.50653524,False
NOT,-8.241386280991735,False
PURR,-8.179980852892559,False
GOAT,-8.071223642975207,False
PNUT,-7.9802028991735545,False
kBONK,-7.721062552066115,False
LINEA,-7.521886419999999,False
XLM,-7.275882247933885,False
AVAX,-7.085591157024792,False
RSR,-6.537661844628098,False
SEI,-5.989253990082644,False
JTO,-5.8135899272727265,False
RENDER,-5.583806439669421,False
SPX,-5.392669031404958,False
NIL,-5.228403104132229,False
PENGU,-5.174516796694215,False
2Z,-2.39672578,False
SYRUP,-2.1249621099999993,False
MELANIA,-1.017870733884296,False
SOPH,-0.7902666099999983,False
GMX,-0.5354242314049579,False
VVV,-0.4873419669421474,False
PYTH,-0.2844567471074382,False
SNX,-0.19464647603305688,False
PROVE,-0.012511469999997903,False
