coin,fundingRate_avg_5d,isNew
YZY,-488.85701511999986,False
BERA,-463.31179880999997,False
ARK,-414.77936137999995,False
AXS,-367.55855875,False
RESOLV,-281.92281719999994,False
WCT,-206.88814952,False
0G,-205.67768104,False
PROVE,-189.50614725999998,False
WLFI,-173.36401715,False
ZORA,-148.7064239,False
SKR,-128.57158798999998,False
STABLE,-121.99784527999999,False
SOPH,-111.71393158999999,False
AVNT,-74.48515069,False
INIT,-73.18130279999998,False
HYPER,-72.43259655,False
ANIME,-66.73764755,False
OM,-63.876932309999994,False
2Z,-61.70147828999999,False
LINEA,-57.05085560999999,False
BSV,-51.51649566000001,False
DYM,-50.73404954,False
MINA,-49.70200255,False
FOGO,-47.25577473999999,False
JTO,-44.53877679,False
FET,-42.637424630000005,False
AERO,-40.74735389,False
SOL,-38.29356036,False
GAS,-36.66962572,False
ICP,-35.49221894,False
ZETA,-34.35568997000001,False
XAI,-30.66698245,False
MANTA,-29.794096630000006,False
POLYX,-28.6883941,False
kLUNC,-28.381450269999995,False
IP,-28.0285982,False
PYTH,-25.79505443,False
RSR,-25.43820999,False
LAYER,-24.755489899999997,False
USTC,-22.832450169999998,False
NXPC,-22.26571467,False
JUP,-21.7375969,False
W,-21.267849199999997,False
APT,-21.04420713,False
MEME,-20.25454423,False
kFLOKI,-20.1311735,False
STRK,-19.692777839999998,False
XRP,-19.63709636,False
NEO,-19.551608249999997,False
AR,-18.532020170000003,False
SUSHI,-17.98015258,False
ZEN,-17.44084975,False
DASH,-17.061254130000002,False
BABY,-16.14386605,False
VVV,-15.909525099999998,False
kSHIB,-15.404964430000001,False
ENS,-14.1889078,False
KAS,-14.04102805,False
YGG,-11.763276209999999,False
FIL,-11.373875230000001,False
SEI,-9.49483114,False
DOT,-8.17717019,False
KAITO,-8.03874175,False
CFX,-7.637480460000001,False
SNX,-7.581141249999999,False
IMX,-7.10666096,False
ETC,-6.696415559999999,False
TAO,-6.514987929999999,False
SUI,-5.83812244,False
MON,-5.7971344,False
TON,-5.433308970000001,False
BTC,-5.42387372,False
BIGTIME,-5.4066990100000005,False
ACE,-5.344915459999999,False
STX,-4.92989148,False
COMP,-4.44182516,False
DOGE,-4.17375091,False
TRX,-3.7789917300000004,False
BNB,-3.1009086,False
BLUR,-2.9799578199999996,False
ONDO,-2.7570172799999995,False
GMX,-2.5111773699999995,False
ARB,-1.4971745200000004,False
ADA,-1.2463144,False
ALT,-0.9578103699999994,False
GALA,-0.7331857199999992,False
INJ,-0.66541471,False
LTC,-0.5525990500000001,False
