coin,fundingRate_avg_5d,isNew
AVNT,-247.59002952000006,False
POLYX,-141.6028509123967,False
IP,-134.97622656198345,False
BLAST,-121.98222607933882,False
kLUNC,-91.349154753719,False
KAITO,-91.01250399000001,False
0G,-76.78590264,False
ANIME,-70.10793498842975,False
ZK,-63.11406392727271,False
REZ,-47.32764548429752,False
SOPH,-45.92572058,False
RESOLV,-31.682169359999985,False
VVV,-31.27337085619835,False
ZETA,-30.712439821487603,False
USTC,-30.313352320661153,False
GAS,-25.956851563636363,False
MINA,-20.988996922314048,False
XAI,-20.330787897520665,False
TNSR,-19.209575950413225,False
BERA,-15.747169299173555,False
SUPER,-15.54246981818182,False
ACE,-15.489348743801655,False
ATOM,-11.03412930247934,False
MEME,-10.94175618842975,False
LAYER,-10.850454545454546,False
DOOD,-10.354071069999996,False
UMA,-9.430108869421487,False
WCT,-8.82297345,False
PROVE,-8.472577829999999,False
MELANIA,-8.339683616528925,False
HYPER,-6.844504089999999,False
ZORA,-5.5151938000000005,False
BSV,-5.464376509090908,False
CELO,-5.25583493553719,False
SCR,-4.958526327272726,False
ZRO,-3.459867699173554,False
MANTA,-2.837479834710743,False
NXPC,-2.6783386099999995,False
FTT,-2.4474462644628074,False
MERL,-2.1083046743801646,False
TRUMP,-1.438441953719008,False
ZEC,-1.3044056099999977,False
DOT,-0.5927783404958678,False
