coin,fundingRate_avg_5d,isNew
MOVE,-344.35698919000004,False
STABLE,-342.32864768999997,False
ME,-76.00034672,False
ZEC,-74.43175703,False
AVNT,-62.732195950000005,False
IO,-52.62080243,False
kNEIRO,-46.497864650000004,False
MERL,-46.046315850000006,False
SNX,-45.765603840000004,False
ZK,-41.90164449,False
TRX,-41.63242195,False
UMA,-41.50458362,False
kLUNC,-35.89695722,False
PROVE,-35.29792433,False
SEI,-33.5937897,False
HMSTR,-30.29624465,False
W,-28.718170800000003,False
SAGA,-27.344921810000002,False
ALT,-24.1081624,False
JUP,-22.686691800000002,False
POPCAT,-22.311572540000004,False
JTO,-21.513815400000006,False
BSV,-21.428387150000002,False
AERO,-20.77947847,False
WLD,-19.566692240000002,False
STRK,-18.755915550000005,False
GMT,-17.08571205000001,False
CHIP,-16.80293195,False
MOODENG,-15.714312149999996,False
SOL,-14.457003219999999,False
ADA,-14.13439067,False
0G,-12.81011008,False
AVAX,-12.69288595,False
2Z,-12.258673920000001,False
ICP,-11.98937838,False
ETC,-11.904353819999999,False
APT,-11.8543167,False
OP,-11.7140691,False
POL,-11.652849839999998,False
TURBO,-11.64676602,False
INJ,-10.93978073,False
ATOM,-9.883816019999998,False
PYTH,-9.181634859999999,False
STX,-8.54222786,False
kSHIB,-7.849452749999999,False
MINA,-7.7629689200000005,False
COMP,-7.531336270000001,False
MON,-7.429890360000003,False
SUSHI,-6.98050309,False
PNUT,-6.78293954,False
XLM,-6.38503114,False
FIL,-6.2222323799999995,False
WIF,-6.21343223,False
TON,-5.92504208,False
ZEN,-4.964632179999999,False
XAI,-4.80924876,False
CAKE,-4.638252099999999,False
XRP,-1.9954783600000001,False
ARB,-1.41825203,False
ALGO,-1.3466784499999997,False
MEGA,-1.101219599999999,False
SAND,-0.9749157299999998,False
TAO,-0.88646017,False
kBONK,-0.8295354999999989,False
EIGEN,-0.43395214999999926,False
ETH,-0.054671159999999726,False
