coin,fundingRate_avg_5d,isNew
YZY,-597.4663778900001,False
ZETA,-297.41822133,False
BLUR,-243.45932306,False
FTT,-191.51306617999998,False
BIO,-130.39686393000002,False
COMP,-128.54195436999998,False
BLAST,-127.50956354999998,False
SAGA,-116.15752189000004,False
MOVE,-99.35807788,False
FET,-89.80153984,False
ALT,-82.61216915,False
STABLE,-82.23690900000001,False
ACE,-62.92178789999999,False
kLUNC,-37.14830862,False
TURBO,-35.09384333999999,False
XAI,-35.06763707,False
0G,-33.63390685,False
WLD,-33.55054304,False
BERA,-30.893915359999998,False
IP,-30.62398983,False
KAITO,-28.5444235,False
W,-22.764298829999998,False
TRUMP,-22.17435079,False
DOT,-21.72421965,False
JTO,-20.3754169,False
OP,-19.13710111,False
BANANA,-18.439824820000002,False
AERO,-17.35174522,False
S,-17.133919789999997,False
PROVE,-16.94670472,False
AXS,-16.844416390000003,False
MEME,-16.417402889999998,False
EIGEN,-16.38595084,False
UMA,-15.948924660000001,False
TIA,-15.451302640000003,False
USUAL,-15.298773519999997,False
ETH,-14.07043902,False
SAND,-13.806150549999996,False
AVNT,-13.799741149999997,False
SUPER,-13.259363759999996,False
RESOLV,-13.059263460000006,False
IO,-12.650670049999999,False
kNEIRO,-12.28373774,False
APE,-11.580818550000002,False
ANIME,-11.487955979999999,False
INIT,-10.748346989999998,False
DYM,-10.645240329999998,False
GAS,-8.66259683,False
WCT,-8.582685190000001,False
REZ,-8.26269991,False
BOME,-8.020359619999997,False
HYPER,-7.605421050000001,False
ARB,-6.2717877,False
STRK,-5.83745595,False
MEW,-5.653522230000001,False
BTC,-5.46251773,False
PNUT,-4.639964679999999,False
TAO,-4.411792229999999,False
2Z,-3.6021353599999997,False
ARK,-2.8260519199999994,False
SEI,-2.63448532,False
DASH,-2.3992384399999978,False
INJ,-2.39875518,False
PYTH,-2.262956199999999,False
SUI,-1.94219566,False
APT,-0.9185860100000001,False
SOL,-0.8155997999999999,False
BIGTIME,-0.6519053299999986,False
YGG,-0.2213900199999992,False
