coin,fundingRate_avg_5d,isNew
BLUR,-478.280367381818,False
VINE,-73.55549959338845,False
STABLE,-51.36912288595041,False
IOTA,-50.461653490909086,False
BANANA,-43.663942720661176,False
kNEIRO,-36.08362079008264,False
0G,-31.18171736528925,False
SNX,-28.77104862148761,False
SAND,-22.65205841,False
ATOM,-17.853224608264462,False
ANIME,-16.759191828099173,False
UMA,-14.798655322314051,False
ALT,-13.25516553,False
INJ,-11.683862430000001,False
W,-11.287681348760335,False
STX,-11.126736257851238,False
KAS,-10.795157226446284,False
ME,-8.647746753719009,False
POLYX,-8.067015223140496,False
HYPER,-7.277377963636362,False
OP,-7.268845289256198,False
MINA,-7.067937223140495,False
ZETA,-7.00488404628099,False
ZORA,-6.9043757157024785,False
AIXBT,-6.8331373685950405,False
TRUMP,-6.141019904132231,False
XAI,-5.261737438016528,False
BIO,-4.643461705785122,False
CHIP,-4.078227411570247,False
TRX,-2.924103927272727,False
CELO,-2.741711315702479,False
FIL,-1.6648814380165282,False
PROVE,-0.4797113553718998,False
