coin,fundingRate_avg_5d,isNew
STABLE,-80.82503279000001,False
MOVE,-44.959759029999994,False
XAI,-36.821487620000006,False
SUPER,-35.977240429999995,False
POLYX,-35.006728790000004,False
MINA,-30.667042310000003,False
ZETA,-30.618441100000002,False
kNEIRO,-30.458195150000005,False
TRX,-27.83143323,False
IO,-19.563538640000004,False
ATOM,-18.446784639999997,False
ALT,-15.26278379,False
BLUR,-13.462478959999997,False
ME,-13.18288458,False
BIGTIME,-13.083906070000003,False
MEME,-12.528506740000001,False
STRK,-12.333561699999999,False
RENDER,-11.783457059999998,False
OP,-11.23772731,False
WCT,-11.049408479999999,False
BSV,-10.04322539,False
KAS,-9.696230839999998,False
BCH,-9.3828871,False
PENGU,-8.64793259,False
CELO,-8.600142410000002,False
PROVE,-8.029953279999999,False
SNX,-7.98679057,False
LIT,-7.56792606,False
SAND,-6.826973139999998,False
ANIME,-6.713972789999998,False
S,-6.65350762,False
SEI,-6.347872679999999,False
MOODENG,-6.171888659999999,False
POPCAT,-5.83304967,False
MORPHO,-5.62410761,False
STX,-5.479953049999998,False
VIRTUAL,-5.327141419999999,False
MET,-4.463261609999996,False
CRV,-3.3452782899999987,False
AVNT,-3.0531775499999996,False
BIO,-2.8105992799999995,False
SUSHI,-2.5646622799999994,False
ICP,-2.3642524599999994,False
SPX,-2.338874009999999,False
SOPH,-2.296185799999999,False
YGG,-1.9723614499999989,False
NOT,-1.583675869999998,False
ADA,-0.2263116799999999,False
