coin,fundingRate_avg_5d,isNew
SOPH,-244.19387293884301,False
MOVE,-101.07695231404959,False
STABLE,-81.26199303471074,False
TRUMP,-66.75476408925618,False
TRX,-56.082907844628096,False
LAYER,-49.3099299570248,False
ME,-47.4004439801653,False
CHIP,-40.068438366942146,False
UMA,-37.31317873388429,False
ZEC,-35.52664478677684,False
EIGEN,-31.89458517024793,False
kNEIRO,-30.913735209917363,False
HMSTR,-30.71548120661157,False
kLUNC,-30.350278254545458,False
ZORA,-29.856401761983477,False
IO,-28.305043408264464,False
ALT,-27.409890862809913,False
XLM,-25.919438399999997,False
TON,-23.397653038016532,False
0G,-22.30953217190083,False
BRETT,-20.41724764958678,False
POL,-19.001730833057852,False
SNX,-18.445195725619833,False
SEI,-15.874667117355374,False
MOODENG,-15.4317636892562,False
MINA,-15.29143572892562,False
IP,-14.935211414876033,False
JUP,-14.501291692561983,False
AIXBT,-14.095928122314051,False
WLD,-13.80446192727273,False
AVNT,-13.190828995041322,False
ZK,-11.244383057851241,False
MERL,-10.627228026446284,False
W,-10.098728538842975,False
AVAX,-9.900740955371901,False
ETC,-9.084082353719008,False
GAS,-8.715652680991735,False
STRK,-8.504729980165289,False
SKR,-8.200746396694212,False
HYPER,-8.088074697520659,False
FIL,-6.966298780165289,False
SAND,-6.915638469421486,False
OP,-6.382693824793387,False
APT,-5.4028661057851215,False
VIRTUAL,-5.353462601652891,False
S,-5.176162373553717,False
2Z,-4.117386059504131,False
SAGA,-3.9302080264462798,False
XRP,-3.336593504132231,False
TIA,-3.1818071999999997,False
MORPHO,-3.1367207107438,False
XAI,-2.765686928925619,False
PNUT,-2.5304802049586756,False
ZEN,-2.143102869421487,False
ADA,-2.045345613223141,False
IOTA,-2.009461467768594,False
KAS,-1.4347330710743786,False
APE,-1.348573765289256,False
NOT,-1.1114999305785118,False
SUSHI,-0.9514786214876032,False
SOL,-0.598653332231405,False
ALGO,-0.5222132826446277,False
JTO,-0.015115705785123444,False
