coin,fundingRate_avg_5d,isNew
OM,-1008.0573525899999,False
AXS,-806.6186545300001,False
BERA,-720.77628721,False
MOVE,-543.58255574,False
0G,-527.7396657700001,False
YZY,-328.82784227,False
MOODENG,-321.43803767,False
VVV,-290.16018391999995,False
INIT,-278.77315044,False
COMP,-263.00376636,False
TNSR,-259.16857776999996,False
DYM,-174.48818867999998,False
ACE,-168.1851307,False
RESOLV,-167.16479656,False
LINEA,-131.60341158000003,False
ZORA,-123.10965134000001,False
AVNT,-121.91857896,False
SOPH,-121.91151328999999,False
BLAST,-119.96460913,False
ARK,-85.35068531,False
NIL,-80.92692838000004,False
WCT,-65.95324357,False
NXPC,-62.896987610000004,False
REZ,-53.81058928,False
MANTA,-48.38996406,False
CELO,-44.31261987,False
2Z,-42.84663898,False
JTO,-38.96300613,False
MINA,-38.5363058,False
SKR,-36.13603879,False
TRUMP,-33.56518976,False
PYTH,-29.235653929999998,False
AERO,-28.11741146,False
APT,-26.18855363,False
BSV,-26.00069397,False
BIGTIME,-20.252070990000004,False
SEI,-19.75900709,False
LAYER,-19.69066668,False
ZETA,-18.799160750000002,False
kLUNC,-17.74877032,False
MERL,-17.10452561,False
DASH,-16.09850896,False
MEME,-15.180682879999999,False
YGG,-14.143226590000003,False
IO,-14.08885692,False
AIXBT,-14.03121758,False
ENS,-13.800597440000004,False
KAS,-13.534135759999996,False
KAITO,-13.40961893,False
XAI,-13.385123779999999,False
XRP,-13.242601500000001,False
XLM,-13.20705634,False
NEO,-12.96176904,False
ZK,-12.7681234,False
SOL,-12.359861409999999,False
POLYX,-11.65657941,False
TIA,-10.462454169999999,False
BLUR,-8.94381254,False
GAS,-8.668676269999999,False
W,-7.947637750000001,False
IOTA,-6.79308362,False
FOGO,-6.469403079999998,False
kFLOKI,-6.114802659999999,False
GOAT,-6.020592509999999,False
JUP,-5.96462268,False
PNUT,-5.20499198,False
kSHIB,-5.1067442000000005,False
ETC,-4.556761469999999,False
DOT,-4.415773649999999,False
SUSHI,-4.059727829999999,False
kNEIRO,-4.011326639999998,False
RSR,-3.7423355099999993,False
OP,-3.741980729999999,False
UNI,-3.4089065499999984,False
EIGEN,-2.700159769999999,False
SPX,-2.585713289999999,False
STX,-2.284780279999999,False
RENDER,-2.0878343099999985,False
CAKE,-1.8074361999999997,False
PROVE,-1.3817023899999985,False
STRK,-1.327415939999999,False
SUI,-0.9923926599999999,False
USUAL,-0.9378098299999996,False
DOOD,-0.9281190799999981,False
ZEN,-0.7689593700000001,False
FET,-0.6148286299999994,False
PENGU,-0.43602680999999976,False
SAGA,-0.2194160999999991,False
BNB,-0.14018920000000026,False
