coin,fundingRate_avg_5d,isNew
BERA,-1181.3238120694216,False
ME,-525.1618646181818,False
RESOLV,-401.06065242000005,False
XAI,-377.3245405289255,False
AVNT,-377.08850653999997,False
IP,-311.6452626347108,False
KAITO,-238.21620965950413,False
MEME,-235.73340195371895,False
MOODENG,-145.65334315041326,False
LAYER,-112.75435809917354,False
MOVE,-109.43116087933883,False
BLUR,-106.85380309090911,False
IO,-70.27026647603304,False
FOGO,-63.792742870000005,False
0G,-59.534409780000004,False
ANIME,-56.83643797685951,False
ACE,-48.596758809917354,False
BLAST,-47.931813272727275,False
WLFI,-45.67234707,False
GMT,-40.38563869090909,False
ZEC,-37.1570292,False
EIGEN,-36.86369082644629,False
TURBO,-34.81594381487603,False
DYM,-33.46981705785124,False
ZORA,-32.8988516,False
BSV,-30.605974690909086,False
kLUNC,-27.35169333223141,False
STABLE,-25.65036259,False
TRUMP,-24.72154604628099,False
BABY,-24.281727200000002,False
REZ,-21.35997423471074,False
POLYX,-21.152944304132234,False
WCT,-19.94619953,False
SUPER,-19.328453494214877,False
AERO,-19.21979697,False
SKY,-18.78221964,False
ATOM,-18.122924737190086,False
MEW,-16.327365818181818,False
kFLOKI,-16.11440949421488,False
IMX,-15.6112560892562,False
APT,-15.288828,False
TNSR,-14.264731874380166,False
FET,-14.129919094214875,False
FIL,-13.768050009917353,False
ZRO,-13.224130750413225,False
SAND,-12.7991208892562,False
POPCAT,-11.751288783471072,False
LINEA,-11.08057291,False
ADA,-11.01969629752066,False
STRK,-10.50190210909091,False
BCH,-9.878014909090908,False
kNEIRO,-9.32887150413223,False
BRETT,-8.948219821487603,False
XLM,-8.713435894214877,False
AIXBT,-8.46339725950413,False
PURR,-8.071753586776858,False
ETC,-7.785471719008264,False
NOT,-6.860765395041323,False
PNUT,-6.846210763636364,False
JTO,-6.834487566942148,False
DOOD,-6.63446338,False
kBONK,-6.397031990082644,False
RSR,-5.9903942380165285,False
AVAX,-5.974807229752066,False
RENDER,-5.83185199338843,False
GOAT,-5.232308905785122,False
PENGU,-4.456432085950413,False
2Z,-3.82935881,False
MELANIA,-3.7562974115702468,False
SYRUP,-2.2667799399999993,False
NEO,-2.2171299371900823,False
USUAL,-2.1254308363636345,False
SEI,-2.0574814710743796,False
VVV,-1.644027570247933,False
SPX,-1.378089173553718,False
SNX,-1.345270304132231,False
GMX,-1.1022860033057849,False
MANTA,-0.8576380264462805,False
PYTH,-0.353986532231405,False
BIGTIME,-0.23514084297520566,False
ENS,-0.013072671074380149,False
