coin,fundingRate_avg_5d,isNew
PROVE,-436.9095697999999,False
SUPER,-255.06842838000003,False
ALT,-254.98485871,False
GMT,-186.85424925,False
CHIP,-175.69278358,False
ME,-76.37027203000001,False
BLAST,-62.64058533,False
FOGO,-61.79732218000002,False
STABLE,-57.374625210000005,False
TST,-32.080513569999994,False
COMP,-25.33058244,False
OP,-21.24277078,False
POL,-18.601166499999998,False
MERL,-18.04798929,False
SAGA,-15.677445689999999,False
TRUMP,-14.066827710000002,False
MINA,-12.84759485,False
BLUR,-11.050884539999998,False
BCH,-10.887941969999998,False
LAYER,-10.724351890000007,False
SNX,-9.69792882,False
JTO,-9.4230736,False
BSV,-7.9458842899999995,False
ZORA,-6.183694219999997,False
CAKE,-5.820033039999998,False
ICP,-5.629457049999998,False
STRK,-5.18642005,False
kLUNC,-4.963855459999999,False
STX,-3.88388689,False
TON,-3.730359130000001,False
SUSHI,-3.5081186599999996,False
kFLOKI,-3.2969778400000003,False
kSHIB,-3.109875919999999,False
DASH,-2.7029184399999986,False
SUI,-1.8622175899999998,False
ETC,-1.7454562799999995,False
YGG,-1.4353960799999994,False
AXS,-1.387666489999998,False
UNI,-0.5839861299999985,False
ADA,-0.38793805999999986,False
