coin,fundingRate_avg_5d,isNew
POLYX,-661.6694861454545,False
REZ,-532.5465228991735,False
SUPER,-511.2944523173554,False
ZETA,-227.1107616495868,False
BERA,-187.70522940495866,False
GAS,-161.8703532396694,False
FTT,-157.70125277355376,False
ALT,-142.27169573553718,False
2Z,-109.35810392727271,False
JTO,-91.93611963966941,False
BLAST,-89.86525491570248,False
ME,-89.56334984132232,False
SOPH,-81.50366043966942,False
NIL,-76.50841812892563,False
TURBO,-71.4319394876033,False
BSV,-49.6338783768595,False
STABLE,-48.65721511735537,False
MOODENG,-47.91291049586776,False
AVNT,-47.8751194214876,False
AXS,-43.86317480330579,False
APT,-38.60043973884298,False
MOVE,-36.504732813223136,False
TRUMP,-34.90664746115703,False
XAI,-34.35139449917355,False
CELO,-32.21420861157025,False
0G,-32.17891449917355,False
LAYER,-31.106465345454545,False
EIGEN,-30.744232105785127,False
STRK,-29.416253028099174,False
BLUR,-28.720337633057852,False
ZORA,-25.683045094214872,False
AERO,-21.323060608264466,False
AIXBT,-21.28126599669422,False
PROVE,-21.015106790082644,False
IMX,-20.861608423140495,False
BANANA,-20.729373689256203,False
IO,-20.577019190082652,False
DYM,-20.131656446280996,False
MEW,-19.974034363636367,False
KAS,-18.654728409917357,False
ANIME,-18.422205431404958,False
kNEIRO,-17.940684882644632,False
kLUNC,-17.656442429752072,False
FET,-16.68973371570248,False
HYPER,-16.625517847933885,False
OP,-16.6237506446281,False
SEI,-16.185963490909092,False
S,-15.413987404958675,False
W,-13.713520819834711,False
MERL,-11.427037021487601,False
kFLOKI,-9.935341507438018,False
DOT,-9.720676621487604,False
ZEC,-9.03141520661157,False
ACE,-8.909947309090908,False
POL,-8.900459722314048,False
kBONK,-8.576449765289256,False
ENA,-6.783660019834708,False
HEMI,-6.634464912396689,False
MEME,-6.454205831404956,False
TIA,-6.0510431206611575,False
PENGU,-5.3121827305785105,False
INIT,-5.028842340495867,False
BABY,-4.538824591735536,False
kSHIB,-3.824505233057851,False
VVV,-3.747008915702479,False
DOOD,-2.5440256264462797,False
ALGO,-2.540288509090909,False
STX,-2.5299770479338832,False
BTC,-2.2099880033057846,False
MINA,-2.209556519008264,False
SNX,-2.1536901619834707,False
VIRTUAL,-2.048508624793388,False
SOL,-1.8141424264462804,False
XRP,-1.6738441487603304,False
ARK,-1.1414641983471068,False
DASH,-0.5999347537190075,False
BRETT,-0.19670326611570227,False
HBAR,-0.020150895867768664,False
