coin,fundingRate_avg_5d,isNew
ALT,-180.07937067768594,False
ZORA,-179.31378939173553,False
IO,-119.11523735206609,False
CHIP,-46.34031167603305,False
ME,-44.21195456528925,False
TRUMP,-40.74950881983471,False
0G,-40.74056927603306,False
COMP,-34.04826447272727,False
JUP,-31.71947204628099,False
BCH,-29.4714844661157,False
TRX,-27.06271323966942,False
kLUNC,-25.67792447603306,False
2Z,-22.99441865454546,False
MOVE,-19.704054783471072,False
STRK,-18.62026613553719,False
STABLE,-18.043250003305786,False
POLYX,-17.784842310743798,False
S,-17.67015725950413,False
OP,-17.550437742148763,False
ETC,-17.12915269090909,False
HEMI,-16.568501107438017,False
MON,-14.997652115702481,False
STX,-14.64674678677686,False
HYPER,-14.49410342479339,False
XLM,-13.93379789752066,False
APT,-13.266142552066114,False
BABY,-12.229885229752066,False
ADA,-12.12200401983471,False
kNEIRO,-11.996249514049588,False
MINA,-11.670360138842975,False
BSV,-11.581850836363637,False
INJ,-10.302968300826446,False
SUSHI,-9.79387474710744,False
DASH,-8.83087925950413,False
SNX,-8.652988998347107,False
AXS,-7.793423047933884,False
SEI,-6.505892003305784,False
CRV,-6.235329629752065,False
TON,-6.071569031404955,False
JTO,-5.85213827107438,False
AIXBT,-5.279608561983469,False
SAND,-5.081306052892562,False
GMT,-5.0522720826446275,False
PENGU,-5.008230277685951,False
MEGA,-4.968936247933882,False
ATOM,-4.854924859999999,False
ONDO,-4.404651074380165,False
ZETA,-4.349415292561982,False
INIT,-3.896387910743801,False
VIRTUAL,-3.6727776892561974,False
TURBO,-3.646715603305783,False
PROVE,-3.504550938842973,False
PENDLE,-3.3672723272727265,False
MERL,-2.8374306049586764,False
XRP,-2.574978833057852,False
ZK,-1.961975028099173,False
DOT,-1.5010535107438017,False
BLUR,-1.4623321388429749,False
KAITO,-1.3069246710743798,False
NOT,-0.9138004859504124,False
LAYER,-0.9112369190082631,False
SAGA,-0.38306756033057754,False
MEME,-0.31401124958677473,False
kBONK,-0.1649370446280986,False
