coin,fundingRate_avg_5d,isNew
ME,-286.7399689399999,False
CELO,-108.16140703,False
STABLE,-97.63596481,False
MANTA,-87.32656025000001,False
TRX,-27.806709589999997,False
kNEIRO,-25.440586139999997,False
ZETA,-25.29772806,False
PYTH,-25.21250713,False
TNSR,-24.56311592000001,False
HMSTR,-24.230635229999997,False
MINA,-18.23395679,False
IOTA,-16.94661493,False
ATOM,-15.69466858,False
0G,-14.285305759999996,False
TRUMP,-11.990149259999999,False
DYDX,-11.48140642,False
HYPER,-10.646758730000002,False
GAS,-9.631871850000003,False
PROVE,-7.7910439899999995,False
BLUR,-6.6818075299999995,False
TIA,-5.632381429999999,False
ALT,-5.60949374,False
INJ,-4.763366799999999,False
POPCAT,-2.7663123699999987,False
OP,-1.8179445499999987,False
kSHIB,-0.27342149999999926,False
