coin,fundingRate_avg_5d,isNew
BLUR,-424.9757999603306,False
TNSR,-208.34910187438012,False
BLAST,-194.70212954380168,False
0G,-143.44659996694216,False
TRUMP,-133.77066739834711,False
AXS,-90.80223682314049,False
POL,-80.65166283966943,False
REZ,-79.45641151735539,False
ALT,-71.7172592033058,False
MINA,-70.68149779834711,False
DYM,-67.66183819834711,False
SUPER,-63.82679635041323,False
STABLE,-54.19942965619835,False
COMP,-52.924637533884294,False
BERA,-50.26835214545456,False
JTO,-45.52793533884297,False
TURBO,-44.517832046281,False
APT,-43.67032593719008,False
W,-41.46252431404958,False
GAS,-41.239967464462815,False
IMX,-41.21566317024793,False
YZY,-39.94193238347106,False
EIGEN,-39.07252410247934,False
WLFI,-36.33152010247933,False
DASH,-35.983941401652885,False
NEO,-32.06899459834712,False
FET,-29.11313748099173,False
MOVE,-27.11569096859504,False
SOPH,-26.467458208264464,False
STRK,-24.218252191735537,False
2Z,-23.158226310743803,False
BSV,-22.099835147107438,False
HYPER,-21.578702747107435,False
SEI,-20.927836919008268,False
STX,-20.534360161983468,False
DOT,-20.331605256198348,False
OP,-20.05371633719008,False
ICP,-16.438845143801654,False
SAND,-16.19981153057851,False
ZEC,-16.005671107438022,False
ARK,-14.752435824793391,False
GMT,-14.369368988429754,False
XAI,-14.240139441322315,False
ZETA,-14.032134327272727,False
IOTA,-13.781588915702477,False
POLYX,-13.427434423140499,False
kNEIRO,-13.245345153719008,False
BABY,-12.895031305785125,False
AIXBT,-12.751350654545455,False
RESOLV,-12.069897223140494,False
HBAR,-12.023148505785125,False
kLUNC,-11.257540433057851,False
IP,-10.76886274710744,False
S,-10.319526872727272,False
PROVE,-9.768494638016529,False
IO,-9.269368661157026,False
BANANA,-9.033451725619834,False
TIA,-9.013122009917357,False
APE,-8.694109596694213,False
KAITO,-8.550271120661156,False
ARB,-8.214807282644626,False
ANIME,-8.019743077685948,False
USTC,-7.314641266115703,False
MERL,-6.904367028099171,False
JUP,-6.345366089256198,False
INJ,-5.974339547107437,False
ADA,-5.904819173553719,False
AVNT,-5.745597123966941,False
kSHIB,-3.8448704231404958,False
KAS,-3.5151280958677673,False
PENGU,-3.080737795041322,False
SUSHI,-1.175389289256198,False
USUAL,-1.0055748793388413,False
kFLOKI,-0.7257725157024786,False
XRP,-0.3484344297520662,False
