coin,fundingRate_avg_5d,isNew
SOPH,-244.20041253223138,False
TRUMP,-76.8493225785124,False
TRX,-53.48087581487602,False
MOVE,-53.133922621487606,False
EIGEN,-39.67963409256198,False
CHIP,-37.75022888925619,False
ME,-34.096382935537186,False
STABLE,-33.98638050247935,False
UMA,-32.47192781157025,False
BRETT,-31.00630813884297,False
LAYER,-29.980134952066116,False
XLM,-25.424148,False
kNEIRO,-23.998948125619837,False
ZORA,-21.743640515702477,False
ALT,-21.740308819834713,False
IO,-20.20854825123967,False
MOODENG,-19.13913686280992,False
GAS,-17.298156981818185,False
IP,-15.742354195041324,False
HMSTR,-14.560698971900834,False
MINA,-13.542040561983471,False
ZEC,-13.41369063471075,False
kLUNC,-12.320960271074378,False
0G,-11.378120023140495,False
POL,-11.321021474380165,False
AIXBT,-11.250902380165288,False
AVAX,-9.927453887603306,False
STRK,-8.40841703801653,False
SKR,-8.194229970247934,False
ETC,-7.6973634942148745,False
SEI,-6.752740115702478,False
JUP,-6.418100876033056,False
NOT,-5.525517689256198,False
FIL,-5.248447576859504,False
SNX,-4.896934115702479,False
IOTA,-4.87573491570248,False
2Z,-4.851401662809917,False
W,-4.584318674380164,False
SAND,-4.164660376859503,False
WLD,-3.8295215999999996,False
ZK,-3.3844781256198337,False
APE,-3.2195461487603305,False
HYPER,-3.034600829752067,False
TIA,-2.988893176859503,False
ZEN,-2.6696259272727265,False
OP,-2.4151023173553705,False
XAI,-1.546013305785123,False
RENDER,-1.5371005487603302,False
KAS,-1.3300952330578495,False
ORDI,-1.2032627404958678,False
XRP,-1.198794416528926,False
