coin,fundingRate_avg_5d,isNew
HYPER,-351.04594488000004,False
YZY,-262.48755489,False
STABLE,-237.02308825999995,False
SKR,-171.73986789000003,False
BLAST,-151.34541186,False
CHIP,-142.28214504000002,True
AXS,-86.9011418,False
APE,-83.50973846000001,False
BIO,-64.09594326,False
0G,-59.09732300999999,False
TRUMP,-56.3074623,False
kNEIRO,-38.33355487000001,False
COMP,-33.567876160000004,False
2Z,-30.718794199999998,False
REZ,-30.230770219999997,False
AZTEC,-29.508696560000004,False
MORPHO,-27.94430802,False
TRX,-26.37241581,False
ALT,-21.862715249999997,False
BANANA,-21.32393583,False
kLUNC,-19.88862078,False
INJ,-19.801268250000003,False
MINA,-18.95105331,False
BLUR,-17.06219802,False
BABY,-14.977024560000002,False
STRK,-14.921942410000003,False
AVNT,-14.485407519999997,False
EIGEN,-13.650817499999999,False
CAKE,-13.52572178,False
POL,-12.871022739999999,False
JUP,-10.79119434,False
BERA,-10.752192629999998,False
DYM,-9.96700828,False
WLD,-9.80588706,False
PROVE,-9.73319731,False
JTO,-9.731910319999999,False
S,-9.47487732,False
MOVE,-9.050552409999998,False
PNUT,-8.868407189999997,False
WLFI,-8.513756399999998,False
XAI,-8.337667989999998,False
USTC,-8.336444510000002,False
MON,-6.57742994,False
TIA,-6.50736965,False
KAITO,-6.426486379999999,False
NOT,-6.389769569999999,False
AERO,-5.449332469999998,False
SUI,-5.33305734,False
ZK,-5.289986609999999,False
UMA,-4.694628539999998,False
W,-4.555201460000001,False
DOT,-4.5475868299999975,False
IMX,-3.6771435899999996,False
TST,-3.1484965699999985,False
ACE,-2.5176167,False
SOL,-1.93579283,False
SNX,-1.6769209599999992,False
USUAL,-1.3585964299999984,False
TAO,-0.8813983499999998,False
INIT,-0.8778213499999986,False
ICP,-0.5808522399999999,False
