coin,fundingRate_avg_5d,isNew
LAYER,-307.53956256,False
STABLE,-123.78474365999996,False
MOVE,-82.64503594,False
kLUNC,-61.69556309999999,False
CHIP,-53.51681172999999,False
BANANA,-50.14908521000001,False
BLAST,-49.37257472,False
ACE,-48.778888349999974,False
SKY,-19.42203836,False
KAITO,-14.075873139999999,False
W,-13.78663108,False
INJ,-11.646807629999998,False
EIGEN,-10.294488470000001,False
JTO,-9.39864561,False
MERL,-9.352305940000003,False
COMP,-7.612716669999999,False
NOT,-6.058086769999998,False
WLFI,-6.053406009999999,False
ICP,-4.97087368,False
BLUR,-4.901330229999999,False
TRUMP,-4.056140609999999,False
ATOM,-2.3562845099999996,False
BERA,-2.28608333,False
WLD,-1.7502750099999993,False
GRIFFAIN,-1.632796839999999,False
BSV,-0.5860804999999987,False
DYM,-0.5469473899999991,False
