coin,fundingRate_avg_5d,isNew
STABLE,-217.56271322,False
HYPER,-203.90017776000002,False
YZY,-178.71163945,False
SKR,-171.73986789,False
BIO,-116.29375376000002,False
BLAST,-98.68063277,False
AXS,-78.42356201000001,False
APE,-66.56009037999999,False
UMA,-63.81121406000001,False
WLD,-46.734075860000004,False
COMP,-40.101191469999996,False
kNEIRO,-39.25887367,False
SUPER,-36.84967730000001,False
MORPHO,-32.051380730000005,False
REZ,-31.188652859999998,False
2Z,-28.55699191,False
ALT,-26.26498609,False
IP,-24.618304649999995,False
USTC,-20.819737240000002,False
AZTEC,-20.185454110000002,False
MET,-19.865268080000003,False
BLUR,-19.622349630000002,False
AERO,-18.402313770000003,False
JUP,-15.250024119999999,False
BANANA,-15.0369634,False
BABY,-14.71138924,False
JTO,-13.515806189999997,False
MOVE,-12.934615959999999,False
AVNT,-12.378581529999998,False
TRX,-12.252452859999998,False
PNUT,-12.20046518,False
DYM,-12.098968170000001,False
W,-11.62148831,False
EIGEN,-10.211313,False
MERL,-9.718686369999997,False
CAKE,-9.344798619999999,False
IMX,-9.34105007,False
DOT,-9.20038783,False
STRK,-8.9088616,False
INIT,-8.19602828,False
PROVE,-7.69510666,False
KAITO,-7.651900879999998,False
SAND,-6.35963006,False
XAI,-6.11004817,False
S,-5.537625239999999,False
kLUNC,-5.3979995999999995,False
TRUMP,-4.498830129999999,False
WLFI,-3.4672663999999993,False
ARB,-3.1482147900000004,False
GMX,-2.6117991099999998,False
SUI,-1.2253342,False
ACE,-1.204657679999999,False
POL,-0.6054897399999998,False
PYTH,-0.5187234000000002,False
SOL,-0.38730806999999995,False
ETH,-0.36006374,False
TIA,-0.1948180199999999,False
MEME,-0.12164500999999968,False
YGG,-0.0720692499999992,False
TAO,-0.038416980000000045,False
