coin,fundingRate_avg_5d,isNew
JTO,-126.44514982000001,False
BLAST,-91.83679298000001,False
kLUNC,-76.57595318,False
IO,-71.30213315,False
HYPER,-52.83260536000001,False
ACE,-51.400594289999994,False
WIF,-50.66233945000001,False
STABLE,-41.58530483,False
COMP,-35.25804880999999,False
MEGA,-32.7044672,False
NIL,-30.913651639999994,False
STX,-29.793110400000007,False
CHIP,-26.565362110000002,False
BLUR,-26.480366749999998,False
XAI,-17.805473799999998,False
BANANA,-14.858000250000002,False
BABY,-13.109613750000003,False
KAITO,-11.9367775,False
ATOM,-10.70505434,False
DYM,-9.88437447,False
FTT,-7.949048840000002,False
2Z,-6.138129809999999,False
EIGEN,-4.893990079999999,False
S,-3.7473119199999996,False
NOT,-2.6606609299999997,False
ORDI,-2.5480445599999992,False
GRIFFAIN,-1.6704451299999994,False
MERL,-1.5663609999999994,False
YZY,-0.15092385,False
