coin,fundingRate_avg_5d,isNew
YZY,-500.39204442,False
ZETA,-275.40749347,False
STABLE,-161.44568383,False
BIO,-139.73462973000002,False
SAGA,-120.24088712000001,False
FTT,-111.81632941999997,False
BLAST,-106.73805156999998,False
BLUR,-87.95318276,False
DOT,-73.23425773000002,False
ALT,-68.7463557,False
FET,-61.35659052000001,False
0G,-60.91315056000001,False
COMP,-59.834779960000006,False
ACE,-52.18098253999999,False
TRUMP,-45.91065265,False
SUPER,-42.70173909,False
TURBO,-39.26080013999999,False
kLUNC,-38.7860826,False
JTO,-34.461195409999995,False
BERA,-31.46902688,False
REZ,-29.210417830000004,False
XAI,-26.373732730000004,False
POLYX,-26.263076410000004,False
KAITO,-26.20077967,False
AVNT,-23.686990360000003,False
W,-22.16208022,False
S,-20.2524776,False
APE,-17.6121479,False
RESOLV,-17.117396240000005,False
BANANA,-16.98978421,False
PROVE,-16.97339571,False
DYM,-14.896074860000002,False
EIGEN,-14.542570900000001,False
OP,-14.425643150000003,False
HYPER,-14.394142190000004,False
MEW,-13.680379580000002,False
POL,-13.541464230000003,False
kNEIRO,-10.580035270000003,False
ETH,-10.446474470000002,False
MEME,-9.65467413,False
IP,-9.335361909999998,False
TIA,-8.87959736,False
ME,-8.58106459,False
WCT,-8.45495928,False
SEI,-8.3850647,False
APT,-8.35543327,False
UMA,-8.07995901,False
SAND,-7.68037015,False
MOVE,-7.442316419999999,False
USUAL,-6.920605129999999,False
BIGTIME,-6.73347182,False
ANIME,-6.326228909999999,False
GAS,-6.125621259999999,False
INIT,-5.381836669999999,False
IO,-5.258068819999999,False
BTC,-5.193383519999999,False
IMX,-5.187362479999998,False
2Z,-4.949355469999999,False
ARK,-4.553502020000001,False
INJ,-4.062086459999999,False
ARB,-2.82304359,False
SUI,-2.5146769900000003,False
BSV,-1.4775616099999993,False
XLM,-1.0534213899999987,False
MELANIA,-0.9941870000000022,False
WLFI,-0.8901415599999989,False
ZEN,-0.6365994199999986,False
AERO,-0.4992010100000003,False
