coin,fundingRate_avg_5d,isNew
TNSR,-515.4415601699999,False
LAYER,-391.31443191,False
0G,-148.86467330000002,False
ME,-80.32293441,False
CHIP,-74.52103092,False
FOGO,-70.84256165000002,False
S,-57.49342687,False
TRUMP,-51.62033159,False
kNEIRO,-50.06780701,False
MINA,-47.189375399999996,False
AIXBT,-45.4290534,False
2Z,-43.706240990000005,False
SUSHI,-43.634957220000004,False
AVNT,-43.55092473,False
PROVE,-42.61271632,False
STABLE,-41.69162714,False
USUAL,-40.98175835,False
ZORA,-37.16937641999999,False
RESOLV,-36.797206360000004,False
VVV,-34.63360607999999,False
BIO,-31.901500049999996,False
kLUNC,-31.86950706999999,False
KAITO,-28.7409322,False
AXS,-27.288897960000003,False
ADA,-26.930383279999997,False
IOTA,-26.37154784,False
BABY,-23.711699400000004,False
XAI,-21.76528799,False
kSHIB,-21.69800024,False
MERL,-20.732254039999997,False
ANIME,-18.96245737,False
STRK,-18.36756723,False
SNX,-16.743689529999997,False
MEME,-16.32207584,False
GAS,-15.66412684,False
ATOM,-15.208739700000004,False
YGG,-15.165789420000001,False
VIRTUAL,-13.170697229999998,False
BIGTIME,-12.564406680000001,False
kFLOKI,-12.00363601,False
TRX,-11.83088735,False
STX,-9.794074199999999,False
BERA,-9.63944195,False
HYPER,-8.94724938,False
NOT,-8.598801400000001,False
SOL,-8.538153,False
AVAX,-8.38390473,False
ARB,-8.24504559,False
INIT,-8.233495529999999,False
DOT,-7.70825104,False
SKY,-7.5443120200000005,False
PENGU,-7.32688882,False
IO,-6.918793269999999,False
ACE,-6.25550286,False
INJ,-6.17272305,False
RUNE,-6.050166269999999,False
ZETA,-5.41957767,False
RENDER,-5.29321102,False
ETC,-5.0648553399999985,False
SUPER,-4.907933079999999,False
ALT,-4.622919179999999,False
MNT,-4.497324869999998,False
RSR,-4.1926163,False
KAS,-4.06675992,False
XLM,-4.00424929,False
DOGE,-3.04122307,False
CRV,-2.9265050299999995,False
W,-2.61447675,False
NIL,-2.596731909999998,False
TIA,-2.4417857599999997,False
XRP,-2.3606557500000003,False
FIL,-1.8244685599999995,False
ETH,-1.7392688000000003,False
BLUR,-1.6540208599999981,False
ARK,-1.615081199999999,False
IP,-1.5610502499999972,False
MORPHO,-0.5902794599999999,False
