coin,fundingRate_avg_5d,isNew
AVNT,-239.11329872,False
POLYX,-138.86538711074382,False
BLAST,-133.1044006214876,False
ANIME,-112.56686441652893,False
IP,-105.52077072396693,False
KAITO,-86.96069374000001,False
kLUNC,-86.1535712429752,False
0G,-85.55641901999999,False
ZK,-71.1011807107438,False
SOPH,-46.633630049999994,False
VVV,-36.69765552396695,False
REZ,-35.98866021818182,False
GAS,-35.86079752066115,False
ACE,-35.74343451570248,False
ZETA,-31.915391256198347,False
USTC,-24.93067330909091,False
BERA,-24.0290441553719,False
XAI,-23.50394731239669,False
MINA,-21.52982701487603,False
TNSR,-19.759832816528924,False
RESOLV,-13.693494759999998,False
SUPER,-13.391470641322316,False
ATOM,-12.996978158677686,False
LAYER,-10.63236167603306,False
BABY,-9.760020429999997,False
PROVE,-9.23188587,False
BSV,-8.856955100826445,False
WCT,-7.848849039999999,False
CELO,-7.011378029752066,False
MELANIA,-6.703059332231404,False
USUAL,-6.5925718413223136,False
UMA,-6.452967847933884,False
SCR,-6.017427887603304,False
MEME,-4.555624244628099,False
ZRO,-4.30285842644628,False
TRUMP,-4.134571586776858,False
HYPER,-4.1268827199999985,False
DOOD,-3.186470439999998,False
FTT,-2.4474462644628057,False
SKY,-1.4471665999999987,False
MANTA,-1.2037253553718992,False
DOT,-0.7446007239669419,False
2Z,-0.67305708,False
