coin,fundingRate_avg_5d,isNew
STABLE,-233.58873391000003,False
TRX,-65.39820121,False
SNX,-58.086187599999995,False
MOVE,-53.958750079999994,False
SEI,-53.041548150000004,False
BSV,-51.70967848,False
ZK,-48.57102669,False
UMA,-47.4039443,False
AVNT,-45.041235789999995,False
MEME,-39.95947291999999,False
GMT,-34.76918533,False
ZEC,-33.734551950000004,False
ME,-32.708539869999996,False
JTO,-30.270391699999998,False
kNEIRO,-28.74138042,False
STX,-26.274550549999997,False
IO,-25.3016394,False
PROVE,-25.13828803,False
MERL,-24.41808317,False
kLUNC,-24.293424719999997,False
STRK,-21.56543589,False
W,-21.452555990000004,False
MON,-21.22625599,False
SAGA,-20.96917846,False
POPCAT,-19.95713858,False
MOODENG,-18.51953717,False
ALT,-16.94556811,False
CAKE,-16.68024231,False
ADA,-15.42461749,False
SOL,-14.791287009999998,False
AERO,-13.754255580000002,False
TON,-13.06879434,False
ICP,-12.734960960000002,False
WIF,-12.62162846,False
COMP,-11.39328447,False
SUSHI,-10.69845076,False
JUP,-10.646086400000002,False
TURBO,-9.832126909999998,False
APT,-9.13219342,False
ZEN,-9.060827159999999,False
2Z,-8.62718088,False
kSHIB,-8.318695289999999,False
PUMP,-6.93292461,False
ATOM,-6.88392628,False
CHIP,-6.409808069999999,False
OP,-5.945049189999999,False
INJ,-5.92125411,False
WLD,-5.704950729999998,False
ETC,-5.38381351,False
FIL,-5.09792215,False
DASH,-4.857817849999998,False
XRP,-4.14087609,False
AVAX,-3.9885550199999993,False
YGG,-3.7260922799999987,False
MEGA,-3.6857626999999997,False
kFLOKI,-3.5377953499999997,False
XLM,-2.71406335,False
CRV,-2.403522079999999,False
kBONK,-2.2375324899999995,False
DOGE,-1.5839583799999999,False
PENDLE,-1.1618606999999992,False
TIA,-1.1062485699999995,False
ORDI,-0.8463605399999992,False
DOT,-0.6975755899999998,False
AXS,-0.1525283899999996,False
ONDO,-0.044397869999999506,False
