coin,fundingRate_avg_5d,isNew
SUPER,-533.63218051,False
REZ,-453.38038679,False
BLUR,-404.48838859,False
TNSR,-192.00772293999998,False
ZETA,-161.56677768999995,False
FTT,-139.73002051,False
ALT,-132.84901715,False
BLAST,-111.47688599,False
BERA,-99.83095801,False
2Z,-96.15255662999999,False
ME,-89.14811245999998,False
SOPH,-87.10436431000001,False
POLYX,-76.58989618000001,False
DYM,-74.16082629,False
NIL,-74.13721079000001,False
TURBO,-70.06252672,False
AXS,-62.01590827,False
STABLE,-56.844639369999996,False
JTO,-51.758335900000006,False
MOODENG,-46.536350250000005,False
BSV,-45.674368439999995,False
POL,-45.01667202,False
APT,-44.084817529999995,False
AVNT,-39.96130741,False
XAI,-34.60067359,False
TRUMP,-32.967487659999996,False
MOVE,-31.758696719999996,False
0G,-31.60859193,False
EIGEN,-30.189580700000008,False
GAS,-27.136433080000003,False
STRK,-26.52203442,False
CELO,-26.372276380000006,False
LAYER,-24.07106818,False
ANIME,-23.38655302,False
ZEC,-19.136571859999997,False
ZORA,-19.11900733,False
MINA,-18.48704268,False
MERL,-17.92948401,False
FET,-17.482562679999997,False
IMX,-14.58892663,False
MEW,-14.156109630000007,False
OP,-14.07351524,False
SEI,-13.675876210000002,False
AIXBT,-13.43301032,False
W,-13.31423275,False
BANANA,-12.53840992,False
HYPER,-12.225479360000001,False
AERO,-12.074989860000004,False
KAS,-11.975002489999998,False
S,-11.77779299,False
PROVE,-11.014054579999998,False
kNEIRO,-10.86727275,False
DASH,-10.1965013,False
kLUNC,-9.822346369999998,False
DOT,-7.846843729999998,False
TIA,-7.0770142,False
kBONK,-5.298359709999997,False
kSHIB,-4.843531749999999,False
ICP,-4.161219729999999,False
MEME,-3.6676419099999995,False
IO,-3.2603311099999983,False
BABY,-3.070298239999998,False
ARK,-3.0037448700000002,False
INIT,-2.95632553,False
HBAR,-2.76750811,False
WLFI,-1.924426729999999,False
BRETT,-1.5827093499999993,False
STX,-0.6980770999999993,False
VVV,-0.6600200099999995,False
kFLOKI,-0.6441738999999999,False
PENGU,-0.6252230999999999,False
