coin,fundingRate_avg_5d,isNew
SUPER,-533.1001258499999,False
BLUR,-428.06053096999995,False
REZ,-327.81668568999993,False
TNSR,-200.79180928999997,False
BLAST,-144.33393341000001,False
ALT,-139.15705738000003,False
FTT,-136.06427076000003,False
DYM,-79.58073610999999,False
SOPH,-79.35125258000001,False
BERA,-69.35581153,False
TURBO,-67.91121890999999,False
NIL,-66.72823128000002,False
AXS,-60.94671596,False
STABLE,-60.370116700000004,False
ZETA,-59.68975743000001,False
MINA,-57.712897719999994,False
2Z,-56.33606516,False
POL,-51.44257951,False
JTO,-51.163391010000005,False
MOODENG,-43.603411730000005,False
APT,-41.998441760000006,False
TRUMP,-39.8132364,False
BSV,-32.7793579,False
POLYX,-31.786260789999996,False
AVNT,-30.553451390000003,False
0G,-30.07407572,False
EIGEN,-29.458664549999998,False
DASH,-27.98314986,False
MOVE,-26.633028729999996,False
STRK,-25.18620815,False
ANIME,-24.324046759999998,False
ZEC,-24.21981663,False
LAYER,-22.938493620000003,False
ME,-22.575286500000004,False
XAI,-22.402338550000003,False
W,-19.638730099999997,False
IMX,-18.943955519999996,False
COMP,-17.647106139999998,False
GAS,-16.999178579999995,False
BANANA,-16.40722012,False
S,-11.876570749999999,False
OP,-11.607933670000001,False
MERL,-11.59178607,False
NEO,-11.33280616,False
FET,-11.018724390000001,False
kLUNC,-10.5429593,False
SEI,-10.498239499999999,False
AIXBT,-9.91627328,False
HYPER,-9.54949062,False
PROVE,-9.49332442,False
KAS,-9.14223311,False
WLFI,-8.716109479999998,False
IO,-8.37409061,False
ICP,-7.72187357,False
TIA,-6.85169605,False
kNEIRO,-6.01286692,False
DOT,-5.88501472,False
ZORA,-5.6476209100000005,False
HBAR,-4.423467120000001,False
ARK,-4.38364416,False
MEW,-3.887263139999998,False
INIT,-2.6269728900000002,False
AERO,-2.312608609999997,False
CELO,-1.7127208899999993,False
BRETT,-1.4214457799999998,False
ARB,-0.7666649799999996,False
INJ,-0.5996030199999995,False
VVV,-0.13616397999999924,False
