coin,fundingRate_avg_5d,isNew
POLYX,-851.9187180099174,False
GAS,-330.55116123966934,False
TST,-290.2053161157024,False
REZ,-145.91135845289256,False
BLAST,-116.13159583140498,False
ANIME,-98.76400390413222,False
kLUNC,-90.70166043966942,False
IP,-83.1938640694215,False
DYM,-76.85267744132233,False
MANTA,-70.36259036033059,False
USTC,-59.80183118677685,False
TURBO,-57.741317742148745,False
TNSR,-47.35443298512396,False
MERL,-36.97399732561982,False
IMX,-36.533033404958665,False
SUPER,-32.559513332231404,False
CELO,-31.620305950413208,False
LAYER,-30.47401651239669,False
VVV,-30.310871285950405,False
kNEIRO,-30.04564092892561,False
USUAL,-28.55195812561983,False
XAI,-27.33299399008265,False
FET,-26.804609613223143,False
GMT,-23.976574651239673,False
UMA,-23.699873761983472,False
OM,-20.590441537190085,False
CFX,-20.553438138842985,False
MOODENG,-19.917300694214877,False
WIF,-19.058001887603314,False
NEO,-18.745783180165294,False
EIGEN,-18.59731059173555,False
BLUR,-17.88990801322314,False
SAGA,-15.298442280991738,False
TRUMP,-15.171905166942146,False
XLM,-15.162097586776863,False
IO,-12.536018995041324,False
BSV,-12.416387801652895,False
kFLOKI,-10.741472181818184,False
ATOM,-10.172968452892562,False
ZRO,-9.051086112396693,False
BIGTIME,-8.662105190082645,False
MEME,-7.953361100826447,False
SEI,-7.828570919008262,False
ETC,-7.721049520661158,False
ALT,-7.3088430148760315,False
FIL,-7.297084343801651,False
ARK,-6.675152578512398,False
MEW,-5.671879914049586,False
PYTH,-5.4757587173553715,False
SCR,-5.44888868429752,False
SUSHI,-5.314579785123966,False
POL,-4.126778082644626,False
BOME,-4.024507616528924,False
GMX,-2.5678716495867757,False
DOT,-2.447812591735537,False
kSHIB,-2.2301859570247915,False
SAND,-2.082014538842974,False
ZETA,-1.3136879702479347,False
NOT,-0.89497589752066,False
IOTA,-0.5242707966942145,False
OP,-0.2370463239669417,False
