coin,fundingRate_avg_5d,isNew
AXS,-887.5917123400001,False
0G,-264.62092368,False
GAS,-208.83950668,False
YZY,-204.25626884000005,False
RESOLV,-116.30642510000003,False
JTO,-102.14371554000002,False
ZETA,-91.73573105,False
SKR,-76.67724652,False
FOGO,-74.31192461,False
2Z,-66.09342255,False
POLYX,-57.96581863000001,False
MANTA,-45.50341266,False
ZORA,-45.41237436,False
INIT,-43.22544109,False
DYM,-40.263815029999996,False
FET,-36.28007071,False
MERL,-35.00119612,False
DOT,-27.11018447,False
TRX,-26.675752709999998,False
XAI,-26.166763859999996,False
ATOM,-24.185648250000003,False
CC,-22.49374477,False
POPCAT,-21.858965969999996,False
EIGEN,-21.82586339,False
DASH,-21.184242300000005,False
APT,-20.875887379999998,False
kFLOKI,-20.628324669999998,False
STRK,-19.97640912,False
SOPH,-19.147067800000002,False
BANANA,-18.730925459999998,False
IMX,-16.64572353,False
YGG,-16.0045565,False
SEI,-15.38577565,False
MEME,-15.306858270000001,False
OP,-14.373677370000001,False
NEO,-12.142738239999998,False
BSV,-12.008066379999997,False
AVAX,-11.939268990000002,False
RSR,-11.791784900000001,False
SKY,-11.67223718,False
WLD,-11.64725658,False
DOGE,-8.823781560000002,False
HEMI,-8.629095670000002,False
PYTH,-8.56475639,False
ENS,-8.549302289999998,False
SUSHI,-7.868251710000001,False
STABLE,-7.22775044,False
CAKE,-6.98987702,False
FIL,-5.41640144,False
kBONK,-5.177766630000001,False
ADA,-5.13490979,False
GMT,-4.605769289999999,False
PROVE,-4.585827149999999,False
BLUR,-4.227881139999998,False
W,-4.1838125,False
KAS,-3.635137929999999,False
MON,-3.620848180000001,False
SOL,-3.4276638999999993,False
kLUNC,-3.0267274600000005,False
ETC,-2.92743724,False
MINA,-2.6161966299999992,False
XRP,-2.5511112899999993,False
AAVE,-2.481808739999999,False
SAGA,-1.7834783299999994,False
TIA,-1.0801882999999994,False
WLFI,-0.43953811000000026,False
TON,-0.2521784999999996,False
