coin,fundingRate_avg_5d,isNew
ALT,-312.47340991,False
IO,-110.17891679000002,False
CHIP,-93.12257994000002,False
ZORA,-55.2577442,False
ME,-45.0042007,False
TRUMP,-42.676362829999995,False
0G,-41.750727209999994,False
JUP,-29.24208231,False
BCH,-28.261800349999998,False
COMP,-27.68894526,False
TON,-23.0808991,False
ETC,-21.743350030000002,False
TRX,-21.65372063,False
MOVE,-20.356404780000002,False
MEGA,-19.9541996,False
MINA,-19.04174851,False
HEMI,-16.370363880000003,False
HYPER,-16.261626,False
STABLE,-15.91956114,False
ADA,-14.858922239999998,False
OP,-14.624149130000001,False
MON,-14.511551739999998,False
STX,-14.278558369999999,False
kLUNC,-13.981644010000002,False
STRK,-13.697459390000002,False
DASH,-13.495384440000002,False
2Z,-13.405295870000003,False
SNX,-12.675219219999997,False
SUPER,-12.358957670000004,False
VVV,-12.14254333,False
BSV,-11.877089779999999,False
FOGO,-11.784647690000002,False
SUSHI,-11.690219270000002,False
GMT,-11.24710343,False
kNEIRO,-11.068054140000001,False
S,-10.86547549,False
INJ,-10.834416180000002,False
SEI,-10.7387453,False
PENGU,-10.033269650000001,False
CRV,-9.091695210000001,False
SAND,-7.965614000000001,False
BLUR,-7.52830093,False
SAGA,-7.290753820000001,False
TURBO,-6.831626159999999,False
AIXBT,-5.871860119999999,False
BABY,-5.840515379999999,False
kSHIB,-5.612340739999998,False
PROVE,-5.472648669999998,False
PENDLE,-5.0216911699999995,False
ZETA,-4.990196049999999,False
XRP,-3.5497637,False
APT,-3.545679349999999,False
KAITO,-3.46230459,False
JTO,-3.401302869999999,False
MERL,-3.0901352599999994,False
ZEC,-2.3654270299999998,False
SPX,-2.060205269999998,False
NOT,-1.6006892499999998,False
INIT,-1.1616825799999997,False
POLYX,-1.0745140099999995,False
ZK,-0.9436673499999988,False
ONDO,-0.9403881899999997,False
DOT,-0.8956245899999997,False
VIRTUAL,-0.5822888799999996,False
MOODENG,-0.5657624099999998,False
