coin,fundingRate_avg_5d,isNew
SUPER,-195.65006669999997,False
BLUR,-193.98163272000002,False
YZY,-175.00850056000002,False
STABLE,-165.32515349000002,False
MOVE,-144.90150330000003,False
BIO,-138.43882059999999,False
BLAST,-134.17315393,False
WLD,-77.91711939999999,False
UMA,-69.3377506,False
kNEIRO,-65.62764824,False
COMP,-59.51470708,False
FET,-54.622683620000004,False
FTT,-51.74408703,False
AXS,-47.82069911,False
MEME,-45.65773758000001,False
ALT,-39.93862412,False
IP,-38.152000949999994,False
USTC,-37.95474765,False
BOME,-34.10088784999999,False
2Z,-30.332643910000005,False
AERO,-29.215942469999998,False
AVNT,-19.896425939999997,False
JUP,-19.674513970000003,False
MET,-19.12526124,False
MORPHO,-18.982418489999997,False
REZ,-18.90982802,False
JTO,-18.503930500000003,False
PNUT,-17.94667405,False
W,-17.677847900000003,False
0G,-16.906866430000004,False
SAND,-14.811791979999999,False
KAITO,-14.35938908,False
IMX,-12.67189772,False
kLUNC,-11.574822329999998,False
INIT,-10.96534387,False
TAO,-10.663042110000001,False
PYTH,-10.45356642,False
S,-10.3682192,False
BABY,-10.31596069,False
TRUMP,-10.166369089999998,False
DOT,-9.953167480000001,False
DYM,-9.906459159999999,False
PROVE,-9.74257854,False
ARB,-8.427934679999998,False
BANANA,-8.0715735,False
EIGEN,-7.98700957,False
MERL,-7.81274981,False
USUAL,-5.56285039,False
XAI,-5.557787839999998,False
OP,-5.388832989999999,False
MANTA,-5.29516669,False
TURBO,-5.0500232,False
YGG,-3.8596545399999984,False
ETH,-3.44877623,False
STRK,-3.416643089999999,False
DASH,-3.012747229999998,False
SKR,-2.512713289999998,False
SAGA,-2.3879898699999997,False
TON,-2.102351819999999,False
GAS,-2.006464129999999,False
IO,-1.9837180599999977,False
LAYER,-1.8795171299999986,False
ADA,-1.2638906100000002,False
TIA,-1.2106035299999995,False
GMX,-1.1132405099999998,False
CAKE,-0.8754116199999986,False
ARK,-0.6806067399999987,False
BTC,-0.10313512999999988,False
