coin,fundingRate_avg_5d,isNew
GAS,-984.6534553190085,False
0G,-854.3247591570249,False
POLYX,-725.5148044661157,False
KAITO,-426.5925441123967,False
TST,-308.06602364628094,False
AVNT,-187.5669748859504,False
WCT,-180.3355297289256,False
TNSR,-152.34362880991733,False
MERL,-146.8222630710744,False
GMT,-139.47340350743804,False
ANIME,-128.40159534545455,False
RESOLV,-124.2154925157025,False
BLAST,-117.09798817190084,False
BIGTIME,-82.3416138049587,False
DYM,-81.37662668429752,False
ZORA,-79.19055492892562,False
INIT,-73.1793994909091,False
TURBO,-68.02301517024793,False
ARK,-67.98742929917356,False
USTC,-63.297239871074396,False
LAYER,-63.21836294876033,False
kLUNC,-55.89271304132232,False
NIL,-54.28075865454546,False
MOVE,-53.82810990743801,False
VVV,-53.32913161983472,False
MANTA,-50.899827242975206,False
SOPH,-49.895113160330574,False
SUPER,-45.5674537983471,False
REZ,-45.15616528264463,False
MOODENG,-40.91182438016529,False
IMX,-40.05774899504132,False
HYPER,-34.831669100826446,False
CELO,-33.67666961652892,False
XAI,-29.929150304132236,False
IO,-28.665269087603306,False
EIGEN,-25.685370476033057,False
BIO,-25.573421295867764,False
BLUR,-22.771135666115704,False
FXS,-22.20599259173554,False
CFX,-21.822200340495865,False
OM,-20.25486548429752,False
PROVE,-19.884868423140492,False
BABY,-19.704419662809922,False
ME,-18.67499586446281,False
FET,-18.187110922314048,False
WIF,-17.383837021487604,False
ZRO,-17.02045484628099,False
kFLOKI,-15.774610542148762,False
SAGA,-15.1155827107438,False
UMA,-14.539160231404955,False
NOT,-13.96238518016529,False
NEO,-13.835677209917355,False
BANANA,-13.071729917355375,False
SUSHI,-12.556820737190083,False
SEI,-12.45317256198347,False
MEW,-11.849922763636364,False
BSV,-11.270838257851237,False
2Z,-10.740291391735537,False
USUAL,-10.0234548,False
ZETA,-8.893810809917355,False
FIL,-8.873826426446282,False
ETC,-8.58022452892562,False
kNEIRO,-8.522847252892563,False
ALT,-8.395379841322313,False
CC,-8.343713216528927,False
DOT,-8.226210485950414,False
IP,-7.995166571900829,False
STX,-7.355577252892561,False
XLM,-6.0810522743801645,False
GMX,-5.971154816528926,False
SKY,-5.815227540495868,False
ATOM,-4.243517752066115,False
kSHIB,-4.072474770247934,False
HMSTR,-3.825700502479341,False
POL,-3.790871900826446,False
S,-2.651617973553719,False
JUP,-2.5272542082644622,False
TRUMP,-1.8636487338842973,False
APT,-0.5629704495867768,False
PAXG,-0.27749580495867787,False
AR,-0.2447174776859501,False
ADA,-0.08940050578512392,False
