coin,fundingRate_avg_5d,isNew
OM,-895.59952545,False
PROVE,-408.50245930000006,False
IP,-321.20858334,False
YZY,-306.88205666999994,False
BLAST,-282.1554171,False
DOOD,-209.01711640999997,False
ME,-193.45976886000003,False
REZ,-187.70741193,False
ZORA,-167.02918154000002,False
APT,-160.41870158000003,False
MOODENG,-151.18559296000004,False
GRASS,-130.38819591,False
ATOM,-127.55449577999998,False
0G,-113.31446243,False
BERA,-111.29898718000001,False
IO,-102.17632391000001,False
ZETA,-94.97113485000001,False
AVNT,-94.92102546000001,False
VVV,-92.32796691000001,False
BIO,-82.73984322999999,False
INIT,-62.94199429999999,False
USUAL,-56.681316470000006,False
HYPER,-56.62528459000001,False
SYRUP,-56.405934920000014,False
VINE,-54.80997242000001,False
RESOLV,-53.88190517,False
KAITO,-51.081231700000004,False
PENGU,-50.44588569,False
SKY,-50.09991971000001,False
DYM,-47.32981207,False
SAGA,-45.985982809999996,False
TRUMP,-43.12700716,False
UMA,-43.080552149999995,False
IOTA,-40.37892508000001,False
TURBO,-40.31913735,False
BABY,-39.69261922999999,False
SOL,-35.197217179999996,False
LAYER,-34.08093257,False
MEW,-33.59606511,False
kFLOKI,-32.28310171,False
STX,-28.335939879999998,False
S,-27.741760030000002,False
DOGE,-26.0091919,False
ANIME,-25.11552882,False
ENA,-22.838218629999997,False
AVAX,-22.79998415,False
MORPHO,-22.55014749,False
CELO,-21.755808940000005,False
SAND,-19.434599470000006,False
W,-18.433867290000002,False
STRK,-17.88067183,False
kPEPE,-17.618885799999997,False
AR,-17.46593474,False
PURR,-17.234872950000007,False
NOT,-15.783673830000001,False
WCT,-15.73832988,False
NXPC,-14.16425862,False
ONDO,-12.995387,False
GOAT,-12.56517537,False
AI16Z,-11.334661090000004,False
2Z,-10.14668391,False
WLFI,-9.940845079999999,False
AIXBT,-9.14543489,False
PNUT,-8.83166702,False
MOVE,-5.99581047,False
OP,-5.216774909999999,False
SOPH,-4.3546660799999986,False
MERL,-3.181296199999999,False
HYPE,-2.5441857800000003,False
ALGO,-2.4983483499999983,False
XRP,-2.31711855,False
HBAR,-2.1990030899999993,False
GMX,-1.8038628499999994,False
MAVIA,-1.6502766899999997,False
APEX,-1.1835614100000036,False
CFX,-1.0960212699999998,False
SUI,-0.6891710999999999,False
INJ,-0.6115545799999998,False
MELANIA,-0.5598107199999977,False
EIGEN,-0.5324079799999997,False
ZK,-0.46120158999999916,False
RENDER,-0.09862007999999978,False
