coin,fundingRate_avg_5d,isNew
ANIME,-320.5910738181818,False
GMT,-314.47433359338845,False
AVNT,-301.4979457785124,False
POLYX,-195.40383160661156,False
BLAST,-189.6968964892562,False
0G,-163.4409901090909,False
BABY,-161.5568444231405,False
IP,-148.5996156694215,False
ZK,-94.36900403305786,False
VVV,-85.15065839008264,False
BERA,-73.68163562975207,False
FTT,-71.42799676363637,False
TNSR,-54.50199788429751,False
kLUNC,-54.21983394049586,False
REZ,-48.94195565950414,False
GAS,-46.43652543471074,False
WCT,-34.98738497851239,False
CELO,-33.77995580826446,False
ACE,-32.257001573553715,False
XAI,-27.49221821157025,False
TRUMP,-18.607565583471075,False
ATOM,-16.930930542148758,False
SKY,-16.501901940495866,False
SCR,-14.432637907438016,False
MINA,-14.395898033057854,False
STRK,-14.00949805289256,False
ZETA,-11.525812899173554,False
PROVE,-10.833502135537188,False
ZORA,-10.362471867768596,False
USUAL,-9.376920466115703,False
SUPER,-9.165194885950413,False
USTC,-6.235947897520661,False
FET,-5.707445514049585,False
BSV,-5.272667166942146,False
ARK,-5.196652809917353,False
HYPER,-4.82997441322314,False
2Z,-4.6871009851239664,False
WLFI,-3.8230616429752065,False
GMX,-3.663348743801652,False
SOPH,-3.5838072198347093,False
SAND,-3.2323060661157026,False
MOODENG,-3.1596197851239665,False
MON,-2.9528642380165273,False
OP,-1.0477184429752062,False
LAYER,-0.9586306909090898,False
EIGEN,-0.8363432628099168,False
FOGO,-0.25657895206612,False
AR,-0.0612381917355369,False
