coin,fundingRate_avg_5d,isNew
SUPER,-288.8292417421488,False
ALT,-283.5211711438016,False
GMT,-187.35227018181823,False
PROVE,-131.74708495537192,False
CHIP,-107.90832537520662,False
ME,-90.99591752727272,False
BLAST,-86.75547084297521,False
SAGA,-64.39834363636363,False
STABLE,-60.40990550082647,False
COMP,-32.10789261818181,False
FOGO,-26.665132314049586,False
MINA,-22.78533917355372,False
OP,-22.76402920661157,False
BCH,-22.235812790082647,False
TST,-21.34980105123967,False
kSHIB,-19.179322819834706,False
BLUR,-17.049274522314043,False
ETC,-16.347712185123964,False
TON,-15.967951705785122,False
PURR,-14.907850532231407,False
POL,-11.556925378512398,False
TRUMP,-11.132328178512397,False
DASH,-10.824168753719006,False
MERL,-10.745418525619836,False
MEGA,-9.032802327272726,False
AIXBT,-8.49579188429752,False
SNX,-8.475740171900826,False
SUSHI,-8.372613976859505,False
ICP,-8.26455177520661,False
kLUNC,-6.110952833057851,False
ADA,-5.003746026446281,False
STRK,-4.81843872396694,False
VVV,-4.535025937190083,False
SAND,-4.516084066115702,False
SEI,-3.6987253884297515,False
NOT,-3.579873183471073,False
BOME,-3.450212152066116,False
SUI,-2.932980485950414,False
AXS,-2.5085440066115696,False
BTC,-2.311710426446281,False
STX,-2.035414234710744,False
CAKE,-1.501346717355371,False
KAITO,-1.3821252892561984,False
SOL,-1.357260644628099,False
UNI,-0.8079550710743798,False
BSV,-0.5686463504132223,False
kFLOKI,-0.5056822214876029,False
MOODENG,-0.44585504132231357,False
XRP,-0.41150208595041315,False
ZEC,-0.19601622148760234,False
MOVE,-0.14539210909090877,False
