coin,fundingRate_avg_5d,isNew
ALT,-315.9949233520661,False
SUPER,-296.9143510710744,False
GMT,-177.4500936,False
CHIP,-100.73742846942149,False
ME,-94.76932227768597,False
BLAST,-89.02489725619836,False
SAGA,-59.29194995702479,False
FOGO,-35.49184369586777,False
COMP,-31.70688298512397,False
TON,-27.050392046280994,False
BCH,-26.59910870082645,False
MINA,-24.513803008264468,False
ETC,-24.157825566942144,False
MEGA,-23.613056370247936,False
STABLE,-21.35868484958678,False
OP,-20.595955993388433,False
kSHIB,-19.960772013223142,False
TRUMP,-19.462383034710744,False
TST,-15.806535312396694,False
BLUR,-15.012846009917357,False
SUSHI,-14.35770732892562,False
VVV,-14.246707993388432,False
DASH,-11.6935951338843,False
AIXBT,-11.5434299107438,False
ADA,-10.730850138842975,False
STRK,-10.146201947107437,False
SAND,-9.677369642975206,False
BSV,-9.297488261157024,False
0G,-9.062117920661155,False
STX,-8.56020829090909,False
HYPER,-8.325167355371901,False
SEI,-8.23354789090909,False
POL,-8.161895434710742,False
SNX,-7.062107117355371,False
PURR,-7.011347623140502,False
kLUNC,-6.819371137190082,False
MOVE,-6.159519431404957,False
JUP,-5.854530981818181,False
KAITO,-4.91006832396694,False
W,-4.442300251239669,False
kNEIRO,-4.094775847933884,False
NOT,-3.898005976859503,False
SOL,-3.5769078148760327,False
BTC,-3.1700499768595036,False
AXS,-3.1635784363636352,False
MOODENG,-2.955087540495868,False
PNUT,-2.774778505785124,False
PENDLE,-2.3068750512396687,False
SPX,-2.242087249586776,False
MERL,-2.1836051999999992,False
BOME,-1.7951658049586778,False
INIT,-1.728049725619834,False
IO,-1.5322362148760316,False
TURBO,-0.8885760297520657,False
XRP,-0.550508082644628,False
CRV,-0.2865786942148747,False
PROVE,-0.25631615206611474,False
PENGU,-0.241244608264462,False
