coin,fundingRate_avg_5d,isNew
GMT,-350.72511255867767,False
ANIME,-346.8020739768595,False
AVNT,-320.13388435041315,False
POLYX,-220.23843450247935,False
BLAST,-190.3230077157025,False
0G,-173.55247349752065,False
BABY,-163.80254861157024,False
IP,-149.11173685289256,False
ZK,-94.6397162677686,False
VVV,-84.05383761322314,False
BERA,-75.32003508099174,False
FTT,-71.42799676363637,False
TNSR,-62.92707846942148,False
kLUNC,-49.324445494214864,False
GAS,-46.50614788760331,False
REZ,-40.969622280991736,False
CELO,-36.09861993719008,False
WCT,-34.97875239669421,False
ACE,-30.91001691570247,False
XAI,-26.31391423140496,False
TRUMP,-19.97122609586777,False
SKY,-17.971540353719007,False
ATOM,-16.975509530578513,False
SCR,-14.723805828099172,False
STRK,-14.346647285950414,False
ZETA,-13.775927494214873,False
PROVE,-12.630114426446278,False
HYPER,-11.366168776859505,False
ZORA,-11.182667771900826,False
USUAL,-10.512954188429752,False
FOGO,-10.38456806280992,False
SUPER,-8.480482155371902,False
FET,-7.535165940495866,False
USTC,-6.483410657851239,False
GMX,-5.837158671074379,False
MINA,-5.350183031404958,False
BSV,-5.2726671669421465,False
ARK,-5.196652809917354,False
2Z,-5.091401771900825,False
WLFI,-3.797651127272727,False
SAND,-3.465130938842975,False
MOODENG,-3.4025128661157025,False
SOPH,-3.0730724330578503,False
MON,-2.884998128925618,False
EIGEN,-1.322069335537189,False
OP,-1.293138168595041,False
AR,-0.9765619041322311,False
