coin,fundingRate_avg_5d,isNew
HYPER,-350.06542348,False
STABLE,-254.55081092999993,False
SKR,-171.73986789000006,False
BLAST,-170.23030162,False
YZY,-140.94028459,False
CHIP,-114.3505361,True
0G,-112.64770014,False
APE,-111.80481950999999,False
AXS,-84.46036271,False
TRUMP,-72.28971145999999,False
REZ,-42.290792890000006,False
kLUNC,-40.2645881,False
COMP,-39.927130999999996,False
BERA,-38.243734939999996,False
kNEIRO,-33.06965189,False
AZTEC,-32.16760403,False
2Z,-30.674989819999997,False
TRX,-27.14713196,False
INJ,-24.29996917,False
WLD,-23.70214151,False
MINA,-20.667427120000003,False
BIO,-18.58979967,False
MORPHO,-18.42961431,False
BLUR,-16.960808319999998,False
BANANA,-16.121200280000004,False
CAKE,-15.748947729999998,False
AVNT,-15.2770385,False
TST,-15.14558229,False
POL,-14.877636519999996,False
ALT,-14.14245498,False
MOVE,-13.743880089999998,False
STRK,-13.6175879,False
JTO,-13.191941689999998,False
EIGEN,-10.798983439999999,False
MON,-8.953047040000001,False
DYM,-8.60858705,False
KAITO,-8.512587669999998,False
ZK,-7.774309469999998,False
TIA,-7.21335849,False
SUI,-7.134577619999999,False
PROVE,-7.012950860000001,False
BABY,-6.541610299999999,False
JUP,-5.499121389999999,False
SOL,-5.406204799999999,False
W,-5.33729499,False
PNUT,-4.832736509999999,False
NOT,-4.76662479,False
FET,-4.032417799999998,False
WLFI,-3.185704669999999,False
S,-2.15955024,False
STX,-1.9683836799999994,False
SEI,-1.93703383,False
IMX,-1.9275306900000002,False
PURR,-1.6286898599999977,False
ADA,-1.18592223,False
ENA,-1.1138829099999998,False
PYTH,-0.6345817000000001,False
PEOPLE,-0.23137203999999964,False
ETH,-0.22935796999999986,False
ETC,-0.22529406000000002,False
