coin,fundingRate_avg_5d,isNew
POLYX,-229.30713907438013,False
CHIP,-164.88220413223138,False
STABLE,-93.37194807272726,False
BSV,-38.55416956363636,False
kLUNC,-35.35976823471074,False
WLD,-34.65979428099174,False
APE,-27.611151500826445,False
0G,-26.999136634710737,False
SAGA,-25.968356846280994,False
COMP,-21.21127576859504,False
BIO,-19.163589570247936,False
INJ,-19.141370300826445,False
SKY,-17.059675031404957,False
APT,-14.537016565289257,False
POL,-14.162023408264464,False
MON,-12.843757071074378,False
AXS,-12.60809641983471,False
TRUMP,-12.460829960330578,False
W,-11.91763901157025,False
EIGEN,-11.500146823140495,False
BCH,-10.580552429752068,False
ATOM,-10.016650958677685,False
TURBO,-10.011532512396695,False
BLUR,-9.57449756033058,False
ICP,-9.406733424793387,False
MINA,-8.881876214876035,False
BANANA,-8.617844023140496,False
MOVE,-8.392276919008264,False
PENGU,-8.22960227107438,False
JTO,-7.613114737190082,False
ALT,-6.864576357024793,False
kSHIB,-6.701424614876032,False
INIT,-6.317225494214874,False
SAND,-5.983337732231405,False
CAKE,-4.998398082644627,False
NOT,-4.520341715702478,False
DASH,-4.221377395041321,False
PYTH,-4.066007573553718,False
PROVE,-3.094462760330578,False
2Z,-2.851897636363636,False
SEI,-2.7082307404958668,False
GALA,-1.7696951999999995,False
SOL,-1.6711046578512396,False
BABY,-1.6543759537190081,False
BLAST,-1.296768138842974,False
SUI,-0.7240082082644625,False
MEGA,-0.6933069421487587,False
STX,-0.6629488363636358,False
ADA,-0.369740776859504,False
XRP,-0.13835370247933879,False
