coin,fundingRate_avg_5d,isNew
MOVE,-354.45481576859504,False
STABLE,-290.5754022247934,False
LAYER,-160.74823271404958,False
ME,-75.45195126942147,False
ZEC,-69.94335051570248,False
BABY,-57.343952558677685,False
ZORA,-51.6061511107438,False
IO,-49.98781133553719,False
kNEIRO,-47.291784505785124,False
AVNT,-46.96166499173553,False
MERL,-43.1630089983471,False
SNX,-42.13131483966942,False
AIXBT,-40.41534884628099,False
HMSTR,-40.39858756363636,False
kLUNC,-38.88039051570248,False
TRUMP,-37.78638379834711,False
S,-35.44356306446281,False
ZK,-35.35568433719008,False
UMA,-34.80421048264463,False
PROVE,-34.3212333123967,False
SEI,-31.83453718016528,False
NIL,-31.080773930578502,False
TRX,-29.414781203305775,False
ALT,-25.3549027338843,False
W,-24.77473444958678,False
VIRTUAL,-24.08521095867769,False
SAGA,-23.73586360661157,False
JUP,-22.690028925619835,False
CHIP,-21.880429001652892,False
HYPER,-21.614915573553724,False
WLD,-18.728260284297516,False
JTO,-18.705847715702483,False
0G,-18.425778208264465,False
POPCAT,-17.628528436363638,False
AERO,-17.309188066115702,False
POL,-15.825589398347107,False
STRK,-14.85852376859504,False
IP,-13.52368510413223,False
OP,-13.305648704132231,False
APT,-13.25015736198347,False
GMT,-12.884192072727277,False
ADA,-12.689624509090908,False
MORPHO,-11.953736727272727,False
AVAX,-11.912523461157026,False
ETC,-11.684106099173553,False
BSV,-11.563973196694215,False
MOODENG,-10.835745709090906,False
SOL,-10.20523783140496,False
2Z,-9.814595404958679,False
PYTH,-9.375327014876033,False
MINA,-9.132419454545454,False
TURBO,-9.077421133884295,False
EIGEN,-8.94628538181818,False
ICP,-8.694413662809918,False
kSHIB,-7.7978558975206616,False
FIL,-7.138775940495867,False
INJ,-7.1124467107438,False
PNUT,-6.701426062809918,False
STX,-6.504717004958676,False
ATOM,-6.207981054545454,False
TON,-5.612883123966942,False
SUSHI,-5.490387193388431,False
XLM,-5.37716745123967,False
BIO,-5.110794674380166,False
COMP,-4.9373408826446274,False
ZEN,-4.636461669421487,False
WIF,-3.8357498876033054,False
SAND,-3.333603520661157,False
XRP,-3.33225694214876,False
KAITO,-2.8595101487603314,False
XAI,-2.732111514049586,False
ALGO,-2.3032320495867764,False
MEGA,-1.815040145454545,False
MON,-1.4788262776859493,False
NEO,-0.907077728925619,False
MELANIA,-0.7969297785123952,False
