coin,fundingRate_avg_5d,isNew
ACE,-257.29044472,False
kBONK,-69.94258918000001,False
POLYX,-49.4355562,False
GMT,-26.604736120000002,False
STABLE,-26.303186989999997,False
kNEIRO,-25.44110663,False
OP,-24.87978116,False
SUPER,-24.394823910000003,False
W,-24.164967350000005,False
TURBO,-23.66110529,False
NEO,-21.335040590000006,False
AERO,-20.95380247,False
TRB,-20.586,False
UMA,-19.73082471,False
ATOM,-17.764027319999997,False
ZETA,-17.731579549999996,False
S,-15.546445730000002,False
ME,-15.49470844,False
TRX,-15.476842420000006,False
ZORA,-15.017821340000003,False
HYPER,-13.87992508,False
WCT,-13.520740260000002,False
MET,-13.332231630000006,False
VIRTUAL,-10.907236600000001,False
XAI,-10.688900170000004,False
YGG,-10.38297761,False
MOODENG,-9.77971218,False
TIA,-9.72151804,False
ZK,-8.931190109999998,False
GAS,-8.02264744,False
SEI,-7.85999249,False
MINA,-7.59590988,False
MEME,-7.301328599999997,False
AIXBT,-7.243997319999999,False
BSV,-6.913669400000001,False
POPCAT,-6.110114599999998,False
SOPH,-5.5249064500000005,False
IO,-4.84432307,False
PYTH,-4.3986055099999986,False
KAS,-2.9780627399999995,False
RENDER,-2.962719599999999,False
ALT,-2.8002048099999994,False
REZ,-2.4728947099999994,False
TRUMP,-2.4727728,False
MOVE,-2.0528621999999994,False
kFLOKI,-1.8240276399999993,False
AVNT,-1.3517373499999994,False
STRK,-1.2751793299999983,False
BCH,-0.9099712800000004,False
MERL,-0.7599445999999999,False
ANIME,-0.1429522499999996,False
