coin,fundingRate_avg_5d,isNew
MOVE,-359.68987634000007,False
STABLE,-233.65793425999996,False
LAYER,-167.85494367,False
ME,-77.12374007,False
ZEC,-67.7465039,False
IO,-53.07589757,False
HMSTR,-44.99443841,False
TRX,-42.58875115,False
kNEIRO,-41.36135907999999,False
AVNT,-40.67299609,False
ZORA,-38.081384400000005,False
kLUNC,-37.28383166,False
MERL,-37.168850819999996,False
AIXBT,-34.59923914,False
SNX,-33.99133455999999,False
BABY,-33.641468919999994,False
PROVE,-33.58758762000001,False
TRUMP,-32.285299009999996,False
UMA,-31.894199320000002,False
S,-30.228459040000004,False
SEI,-27.99121344,False
ZK,-27.662367420000002,False
CHIP,-26.233402639999998,False
ALT,-25.23861266,False
SAGA,-23.335466160000003,False
NIL,-21.67330288000001,False
JUP,-20.945975410000003,False
0G,-20.210734010000003,False
VIRTUAL,-20.03858103,False
W,-19.170703740000004,False
HYPER,-17.541027650000004,False
SOPH,-16.867161729999996,False
JTO,-16.58368813,False
AERO,-16.452055989999998,False
POL,-15.982588609999999,False
WLD,-14.956721069999995,False
OP,-14.85486344,False
EIGEN,-14.01226751,False
IP,-13.942064139999998,False
TON,-13.27070723,False
STRK,-12.167129,False
APT,-11.56583384,False
POPCAT,-11.449265979999998,False
ADA,-10.727060190000001,False
AVAX,-10.38073651,False
BSV,-9.74282017,False
SOL,-9.636657000000001,False
ETC,-8.7358005,False
kSHIB,-8.42364958,False
2Z,-7.809748049999999,False
MOODENG,-7.78662603,False
PYTH,-7.720997569999998,False
GMT,-7.495726140000001,False
MINA,-7.288722960000001,False
INJ,-7.137582299999999,False
MORPHO,-6.663338530000001,False
PNUT,-6.207086339999999,False
FIL,-5.95677299,False
ICP,-5.86879996,False
SUSHI,-5.68066947,False
SAND,-5.54097886,False
XLM,-4.4554243300000005,False
TURBO,-3.619768509999999,False
BIO,-3.2590703999999997,False
ATOM,-3.2440331299999987,False
XRP,-3.09938874,False
KAITO,-2.7838389400000003,False
COMP,-2.115204929999999,False
ALGO,-1.8944405199999987,False
WIF,-1.3824520999999994,False
TIA,-1.3229738899999997,False
MEGA,-1.2001506599999991,False
ZEN,-1.1714229699999996,False
XAI,-1.0746271599999992,False
KAS,-0.7208749999999977,False
MELANIA,-0.19271634999999868,False
