coin,fundingRate_avg_5d,isNew
AVNT,-526.1213820600001,False
BIO,-524.93932518,False
DOOD,-435.63923037000006,False
BLAST,-274.63387597,False
MERL,-268.01519372999996,False
KAITO,-251.39767082999998,False
0G,-230.79236160000002,False
REZ,-178.62919325000001,False
OM,-126.43577807999999,False
ZORA,-112.62724627000003,False
BSV,-109.82716337000001,False
IO,-73.84861624000001,False
APT,-72.36735644999997,False
MOODENG,-68.78757734,False
NXPC,-68.0382411,False
VVV,-53.72436678999999,False
BERA,-47.54389698,False
HYPER,-43.78950333,False
ATOM,-40.368303579999996,False
IP,-35.21459775,False
MEW,-30.304949899999997,False
IOTA,-28.45901861,False
MORPHO,-26.011835230000003,False
AIXBT,-25.8379412,False
kFLOKI,-24.80407943,False
PROVE,-23.798054750000002,False
INIT,-23.767140710000003,False
MOVE,-21.45473285,False
YGG,-20.314896979999997,False
GRASS,-18.66293545,False
BANANA,-17.866318569999997,False
SKY,-17.67754349,False
SAND,-16.847923310000002,False
TURBO,-15.840704350000001,False
LAYER,-15.811413100000003,False
YZY,-14.917309829999999,False
TRX,-12.491943959999999,False
RESOLV,-12.30226514,False
SEI,-12.041204,False
WCT,-10.28045933,False
GMX,-9.68093077,False
BABY,-9.29770048,False
ARK,-9.29315842,False
OP,-8.78293806,False
DYDX,-8.739202299999999,False
CELO,-7.7462636,False
CFX,-7.219720440000001,False
WLFI,-7.00551727,False
BCH,-5.7673117099999995,False
2Z,-5.286899439999999,False
ZK,-4.176248239999999,False
TRUMP,-3.8278725299999996,False
PROMPT,-3.747709039999999,False
TIA,-2.4708565499999997,False
SOPH,-2.0802393899999974,False
STX,-1.9890069100000005,False
TNSR,-1.8157706099999997,False
kPEPE,-1.66198151,False
COMP,-1.5384458,False
VIRTUAL,-0.8919366299999995,False
BIGTIME,-0.8886187799999994,False
GOAT,-0.765570709999999,False
INJ,-0.6758851,False
POLYX,-0.28380866999999904,False
S,-0.2562285400000002,False
