coin,fundingRate_avg_5d,isNew
LAYER,-356.13960894,False
ACE,-154.67750927,False
VVV,-68.34298544,False
AXS,-67.91157515000002,False
CHIP,-65.61328257000001,False
STABLE,-64.33064848,False
0G,-56.212679099999995,False
RESOLV,-47.96346375,False
TRUMP,-47.75614959,False
S,-47.608757479999994,False
MINA,-41.743789289999995,False
kLUNC,-40.470261220000005,False
AVNT,-36.675410969999994,False
PROVE,-35.914024620000006,False
KAITO,-35.099651949999995,False
BABY,-30.34131631,False
GAS,-30.219108470000002,False
USUAL,-28.379756670000003,False
ANIME,-27.67378827,False
ADA,-26.891033359999998,False
ATOM,-26.20250028,False
2Z,-26.115868260000003,False
BIO,-23.48632796,False
YGG,-20.21909835,False
BLUR,-20.195338310000004,False
RSR,-19.908074550000002,False
HYPER,-19.374588359999997,False
MEME,-19.09752197,False
kSHIB,-17.641665449999998,False
BIGTIME,-14.112648349999999,False
BERA,-13.023275189999998,False
DOT,-10.60224479,False
ZORA,-10.51945549,False
MORPHO,-9.892396439999999,False
INIT,-9.288025789999999,False
SNX,-7.82321655,False
ARK,-6.92893881,False
INJ,-6.04657394,False
AVAX,-5.076989399999999,False
ARB,-4.99484834,False
TRX,-3.95831842,False
SUSHI,-3.899543930000001,False
FIL,-3.32936867,False
TIA,-3.06064253,False
OP,-2.8207024799999996,False
MET,-2.455545529999999,False
SUPER,-2.4543534399999993,False
SOL,-2.2770838899999997,False
SUI,-1.4318373299999996,False
CRV,-1.18959705,False
VIRTUAL,-1.11796726,False
RUNE,-0.5215784299999979,False
DOGE,-0.20923332999999997,False
