coin,fundingRate_avg_5d,isNew
BABY,-596.83290944,False
STABLE,-175.09598404958678,False
TRX,-81.57764841322314,False
BSV,-55.687655196694216,False
kLUNC,-51.56073738842976,False
ZORA,-43.841864040000004,False
SNX,-42.9926320661157,False
ZK,-42.06196242644627,False
AVNT,-41.55815745123967,False
SEI,-41.48575858512397,False
TRUMP,-40.6041768,False
MEME,-39.88808806611569,False
JTO,-34.836984466115695,False
UMA,-31.27242173553719,False
S,-28.44589978,False
BIO,-28.281250470000003,False
AIXBT,-28.271580889999996,False
NIL,-27.52396234,False
STRK,-23.695199831404956,False
STX,-23.283466076033058,False
GMT,-22.706130674380166,False
MOODENG,-18.90975372892562,False
ME,-18.595708452892563,False
IO,-18.35949541487603,False
kNEIRO,-17.229438039669418,False
ALT,-17.185716228099167,False
VIRTUAL,-15.293371519999997,False
ZEC,-14.219132092561983,False
CHIP,-13.930829633057852,False
ADA,-13.82384324628099,False
MERL,-13.545105114049585,False
W,-13.488940482644628,False
CAKE,-13.256561573553718,False
MON,-12.96804409586777,False
ATOM,-11.483961094214875,False
SAGA,-10.910815289256197,False
TON,-10.86053361322314,False
ETC,-10.785347474380163,False
SUSHI,-10.40003706446281,False
APT,-10.223693920661155,False
MORPHO,-9.93325965,False
SOL,-9.268968307438016,False
PENGU,-7.817442980000002,False
AERO,-7.312590267768595,False
kFLOKI,-7.29812758016529,False
COMP,-6.7160834975206605,False
POPCAT,-6.520498760330578,False
DOT,-6.3916456760330576,False
2Z,-5.908174036363636,False
DASH,-5.897533894214876,False
XRP,-5.881142558677686,False
ICP,-5.205331001652893,False
WIF,-4.67314000661157,False
PUMP,-4.657267031404957,False
ZEN,-4.038395474380166,False
HYPER,-3.9423737599999993,False
YGG,-3.8884423735537186,False
TURBO,-3.665557566942148,False
IP,-3.233198469999999,False
XLM,-3.0237840396694216,False
MEGA,-2.703281702479338,False
OP,-2.609342647933884,False
CRV,-2.2373742247933874,False
INJ,-2.010615471074379,False
JUP,-1.8448950942148756,False
kBONK,-1.8333644727272722,False
FIL,-1.7617836892561973,False
AXS,-1.6901855305785125,False
0G,-1.6777123041322297,False
TIA,-0.9864556363636361,False
kSHIB,-0.5272644,False
POLYX,-0.5202933223140485,False
INIT,-0.2541064299999998,False
ORDI,-0.03631200991735547,False
