coin,fundingRate_avg_5d,isNew
ME,-261.88099423999995,False
STABLE,-83.97266358000002,False
BLUR,-77.78038090999998,False
CELO,-49.270250620000006,False
ZETA,-36.4740047,False
MINA,-29.81218384,False
HMSTR,-28.64242162,False
ATOM,-26.486249089999998,False
HYPER,-22.34996032,False
kNEIRO,-19.653462960000002,False
IOTA,-15.620509340000002,False
DYDX,-14.260443420000003,False
MANTA,-12.35376518,False
0G,-11.71530791,False
TRX,-10.381503740000003,False
TRUMP,-8.040968249999999,False
PYTH,-6.439561409999999,False
AIXBT,-4.63407285,False
W,-4.000765729999999,False
TIA,-3.44969895,False
BCH,-2.4207471600000003,False
MEME,-1.9405173899999995,False
INJ,-1.6138730499999998,False
ALT,-0.698480789999999,False
STX,-0.09258662999999956,False
