coin,fundingRate_avg_5d,isNew
BLAST,-197.06030478999998,False
CHIP,-79.25150173,False
STABLE,-79.09275739000002,False
kLUNC,-48.95802524,False
COMP,-42.36937812,False
2Z,-32.8473647,False
XAI,-31.935321679999998,False
STX,-26.6877415,False
WLD,-25.485724230000002,False
BERA,-25.227394020000002,False
HYPER,-23.661062949999994,False
WIF,-22.11060719,False
BABY,-21.63290833,False
KAITO,-20.35767279,False
BIO,-17.38075542,False
TRUMP,-15.852352230000001,False
REZ,-15.651229199999996,False
APE,-14.367773860000002,False
kNEIRO,-13.378919510000001,False
ARB,-11.35584058,False
0G,-10.71251713,False
ICP,-10.386690389999996,False
MERL,-10.006468430000002,False
MEGA,-9.729496939999997,False
APT,-9.437572130000001,False
FTT,-8.636607369999997,False
USTC,-7.33104325,False
WLFI,-7.1682430299999975,False
MINA,-7.075739619999999,False
IMX,-6.180332569999999,False
SEI,-5.0881905199999995,False
DYM,-4.0659978,False
ATOM,-3.95389973,False
CAKE,-3.897125439999999,False
BANANA,-3.221664469999999,False
SUI,-3.1735640399999996,False
EIGEN,-2.0570815999999996,False
TIA,-2.0517190200000006,False
MON,-1.2767860599999978,False
XRP,-0.45270439000000007,False
ORDI,-0.32766852999999907,False
SCR,-0.3016308899999998,False
