coin,fundingRate_avg_5d,isNew
SOPH,-114.85301846000004,False
TRUMP,-99.35833776,False
MOVE,-55.39662889,False
TRX,-43.60020119,False
BRETT,-39.035040339999995,False
kNEIRO,-30.236385379999998,False
LAYER,-29.384744750000003,False
EIGEN,-27.70884214,False
ME,-26.511029670000006,False
UMA,-23.35079543,False
STABLE,-21.003776079999998,False
XLM,-20.5339948,False
GAS,-20.260525120000004,False
IO,-18.758539170000002,False
MINA,-14.984269080000002,False
MOODENG,-14.58493572,False
HYPER,-14.03418284,False
IP,-12.73097808,False
AVAX,-10.74706146,False
CHIP,-10.41797381,False
ZORA,-10.16307825,False
ALT,-8.740992989999999,False
0G,-8.5450953,False
SKR,-8.374099370000001,False
XAI,-7.917403339999999,False
NOT,-6.172225920000001,False
2Z,-5.576444449999999,False
IOTA,-4.5733507200000005,False
SEI,-4.41316463,False
ETC,-4.173611479999998,False
ADA,-4.14478597,False
POLYX,-3.5553993,False
BABY,-3.1092860799999995,False
KAITO,-2.9188612,False
kLUNC,-2.8210171099999997,False
AIXBT,-1.717660799999999,False
DOT,-1.61278608,False
ORDI,-1.34708579,False
RENDER,-0.9479166799999994,False
POL,-0.8948777999999994,False
BNB,-0.75695306,False
OP,-0.6931160199999993,False
NXPC,-0.5244641199999998,False
W,-0.13444117999999927,False
