coin,fundingRate_avg_5d,isNew
ACE,-255.25191848925616,False
POLYX,-52.06981718677686,False
GMT,-35.93037001983471,False
kBONK,-30.438696337190077,False
W,-27.626389557024794,False
STABLE,-25.9635562214876,False
kNEIRO,-25.852999229752065,False
AERO,-25.005166611570253,False
ZETA,-24.381301854545455,False
ME,-24.121911738842975,False
SUPER,-23.935441021487605,False
TURBO,-23.5938661785124,False
OP,-23.48895468099174,False
NEO,-21.994799127272728,False
UMA,-18.83980693884298,False
ZORA,-17.82119341487603,False
TRB,-16.04085590082645,False
S,-15.484721871074383,False
YGG,-14.04631611570248,False
ATOM,-13.76882248264463,False
WCT,-13.055555771900826,False
MET,-12.937935034710753,False
SOPH,-12.74812538181818,False
HYPER,-11.195443616528925,False
MOODENG,-10.991671537190085,False
TRX,-9.703777785123966,False
TIA,-8.858306747107436,False
XAI,-8.838141371900827,False
VIRTUAL,-8.39223854876033,False
SEI,-8.133170598347107,False
ZK,-8.103785504132231,False
GAS,-7.865848700826448,False
MEME,-6.627186148760329,False
POPCAT,-6.068810717355371,False
MERL,-5.992216462809917,False
MINA,-5.784537133884298,False
AIXBT,-5.140899391735536,False
PYTH,-4.933249745454545,False
IO,-2.875971709090909,False
REZ,-2.3538062082644617,False
KAS,-1.9367455041322308,False
kFLOKI,-1.914691299173552,False
ANIME,-1.2528812628099173,False
MOVE,-1.0626241983471072,False
