coin,fundingRate_avg_5d,isNew
TNSR,-471.5693748499999,False
LAYER,-264.48712532231406,False
ACE,-153.30868687933884,False
VVV,-104.9463282942149,False
CHIP,-71.0780456231405,False
STABLE,-56.85724623471074,False
AXS,-52.82552066776859,False
TRUMP,-49.36015878347108,False
0G,-46.09697407933884,False
RESOLV,-45.79556419834711,False
ME,-45.53561734,False
KAITO,-43.41410607272727,False
BLUR,-39.96119859173553,False
MINA,-38.03436057520661,False
S,-37.20728264132231,False
kNEIRO,-36.9416062,False
kLUNC,-36.40221981818182,False
GAS,-36.35098757355372,False
ATOM,-33.06772509421487,False
BABY,-31.707761880991733,False
ANIME,-31.60787471404959,False
XAI,-31.18173027,False
PROVE,-31.103115550413218,False
AVNT,-29.290656347107436,False
AIXBT,-28.785990719999997,False
ADA,-26.32196691570248,False
kSHIB,-22.55585685619835,False
USUAL,-22.383258793388432,False
HYPER,-22.121523748760332,False
RSR,-19.553635447933885,False
STRK,-18.29831432,False
YGG,-17.608323966942148,False
IO,-17.178329340000005,False
BIO,-16.359776370247932,False
XLM,-13.27206503,False
INIT,-13.024387547107438,False
ICP,-11.500139583471073,False
DOT,-11.161755986776857,False
ARK,-10.89844414214876,False
IP,-10.889589302479338,False
MEME,-10.542410955371897,False
ZORA,-9.550804294214874,False
BIGTIME,-9.320149150413222,False
2Z,-8.902284119008264,False
IOTA,-8.567499,False
MORPHO,-7.505310991735538,False
AVAX,-7.418440750413221,False
UMA,-7.244952159999999,False
ALT,-6.82077617,False
BERA,-6.6383634743801645,False
SUSHI,-5.077521153719008,False
SAGA,-5.023226359999999,False
SUI,-3.6600872727272735,False
OP,-3.089324042975207,False
BCH,-2.5251344330578513,False
INJ,-2.168081176859504,False
VIRTUAL,-2.0989329223140487,False
ARB,-1.840330482644628,False
TRX,-1.6571480231404958,False
MET,-1.4282014413223134,False
PENGU,-1.4114476999999996,False
REZ,-0.7423786099999984,False
TIA,-0.3910644991735534,False
SNX,-0.33453498842975116,False
CRV,-0.16672451900826432,False
