coin,fundingRate_avg_5d,isNew
0G,-1263.75087705,False
GAS,-947.1605168000002,False
POLYX,-432.81632548000005,False
KAITO,-427.76034329,False
TNSR,-226.39758567000004,False
AVNT,-200.54979530999995,False
MERL,-185.31337546999998,False
TST,-174.49534486999997,False
LAYER,-164.89355558999998,False
ANIME,-163.65710568,False
WCT,-153.74243329,False
GMT,-142.13025904999998,False
RESOLV,-129.54769581,False
BLAST,-115.47231760999998,False
INIT,-114.34997546000002,False
MOVE,-87.68122491000003,False
BIGTIME,-83.36808853,False
DYM,-77.04556218,False
TURBO,-67.46078263,False
ARK,-67.18325926,False
ZORA,-64.43044459000001,False
SOPH,-62.64064665,False
BIO,-61.25309623,False
NIL,-60.28331021000002,False
USTC,-59.43312593000001,False
HMSTR,-51.55573681000002,False
SUPER,-51.24044324,False
BANANA,-46.500184589999996,False
REZ,-42.834575730000005,False
MOODENG,-39.72603352,False
MANTA,-38.697547469999996,False
IMX,-36.948476959999994,False
FXS,-36.20195852,False
IO,-35.98550841,False
HYPER,-34.18736803,False
kLUNC,-33.595461400000005,False
CELO,-32.20059857,False
2Z,-27.589511230000003,False
VVV,-25.132946620000002,False
BLUR,-22.85058702,False
OM,-21.40424897,False
ME,-20.827909590000004,False
BABY,-20.53106896,False
FET,-20.372272059999997,False
EIGEN,-18.692669809999998,False
PROVE,-18.44332298,False
CFX,-18.13768585,False
XAI,-17.90387926,False
kFLOKI,-15.300507999999999,False
ZRO,-14.010400169999999,False
ZETA,-13.158883639999999,False
NOT,-12.707175699999999,False
IP,-12.273736010000004,False
UMA,-12.15650604,False
SEI,-11.78681214,False
MEW,-11.20790535,False
ETC,-10.46441787,False
WIF,-9.82383557,False
DOT,-9.598911619999999,False
CC,-9.417071540000002,False
NEO,-8.90460351,False
JUP,-8.69813615,False
SUSHI,-8.534888440000001,False
STX,-8.307708790000001,False
BSV,-7.4537117199999985,False
FIL,-7.441316320000001,False
SKY,-7.220571619999999,False
SAGA,-6.834499439999998,False
MEME,-5.750810789999998,False
GMX,-5.710692179999999,False
ALT,-4.111722079999999,False
ADA,-3.6210847,False
POL,-3.0627668299999993,False
TRUMP,-2.8067624,False
S,-2.31181802,False
XLM,-2.0797313099999997,False
USUAL,-1.7894124999999992,False
kSHIB,-1.1933623899999999,False
CAKE,-0.7498472399999995,False
AR,-0.6207956499999995,False
