coin,fundingRate_avg_5d,isNew
STABLE,-348.61727503000003,False
MOVE,-342.30235966000004,False
AVNT,-77.03091180999999,False
ME,-75.85158659,False
ZEC,-71.56285192,False
IO,-52.11581835999999,False
MERL,-49.939903709999996,False
SNX,-49.32169664,False
TRX,-48.026897100000006,False
UMA,-47.08594024,False
kNEIRO,-44.667672890000006,False
ZK,-44.654447479999995,False
PROVE,-35.40265013,False
SEI,-35.37130539,False
kLUNC,-30.92879841,False
W,-30.24788215,False
SAGA,-29.920448679999996,False
BSV,-28.743222209999995,False
POPCAT,-23.589982850000002,False
ALT,-23.21397299,False
JTO,-22.611347770000002,False
JUP,-21.457801770000003,False
STRK,-21.299648730000005,False
MOODENG,-20.78142757,False
AERO,-19.8225222,False
GMT,-18.85872583,False
HMSTR,-16.52253092,False
WLD,-14.572442500000001,False
SOL,-13.992219519999999,False
ADA,-13.85024985,False
STX,-13.248345140000001,False
CHIP,-12.760300719999996,False
OP,-12.617544109999999,False
INJ,-12.32390818,False
TURBO,-12.26693533,False
ICP,-11.596992429999998,False
AVAX,-11.34983414,False
2Z,-11.019997510000001,False
ETC,-10.653520720000001,False
POL,-10.65179573,False
0G,-9.82753667,False
MON,-9.692378630000002,False
PYTH,-9.09070314,False
COMP,-9.02138745,False
APT,-8.51550548,False
ATOM,-8.343722609999999,False
SUSHI,-8.10997442,False
CAKE,-8.036087470000002,False
FIL,-8.013013629999998,False
MINA,-7.726126550000001,False
WIF,-7.662081459999998,False
kSHIB,-7.2192138199999984,False
PNUT,-6.750052309999999,False
TON,-6.076755059999997,False
XLM,-5.41970615,False
XAI,-5.189585329999999,False
ZEN,-5.12306408,False
ALGO,-2.0679586,False
PUMP,-2.0363875599999997,False
XRP,-1.46764018,False
ARB,-0.9388588400000001,False
kBONK,-0.9387588299999987,False
MEGA,-0.5770036799999991,False
SAND,-0.5695270199999997,False
ONDO,-0.549266599999999,False
MEME,-0.45585214999999857,False
DOGE,-0.4345865200000001,False
TAO,-0.28380137000000005,False
