coin,fundingRate_avg_5d,isNew
ACE,-263.45405055867764,False
POLYX,-65.41855567933885,False
GMT,-48.48094871404958,False
ZORA,-33.932687494214875,False
GAS,-31.92313553057851,False
ME,-28.177277722314052,False
ZETA,-27.44521610578512,False
kNEIRO,-26.470586469421487,False
NEO,-24.176691421487607,False
TURBO,-22.899769388429757,False
SUPER,-22.131793219834712,False
AERO,-20.293555725619836,False
SOPH,-19.796854314049586,False
YGG,-19.427717325619835,False
ATOM,-19.237911292561986,False
W,-18.189645530578513,False
OP,-14.333124307438018,False
S,-13.905573322314051,False
kBONK,-12.370706935537195,False
UMA,-11.739113107438019,False
SEI,-11.67127161322314,False
WCT,-11.135905299173555,False
TRB,-10.282365649586778,False
HYPER,-9.921620161983473,False
MERL,-9.55360532231405,False
VIRTUAL,-8.73909690247934,False
MINA,-7.435303388429753,False
MOVE,-7.286807633057852,False
TIA,-7.261771408264463,False
KAS,-5.760004066115702,False
XAI,-4.688106575206612,False
BSV,-3.3010583107438003,False
2Z,-2.9873315801652893,False
IO,-2.674039953719008,False
REZ,-2.2968329057851227,False
kFLOKI,-1.6207447933884276,False
POPCAT,-1.1436179999999985,False
AIXBT,-0.9724990016528923,False
MOODENG,-0.4961048628099169,False
MEME,-0.11254790082644527,False
