coin,fundingRate_avg_5d,isNew
SOPH,-246.32666596999997,False
TRUMP,-79.63906091999999,False
MOVE,-52.917192650000004,False
TRX,-52.70723735,False
EIGEN,-39.190582899999995,False
CHIP,-33.89522057,False
BRETT,-33.02047981999999,False
ME,-32.32765653,False
UMA,-32.081223130000005,False
LAYER,-30.514262070000004,False
STABLE,-29.49272197,False
XLM,-25.214225550000002,False
kNEIRO,-23.00306358,False
ALT,-21.7706513,False
MOODENG,-19.112991400000002,False
ZORA,-19.070039660000003,False
IO,-18.89982848,False
GAS,-17.53355829,False
MINA,-14.483757719999996,False
IP,-14.158950789999999,False
POL,-10.83421324,False
kLUNC,-10.17341651,False
AIXBT,-10.10380809,False
ZEC,-9.873721580000002,False
0G,-9.810405029999998,False
AVAX,-9.618692430000001,False
SKR,-8.353765219999998,False
HMSTR,-7.843914240000002,False
STRK,-7.31046309,False
ETC,-7.263331369999999,False
JUP,-5.833883329999999,False
NOT,-5.790679740000001,False
SEI,-5.161517559999997,False
IOTA,-5.00761604,False
SNX,-5.003251369999999,False
2Z,-4.72004057,False
FIL,-3.9191743599999995,False
SAND,-3.57788111,False
W,-3.393442229999999,False
ZK,-3.117223369999999,False
APE,-2.6086484299999992,False
OP,-2.601910529999999,False
HYPER,-2.3191516,False
ZEN,-2.2127672399999994,False
TIA,-1.8194585699999994,False
XAI,-1.650146749999999,False
RENDER,-1.6441760799999992,False
ORDI,-1.6234477299999999,False
XRP,-0.5434587200000001,False
