coin,fundingRate_avg_5d,isNew
ZORA,-184.17789405,False
ALT,-60.661166970000004,False
kLUNC,-58.57615922000001,False
TRX,-43.00152891999999,False
IO,-41.10519989000001,False
BSV,-32.591633290000004,False
POLYX,-27.614756089999997,False
STABLE,-24.37310276,False
BCH,-20.161673630000006,False
BIO,-20.121952869999998,False
JTO,-18.21366425,False
ME,-16.90324490000001,False
TRUMP,-16.704984200000002,False
XLM,-16.412161490000003,False
2Z,-15.229847650000002,False
ETC,-14.63811403,False
S,-14.565586340000001,False
0G,-14.21436509,False
COMP,-13.725241000000002,False
ATOM,-12.066791230000002,False
HYPER,-11.702364280000001,False
MOVE,-11.551316330000004,False
APT,-11.047890810000002,False
CHIP,-10.660557189999999,False
SNX,-10.341274169999998,False
SUSHI,-9.41470561,False
JUP,-8.622592829999999,False
STRK,-7.28782068,False
OP,-7.23017331,False
DOT,-4.97860073,False
AXS,-4.516732649999998,False
MEME,-4.185817079999999,False
BABY,-4.159867039999999,False
XRP,-3.84490416,False
ADA,-3.8269016299999987,False
kNEIRO,-3.111389209999999,False
STX,-2.968499739999999,False
SEI,-2.4777689200000004,False
MORPHO,-2.2770992199999993,False
NXPC,-1.8523355799999992,False
ZK,-1.1821561599999992,False
INIT,-0.6069256500000012,False
ONDO,-0.5036160499999994,False
