coin,fundingRate_avg_5d,isNew
BLAST,-152.32801139504136,False
CHIP,-151.5265271404959,False
STABLE,-70.0266689752066,False
APE,-56.83733859173553,False
WLD,-48.80112309421487,False
BERA,-48.488646654545455,False
TRUMP,-42.02529712066116,False
kLUNC,-40.351418221487606,False
kNEIRO,-37.822813090909094,False
REZ,-37.524931100826436,False
MERL,-32.91636025785123,False
0G,-24.107029150413226,False
BIO,-23.938602585123963,False
WLFI,-23.877326023140498,False
COMP,-23.515607523966942,False
MON,-18.653563547107442,False
XAI,-18.4857024,False
CAKE,-17.30773216859504,False
SEI,-16.6598968661157,False
KAITO,-15.805441398347105,False
STX,-12.836290799999999,False
IMX,-12.767855652892562,False
AXS,-12.301092446280993,False
TST,-11.9576628,False
2Z,-11.509501923966944,False
ALT,-9.836025550413224,False
SUI,-8.534632710743802,False
GRIFFAIN,-6.818311249586778,False
BANANA,-5.680299649586775,False
ARB,-4.640048201652892,False
USTC,-4.286879028099173,False
MOVE,-4.123530366942148,False
ICP,-4.0646986413223125,False
XRP,-3.5244412066115705,False
DYM,-3.141524231404958,False
GAS,-2.9099518214876023,False
TURBO,-2.896992089256198,False
BTC,-2.508541834710744,False
TIA,-1.6538184991735536,False
POLYX,-1.4006400198347104,False
GALA,-1.0534363338842976,False
STRK,-0.9301114611570243,False
SAND,-0.5812484429752063,False
