coin,fundingRate_avg_5d,isNew
BLUR,-87.47438014,False
VINE,-68.51889719,False
IOTA,-41.20822479,False
kNEIRO,-34.60327604,False
SNX,-33.381722509999996,False
STABLE,-31.86259689,False
0G,-19.069934540000002,False
ATOM,-19.00794951,False
POLYX,-16.918820179999997,False
UMA,-14.392060229999998,False
STX,-14.12849957,False
TRUMP,-13.076835289999998,False
AVNT,-11.781450289999999,False
ME,-11.587223569999999,False
KAS,-9.24210295,False
ANIME,-8.79775925,False
OP,-8.183193419999998,False
HYPER,-6.789094899999999,False
CHIP,-6.148019119999998,False
MINA,-6.055212759999998,False
BIGTIME,-5.93920627,False
W,-5.843882139999998,False
PENGU,-5.580861680000001,False
XAI,-5.3298205199999975,False
CELO,-5.064836359999999,False
TRX,-4.59228546,False
NXPC,-4.15884869,False
BIO,-3.1480425099999967,False
FIL,-2.2710205099999983,False
ADA,-2.0652269399999996,False
AIXBT,-1.4598430499999986,False
PROVE,-1.3753068599999994,False
BANANA,-1.0378723899999958,False
SEI,-0.48878682999999906,False
