coin,fundingRate_avg_5d,isNew
MOVE,-347.71041209,False
ANIME,-282.24680944999994,False
BERA,-275.68567749000005,False
AVNT,-274.97196744,False
HYPER,-252.94397580999998,False
BLUR,-252.24350358,False
IP,-251.88216307,False
GMT,-177.59398098,False
VVV,-159.20477655,False
BLAST,-148.10778229,False
ME,-126.60873989999999,False
KAITO,-118.60564113000001,False
POLYX,-109.37402317000003,False
0G,-58.33157928999999,False
REZ,-48.79011794,False
LAYER,-47.39304467,False
ZORA,-36.625848350000005,False
IO,-33.47412737,False
FTT,-25.60803062,False
MEME,-22.433716870000005,False
ZETA,-21.550652660000004,False
TNSR,-18.90492096,False
BSV,-18.37133987,False
kLUNC,-17.20936383,False
USUAL,-15.781670709999998,False
ACE,-14.938939729999998,False
XAI,-14.51743408,False
ZEC,-14.46714657,False
WCT,-12.615250449999998,False
MEW,-12.31481165,False
ATOM,-11.94327742,False
AR,-11.475973030000004,False
TRUMP,-9.123606429999997,False
MELANIA,-7.70615083,False
ZEREBRO,-7.04640384,False
IMX,-6.530658839999998,False
NOT,-5.530621619999999,False
STX,-4.594735339999999,False
CELO,-4.51680346,False
2Z,-4.337119069999999,False
USTC,-4.064980179999999,False
GMX,-3.84558525,False
WLFI,-3.8105452500000006,False
SCR,-3.7347989899999985,False
PROVE,-3.47285163,False
FIL,-3.2139425299999997,False
APT,-3.2045707899999996,False
FOGO,-3.055609909999999,False
TURBO,-2.534986319999999,False
SUPER,-2.4217684299999993,False
TRX,-2.3662161599999996,False
SAND,-1.707795579999999,False
BCH,-1.2707066200000001,False
BIO,-0.9529551399999987,False
