coin,fundingRate_avg_5d,isNew
SUPER,-529.4192485090908,False
REZ,-489.2096184892563,False
BLUR,-356.73923408925623,False
POLYX,-240.8858334148761,False
ZETA,-213.83695156363635,False
FTT,-138.64858290247938,False
TNSR,-127.0570207735537,False
ALT,-126.31705995371902,False
BERA,-106.79136094214876,False
2Z,-102.19379439669422,False
SOPH,-89.94547914049588,False
ME,-89.05448940495866,False
NIL,-75.57496700826447,False
BLAST,-73.73545822809916,False
DYM,-68.49528342148761,False
JTO,-61.77262630413223,False
AXS,-59.68971259834711,False
TURBO,-52.671869543801655,False
BSV,-52.46128059173554,False
STABLE,-51.59398557024794,False
GAS,-46.77733359669421,False
MOODENG,-46.65741498842975,False
APT,-44.77602182479339,False
AVNT,-41.643821563636365,False
POL,-33.91381729586778,False
MOVE,-33.78744741818182,False
XAI,-33.2400089553719,False
0G,-32.808258238016535,False
TRUMP,-31.22491936859504,False
STRK,-29.18513599338843,False
EIGEN,-27.278519097520665,False
CELO,-26.06382781487604,False
LAYER,-25.62317737190083,False
ANIME,-22.856693355371902,False
ZORA,-22.185337090909087,False
MERL,-18.645523894214875,False
FET,-17.362840532231402,False
ZEC,-15.18450291570248,False
MEW,-14.941423051239672,False
PROVE,-14.745324297520655,False
SEI,-14.657452085950412,False
kLUNC,-14.323471656198349,False
AIXBT,-14.192869467768595,False
OP,-13.75959118016529,False
HYPER,-13.273287381818182,False
AERO,-13.011491523966946,False
kNEIRO,-12.959585266115704,False
W,-12.864951927272726,False
IMX,-12.551763104132233,False
BANANA,-12.49984598677686,False
KAS,-12.451440109090907,False
S,-11.90993093553719,False
DASH,-10.128387292561982,False
IO,-8.901350925619836,False
DOT,-8.187531104132232,False
TIA,-7.830846347107437,False
BABY,-6.7286341884297505,False
MEME,-6.721941838016527,False
kBONK,-6.528396515702477,False
kSHIB,-5.160044697520661,False
INIT,-3.824553738842975,False
PENGU,-3.1424320859504125,False
ARK,-3.126007447933884,False
ACE,-2.8098098181818183,False
HBAR,-2.2449852892561983,False
BRETT,-1.9764239603305787,False
SOL,-1.4235933917355368,False
BTC,-1.3375651239669422,False
VIRTUAL,-1.2959753950413218,False
kFLOKI,-1.2619981785123966,False
XRP,-1.0314791404958679,False
VVV,-0.5371718876033053,False
STX,-0.32271478016528826,False
