coin,fundingRate_avg_5d,isNew
YZY,-317.02019085619827,False
BLUR,-208.8533434016529,False
SUPER,-192.99834212231403,False
MOVE,-144.49853768925618,False
COMP,-123.77909610247934,False
BLAST,-123.18756443305787,False
BIO,-99.86296255537191,False
WLD,-93.85526478347107,False
STABLE,-87.37937903801655,False
FTT,-82.8686443636364,False
FET,-80.52689872066117,False
UMA,-80.4999512231405,False
ACE,-65.96786052892561,False
IP,-62.41149310413224,False
kNEIRO,-50.926091315702465,False
ALT,-46.50958093884297,False
AXS,-45.76685818512397,False
MEME,-43.37290149421487,False
BOME,-33.72856646280992,False
ZETA,-29.646402842975206,False
0G,-29.21351404958677,False
JTO,-28.753767530578507,False
AERO,-28.518622343801653,False
USTC,-25.835304753719015,False
2Z,-25.668844482644626,False
AVNT,-23.367210952066113,False
W,-22.690487196694217,False
KAITO,-21.59321756033058,False
XAI,-19.703807910743805,False
SAND,-19.2716496,False
MET,-18.87670536198347,False
JUP,-16.322124297520663,False
EIGEN,-15.024412105785125,False
DYM,-14.175573897520659,False
PNUT,-14.041422099173554,False
TRUMP,-13.681423745454548,False
TAO,-12.813826829752067,False
INIT,-12.47423420826446,False
ARB,-12.085340885950414,False
PROVE,-11.92551721983471,False
PYTH,-11.806216155371901,False
OP,-10.700462350413224,False
IMX,-9.945630525619833,False
DASH,-8.922576912396694,False
kLUNC,-8.696120776859503,False
S,-8.619554757024794,False
MORPHO,-8.47116252892562,False
TIA,-8.349803950413222,False
BERA,-8.290794128925619,False
USUAL,-7.59688701818182,False
STRK,-7.568151322314049,False
DOT,-7.514319312396694,False
MERL,-6.688650942148759,False
TON,-6.394697920661157,False
BABY,-6.3449418446280985,False
GAS,-6.3400680991735525,False
IO,-5.856062171900826,False
ETH,-5.6645960826446276,False
TURBO,-3.9012659999999992,False
BTC,-3.5366661123966945,False
MANTA,-3.3847474413223133,False
YGG,-3.25133481322314,False
ANIME,-2.938112687603305,False
BANANA,-2.4926601719008246,False
SAGA,-2.2777585487603305,False
REZ,-2.0562731702479335,False
LAYER,-1.8269761884297513,False
ARK,-1.8186274016528914,False
ENA,-1.7492264826446269,False
SCR,-0.7482430016528919,False
ADA,-0.4276139702479339,False
APT,-0.18717151735537185,False
APE,-0.10054163305785206,False
