coin,fundingRate_avg_5d,isNew
YZY,-351.74190571,False
0G,-206.13128916999997,False
TRUMP,-161.82371944000002,False
STABLE,-146.48513902000002,False
BLAST,-138.71814196000003,False
BIO,-120.10423696000001,False
FET,-105.21663229,False
DOT,-102.61320627999999,False
REZ,-81.79401727000001,False
JTO,-71.67226213,False
AXS,-60.5339652,False
BERA,-55.109365860000004,False
POL,-54.35322674999999,False
SUPER,-53.80961984000001,False
COMP,-48.01505430999999,False
W,-41.050117740000005,False
IMX,-40.671487909999996,False
TURBO,-38.704292669999994,False
GAS,-37.38102093999999,False
POLYX,-36.84981527000001,False
RESOLV,-35.329202640000005,False
EIGEN,-33.8187757,False
APT,-31.980571459999993,False
HYPER,-31.583958810000006,False
AVNT,-31.022397549999997,False
SEI,-28.716263310000002,False
MOVE,-28.582505409999996,False
ZETA,-27.535637229999995,False
WLFI,-27.02874494,False
2Z,-26.499437999999998,False
SAND,-24.43818591,False
kLUNC,-23.28131111,False
KAITO,-23.058591030000002,False
NEO,-21.80743016,False
BLUR,-20.617592209999998,False
PROVE,-20.498843839999996,False
STX,-19.901310370000004,False
ARK,-19.58574232,False
APE,-19.40902976,False
kNEIRO,-19.06676707,False
OP,-19.00930439,False
IP,-18.12662051,False
XAI,-18.06703207,False
MEW,-17.73888904,False
IOTA,-17.17057747,False
BABY,-17.070779170000005,False
BSV,-16.643617480000003,False
S,-14.547995529999998,False
ME,-14.21740773,False
GMT,-13.83889397,False
SAGA,-13.246895359999998,False
HBAR,-12.79129287,False
DYM,-12.13290587,False
ALT,-11.846165519999998,False
GRIFFAIN,-10.13684278,False
USTC,-9.016404469999996,False
NOT,-8.266074699999997,False
STRK,-8.029697780000001,False
XLM,-7.85100984,False
MINA,-7.4894203999999975,False
USUAL,-7.4014408000000005,False
kFLOKI,-6.95824904,False
ADA,-6.272121309999999,False
IO,-5.955863409999998,False
ICP,-5.739935979999999,False
ARB,-5.59798456,False
SUI,-4.77094931,False
BIGTIME,-4.61923122,False
ZEN,-4.146064929999999,False
SUSHI,-3.94371039,False
TIA,-3.891156959999999,False
KAS,-3.359186249999999,False
CHILLGUY,-3.0670811299999996,False
INJ,-2.8882092299999997,False
ANIME,-2.4513254,False
TNSR,-2.4063033799999993,False
MORPHO,-2.31832378,False
DASH,-2.1031752599999973,False
BCH,-1.9954681399999996,False
kSHIB,-1.8300238599999994,False
MELANIA,-1.5670800499999988,False
PYTH,-1.39786094,False
PENGU,-1.3721014299999994,False
AIXBT,-1.219370099999999,False
ETH,-0.2650900099999999,False
