coin,fundingRate_avg_5d,isNew
BANANA,-250.29284138,False
TURBO,-250.17558147999998,False
STABLE,-247.08888159999998,False
0G,-224.34306783,False
RESOLV,-224.32258987,False
JTO,-215.81459974000003,False
XAI,-178.42948204,False
ANIME,-169.00090643,False
BLAST,-163.82344421,False
ZETA,-143.77393216,False
GAS,-133.85722671999997,False
AXS,-102.94004261,False
POLYX,-98.17994913,False
REZ,-74.42061285,False
IMX,-63.93864578,False
NIL,-59.047708560000004,False
TST,-58.59577797,False
IP,-56.009310590000005,False
AERO,-54.43314277,False
2Z,-47.00074851,False
kNEIRO,-44.11098,False
YZY,-42.36683042,False
MEME,-39.57060046,False
ZORA,-38.93183732,False
TRUMP,-38.51729806,False
INIT,-34.69958348000001,False
MON,-32.86741269,False
POL,-31.76427246,False
ALT,-31.682364999999997,False
PYTH,-31.060816720000005,False
SCR,-28.548915190000006,False
kLUNC,-28.45248584,False
FET,-27.938367279999994,False
LAYER,-27.593844510000004,False
TAO,-27.57602886,False
EIGEN,-26.775678030000005,False
DYM,-26.140504300000003,False
MOVE,-25.50850826,False
GOAT,-24.53847404,False
MOODENG,-23.75126175,False
ACE,-23.595300899999994,False
SOPH,-22.80656145,False
OP,-21.98239145,False
SAND,-21.74864545,False
DOT,-21.136743390000003,False
PROVE,-21.12785564,False
MANTA,-19.89291172,False
APT,-19.33120008,False
USUAL,-18.41330976,False
BIGTIME,-18.01217549,False
W,-17.817291769999997,False
USTC,-16.18191219,False
kBONK,-16.062592230000003,False
S,-15.80774923,False
BERA,-15.752017379999998,False
kFLOKI,-15.679011540000001,False
NEO,-14.77841346,False
BLUR,-14.5281242,False
AVNT,-14.477378250000001,False
ASTER,-14.279611030000003,False
BABY,-13.63275511,False
kPEPE,-13.423164080000005,False
VIRTUAL,-11.841730040000002,False
MINA,-11.780391060000001,False
KAITO,-11.49672985,False
SEI,-11.422894,False
ADA,-11.28799292,False
UMA,-9.685727599999998,False
BRETT,-9.029207210000001,False
ENA,-8.45545787,False
SOL,-8.324173210000001,False
MEW,-8.06630509,False
APE,-8.00519022,False
TIA,-7.912542269999999,False
PNUT,-7.777554319999999,False
PUMP,-5.528865969999998,False
ETC,-5.497868709999999,False
XRP,-5.29004574,False
SNX,-4.957381819999999,False
LIT,-4.887719379999999,False
YGG,-4.7646333499999995,False
SPX,-4.62972789,False
BSV,-4.57654447,False
COMP,-4.18885096,False
STRK,-4.104197239999999,False
ONDO,-2.5493454199999994,False
ARB,-2.35169938,False
PENGU,-1.5963311499999997,False
CRV,-0.6170836,False
BNB,-0.33736511999999974,False
MET,-0.2480883099999994,False
