coin,fundingRate_avg_5d,isNew
DOOD,-499.53394548,False
0G,-233.25541664000002,False
REZ,-90.98342955,False
KAITO,-56.18179206999999,False
BLAST,-43.672858819999995,False
CELO,-36.16687763999999,False
APT,-32.16361969,False
BIO,-9.422778680000002,False
MAV,-6.817075799999998,False
