coin,fundingRate_avg_5d,isNew
TNSR,-193.61752769999998,False
IP,-108.55395869000002,False
FOGO,-77.00771313999999,False
0G,-73.98240845,False
TRUMP,-73.63218437999998,False
GAS,-69.70864462,False
STABLE,-69.26060201000001,False
ZORA,-68.80076041,False
BSV,-67.99261026,False
LAYER,-66.34951093000001,False
S,-55.52892241,False
CELO,-54.93500901,False
AVNT,-45.43064260999999,False
ME,-40.085470189999995,False
PROVE,-39.47273519999999,False
POLYX,-37.48953762999999,False
AIXBT,-33.91033667999999,False
kNEIRO,-32.4645381,False
USUAL,-29.823377660000002,False
IOTA,-29.28652544,False
SNX,-27.361393529999994,False
XAI,-22.31586494,False
MANTA,-21.7200185,False
kSHIB,-21.50139445,False
STRK,-21.050672010000007,False
TRX,-20.47384134,False
BIO,-19.04515834,False
MON,-18.711516220000004,False
MINA,-18.45686959,False
ADA,-18.283109880000005,False
NOT,-16.785384210000004,False
ZETA,-16.34671626,False
APT,-16.189650920000002,False
KAITO,-15.246639839999999,False
INJ,-14.870424120000001,False
ANIME,-14.27020206,False
SUSHI,-13.441172450000005,False
AXS,-13.304160940000001,False
POPCAT,-12.491253380000002,False
GMT,-12.475639410000003,False
YGG,-11.860711499999999,False
MERL,-11.827928660000001,False
OP,-11.504305059999998,False
SOPH,-11.132428459999998,False
XRP,-10.95171988,False
kPEPE,-10.50970342,False
FIL,-9.52193823,False
W,-7.755978439999998,False
ETH,-7.11399454,False
WLFI,-7.072522509999999,False
DOT,-7.00035398,False
KAS,-6.552382909999999,False
CHIP,-5.419357209999996,False
kFLOKI,-4.711179099999999,False
STX,-4.335804339999999,False
ALGO,-4.25952518,False
ATOM,-3.96084349,False
ZK,-3.77814712,False
ARB,-3.3185310900000005,False
DOGE,-3.1796661100000003,False
MOODENG,-2.7021263899999997,False
kLUNC,-2.0039010999999993,False
ALT,-1.7767922599999992,False
AVAX,-0.8223968299999996,False
HYPER,-0.7531424599999987,False
VIRTUAL,-0.6860912299999988,False
