coin,fundingRate_avg_5d,isNew
BLAST,-177.08463146776862,False
CHIP,-169.03032765619835,False
STABLE,-72.77329023471076,False
APE,-60.19006787107438,False
BERA,-56.775297520661155,False
WLD,-56.183400971900824,False
kLUNC,-52.83993412561984,False
0G,-49.74449980165289,False
TRUMP,-46.82864692561983,False
kNEIRO,-39.196195031404955,False
REZ,-36.776818413223126,False
MERL,-33.08743219834711,False
COMP,-24.826186780165294,False
BIO,-21.781957190082643,False
WLFI,-20.620573041322316,False
CAKE,-20.037313418181817,False
MON,-19.404627123966943,False
XAI,-17.963335636363638,False
SEI,-17.908051348760328,False
KAITO,-17.70590457520661,False
AXS,-14.967548122314053,False
STX,-14.580085358677687,False
IMX,-12.921432932231404,False
TST,-12.488001163636364,False
2Z,-12.361506763636363,False
ALT,-10.291513695867769,False
BANANA,-9.634132165289257,False
SUI,-8.461829871074379,False
MOVE,-8.068185153719007,False
GRIFFAIN,-6.4458056429752055,False
DYM,-5.120688406611569,False
ARB,-3.6571284198347107,False
TIA,-3.352722039669421,False
BTC,-3.3484151603305787,False
XRP,-3.2181373090909093,False
TURBO,-2.896992089256198,False
GAS,-2.359773143801653,False
STRK,-2.3347839768595042,False
INJ,-2.010110866115702,False
USTC,-1.900475484297519,False
ICP,-1.6001602413223128,False
FET,-1.1273902809917338,False
POLYX,-0.6211672561983469,False
GALA,-0.5991079834710742,False
ZEN,-0.5049256760330574,False
SAND,-0.34238496198347057,False
MANTA,-0.30449325619834694,False
