coin,fundingRate_avg_5d,isNew
0G,-1926.7257832399998,False
MERL,-484.3275943400001,False
RESOLV,-386.4732989399999,False
LAYER,-249.77136368999996,False
OM,-166.95119053000002,False
APT,-158.20788124999999,False
BSV,-107.23674961000002,False
BERA,-103.0061755,False
BLAST,-87.57209721,False
BIO,-86.03656849,False
ARK,-84.86355777000001,False
PROMPT,-84.67586601,False
SOPH,-83.19475879000001,False
MAV,-65.91438494,False
MORPHO,-60.40725618,False
ZEC,-57.55908161,False
WCT,-54.35587446000002,False
MINA,-52.5134406,False
ME,-50.986938329999994,False
IO,-47.47496162,False
FIL,-44.75187546999999,False
MAVIA,-41.439641359999996,False
YGG,-40.17099772,False
NXPC,-39.757275330000006,False
REZ,-37.632663619999995,False
AVNT,-37.15398072,False
VVV,-36.903587800000004,False
PROVE,-34.86532633000001,False
MANTA,-34.441258379999994,False
DOOD,-30.775326860000007,False
ZK,-28.5853473,False
KAITO,-27.738704249999998,False
BABY,-25.668503089999998,False
ENA,-25.613230409999996,False
ZRO,-25.162883190000002,False
TNSR,-23.82976668,False
ZEN,-23.40330652,False
IP,-21.9138043,False
MOODENG,-21.573255650000004,False
STX,-19.97513746,False
ATOM,-19.066917450000002,False
ANIME,-18.6399222,False
JUP,-17.70317963,False
BANANA,-17.38495146,False
SEI,-17.335704930000002,False
CAKE,-16.834648990000005,False
SUSHI,-16.44698979,False
ENS,-16.395967170000002,False
COMP,-14.18014123,False
SKY,-13.880387170000002,False
ZETA,-13.66744909,False
DOT,-12.874540610000002,False
HYPER,-12.620818159999999,False
S,-11.66151932,False
DYM,-11.48228534,False
YZY,-11.355573399999999,False
JTO,-11.06869946,False
ZORA,-10.21696685,False
ASTER,-10.21554919,False
XAI,-9.48966566,False
BCH,-9.41747085,False
ALGO,-9.1396438,False
CFX,-8.435971979999998,False
BLUR,-8.083736759999999,False
kLUNC,-7.4709448300000005,False
INJ,-7.39661988,False
WLFI,-7.31318818,False
CELO,-5.857855799999999,False
AVAX,-5.73038904,False
RENDER,-5.588909199999999,False
USUAL,-5.161288339999998,False
IOTA,-4.16349295,False
MOVE,-4.123157529999999,False
FXS,-3.80287222,False
PENGU,-3.3129443999999992,False
GMT,-2.73159065,False
PNUT,-2.5308888299999994,False
MEME,-2.4139720299999996,False
RSR,-2.027967739999999,False
kBONK,-1.9759742199999994,False
kPEPE,-1.8827627100000002,False
GAS,-1.649562019999999,False
SOL,-1.3594162200000002,False
MEW,-1.0387505799999985,False
PYTH,-0.5756495299999995,False
