coin,fundingRate_avg_5d,isNew
POLYX,-156.64049314000002,False
IP,-141.21739843000003,False
BLAST,-119.14785885,False
kLUNC,-92.96016005,False
ANIME,-70.60682348,False
ZK,-62.32862420999998,False
REZ,-48.72515889,False
USTC,-31.990839639999994,False
ZETA,-30.6523642,False
VVV,-28.12184037,False
MINA,-21.286048830000002,False
TNSR,-21.25739341,False
XAI,-17.298572019999998,False
SUPER,-16.611125180000002,False
ACE,-15.675982770000001,False
BERA,-14.674065069999996,False
GAS,-12.36713367,False
ATOM,-11.11287906,False
MEME,-11.077360909999994,False
LAYER,-11.032124999999999,False
UMA,-10.31437294,False
MELANIA,-10.01592412,False
CELO,-5.2460062999999995,False
SCR,-5.17197773,False
ZRO,-3.8700314899999997,False
BSV,-3.680360699999998,False
MANTA,-2.952375499999999,False
FTT,-2.5590916499999965,False
MERL,-2.3207619799999986,False
DOT,-1.11828554,False
TRUMP,-0.15851073999999968,False
