coin,fundingRate_avg_5d,isNew
TNSR,-489.49147929,False
LAYER,-392.18045062,False
0G,-152.59479736999995,False
ME,-81.12591908,False
CHIP,-72.67947233,False
FOGO,-71.45712748,False
S,-60.495102919999994,False
kNEIRO,-50.23354037,False
TRUMP,-48.77978625,False
AVNT,-47.22002955999999,False
MINA,-46.37616197,False
AIXBT,-46.202448249999996,False
SUSHI,-44.18010516,False
2Z,-43.07975645,False
USUAL,-42.82501054,False
STABLE,-42.533910629999994,False
PROVE,-42.31804379,False
ZORA,-39.608163340000004,False
VVV,-32.70085734999999,False
BIO,-31.502113399999995,False
kLUNC,-30.988635049999996,False
KAITO,-29.219887390000007,False
AXS,-27.892167770000004,False
RESOLV,-27.26262672,False
IOTA,-27.25272427,False
ADA,-26.14238259,False
MERL,-23.988220480000003,False
BABY,-23.685162440000006,False
kSHIB,-22.49343306,False
XAI,-22.185953410000003,False
SNX,-19.14119787,False
STRK,-18.987184659999997,False
ANIME,-18.51878746,False
MEME,-16.22172274,False
YGG,-15.39135139,False
GAS,-15.10984806,False
VIRTUAL,-13.8008033,False
ATOM,-13.72300647,False
TRX,-12.98419245,False
kFLOKI,-12.30265569,False
BIGTIME,-12.00424483,False
STX,-10.67833196,False
BERA,-10.241648880000001,False
HYPER,-8.76184909,False
SOL,-8.538152999999998,False
NOT,-8.523240559999998,False
ARB,-8.50263558,False
AVAX,-8.228308879999998,False
PENGU,-7.8399466900000006,False
DOT,-7.78976357,False
SKY,-7.68144398,False
IO,-6.82959092,False
INIT,-6.703986389999998,False
ZETA,-6.187841349999999,False
RUNE,-6.050166269999998,False
INJ,-5.56062462,False
RENDER,-5.37086769,False
ETC,-5.246354509999999,False
MNT,-4.819120549999999,False
KAS,-4.614230719999999,False
SUPER,-4.592289109999999,False
ALT,-3.8295989799999997,False
W,-3.65410187,False
XLM,-3.610434,False
DOGE,-3.0651313,False
CRV,-3.0378949999999993,False
NIL,-2.854067129999998,False
XRP,-2.61628204,False
FIL,-2.15584841,False
IP,-2.0148043799999975,False
ETH,-1.9838377800000002,False
RSR,-1.9346708199999996,False
ARK,-1.8697796599999994,False
TIA,-1.8034591599999998,False
MORPHO,-0.2205607399999999,False
BOME,-0.2020858999999994,False
