coin,fundingRate_avg_5d,isNew
SUPER,-531.1367275933885,False
BLUR,-414.4233917454546,False
REZ,-409.30389064462804,False
TNSR,-196.84961748099172,False
FTT,-136.78563931239674,False
BLAST,-133.92198952066116,False
ALT,-133.72865342479338,False
ZETA,-99.88596008925619,False
2Z,-92.23541481322314,False
BERA,-89.52088990413225,False
ME,-88.46572473719007,False
SOPH,-81.85022848264462,False
DYM,-76.06875155702478,False
TURBO,-74.2402803768595,False
NIL,-71.24889675371904,False
AXS,-64.0170114247934,False
STABLE,-57.18180495867768,False
JTO,-52.17758256198348,False
POL,-48.77878219834711,False
MINA,-47.92350502809918,False
MOODENG,-45.26991062479339,False
APT,-43.848515196694215,False
BSV,-43.5134089983471,False
POLYX,-39.64829645950413,False
AVNT,-38.47350806280992,False
XAI,-33.52056424462809,False
TRUMP,-32.224655454545456,False
0G,-31.281920181818183,False
MOVE,-31.00524390743801,False
EIGEN,-30.401037748760334,False
STRK,-26.05913795702479,False
GAS,-25.49514816198347,False
CELO,-24.62702709421489,False
LAYER,-23.130133497520667,False
ANIME,-23.027254899173556,False
ZEC,-21.22903829752066,False
ZORA,-17.25877897190083,False
MERL,-16.179465887603303,False
IMX,-16.053854003305787,False
FET,-16.051444641322313,False
SEI,-13.898346684297524,False
W,-13.72305256859504,False
OP,-13.681150809917355,False
S,-12.717967090909088,False
MEW,-12.502178608264469,False
AIXBT,-12.291434727272728,False
BANANA,-11.58497185785124,False
KAS,-11.456713150413222,False
HYPER,-10.814643520661157,False
AERO,-10.754842403305787,False
DASH,-10.021736826446281,False
kNEIRO,-9.57319152396694,False
PROVE,-9.236782909090909,False
kLUNC,-8.638188218181819,False
TIA,-7.2219720495867765,False
DOT,-7.080973695867767,False
NEO,-5.694563970247933,False
IO,-4.815763666115701,False
ICP,-4.463404611570247,False
WLFI,-4.372307851239669,False
kSHIB,-3.893226347107437,False
HBAR,-3.0922293223140493,False
ARK,-2.9853218479338848,False
MEME,-2.8054457454545454,False
INIT,-2.762635408264463,False
kBONK,-2.6481306247933865,False
BABY,-2.2801085454545436,False
TST,-2.1620889024793377,False
BRETT,-1.4791332396694208,False
VVV,-0.9483583239669418,False
STX,-0.4054750611570245,False
