coin,fundingRate_avg_5d,isNew
ZORA,-209.4239549,False
IO,-119.44648652000001,False
ALT,-97.07307495,False
ME,-40.210903169999995,False
TRUMP,-37.54312985,False
BCH,-35.08249768,False
0G,-33.063771009999996,False
TRX,-31.66721385,False
COMP,-31.635339860000002,False
JUP,-30.252912579999997,False
kLUNC,-26.05766901,False
CHIP,-25.5932963,False
2Z,-23.24131368,False
POLYX,-22.928767829999998,False
BSV,-21.775480979999998,False
OP,-19.20891194,False
HYPER,-18.82377781,False
MOVE,-18.463789260000002,False
HEMI,-16.736526040000008,False
XLM,-16.67070486,False
S,-16.53304438,False
ETC,-16.02208161,False
MON,-14.926898380000006,False
STRK,-14.89895544,False
APT,-14.798479700000001,False
STABLE,-13.90783517,False
BABY,-13.710624939999999,False
STX,-11.977374990000003,False
ADA,-10.16242928,False
SNX,-9.48320151,False
DASH,-9.45123919,False
kNEIRO,-8.67517911,False
ATOM,-8.59484699,False
SUSHI,-8.4215574,False
MINA,-7.935592020000001,False
ONDO,-7.905673699999999,False
AXS,-7.614790599999999,False
INJ,-7.570257679999998,False
JTO,-6.5548014,False
AIXBT,-5.63013157,False
PROVE,-5.157935449999999,False
GMT,-4.064177179999999,False
SEI,-3.29416296,False
ZETA,-2.952228039999999,False
SAND,-2.8022685199999997,False
VIRTUAL,-2.7198537099999984,False
PENGU,-2.6343188799999995,False
XRP,-2.5913788200000005,False
ZK,-2.24028897,False
MERL,-2.2233792499999976,False
CRV,-1.4791522799999985,False
MEGA,-1.2718454199999987,False
NXPC,-0.9277226899999998,False
BLUR,-0.62744668,False
MEME,-0.40787800999999907,False
TURBO,-0.40581429999999935,False
TON,-0.1536058699999989,False
DOT,-0.06585475999999976,False
