coin,fundingRate_avg_5d,isNew
GMT,-537.11075388,False
ANIME,-374.83925901,False
AVNT,-370.46672034,False
HYPER,-308.5103479499999,False
POLYX,-268.94300182999996,False
VVV,-158.82466263000003,False
IP,-143.38352086,False
0G,-132.26354474,False
BLAST,-128.71618930999998,False
BERA,-91.28550793,False
REZ,-57.78575829,False
TNSR,-47.44734061,False
FTT,-42.68009458999998,False
ZETA,-37.47863216,False
CELO,-28.371171869999998,False
kLUNC,-24.096308660000002,False
FOGO,-23.57379364,False
MOVE,-22.816764659999997,False
MEW,-21.2267502,False
AR,-20.355204660000005,False
WCT,-17.51370667,False
ZORA,-17.3473185,False
IO,-16.88671332,False
TRUMP,-15.855321140000003,False
XAI,-15.714936299999998,False
FET,-15.113042540000004,False
ATOM,-12.49885925,False
GMX,-12.238551469999999,False
ACE,-11.986889809999997,False
SUPER,-11.135683530000001,False
SCR,-10.847407989999999,False
MEME,-10.544017799999997,False
PROVE,-9.57146873,False
USTC,-8.87077969,False
SKY,-8.21801588,False
2Z,-6.716364269999999,False
NOT,-6.421376379999999,False
SAND,-5.88853551,False
STRK,-4.921978279999999,False
BSV,-4.271074509999999,False
BABY,-3.821925949999999,False
BIO,-3.4072377700000005,False
EIGEN,-2.8862608599999993,False
TURBO,-2.6589746299999995,False
WLFI,-2.3231950699999997,False
ETC,-2.22071329,False
SOPH,-2.171938339999999,False
IMX,-1.8075442399999995,False
ZK,-1.673790719999999,False
APT,-1.52058635,False
BLUR,-1.3855655499999997,False
MOODENG,-1.3673374499999986,False
STX,-1.0027389499999995,False
MON,-0.5497082499999986,False
ZEN,-0.3915099499999999,False
