coin,fundingRate_avg_5d,isNew
HYPER,-353.10551067,False
BLAST,-226.80575860000005,False
CHIP,-135.78881913,False
YZY,-133.97290178999998,False
STABLE,-129.88146568000002,False
APE,-121.91652401000003,False
0G,-119.83867829,False
TRUMP,-80.2229266,False
AXS,-79.37890790000002,False
SKR,-54.515219590000015,False
BERA,-46.821356849999994,False
kLUNC,-37.75500067,False
COMP,-32.97299185999999,False
kNEIRO,-31.509399529999996,False
TRX,-29.27310804,False
REZ,-28.354689929999996,False
2Z,-27.230764410000006,False
INJ,-26.737083660000003,False
WLD,-26.20969954,False
AZTEC,-23.384063720000004,False
MINA,-21.783565730000003,False
BANANA,-21.449746219999998,False
TST,-19.70435126,False
BIO,-16.90632696,False
ALT,-16.59746177,False
POL,-15.27353815,False
AVNT,-15.266098719999999,False
STRK,-12.770136010000002,False
DYM,-12.694737960000001,False
CAKE,-12.347110500000001,False
MON,-12.115665460000002,False
JTO,-11.43542445,False
KAITO,-11.18588271,False
MOVE,-10.64189109,False
MORPHO,-10.383359400000002,False
EIGEN,-8.816139190000001,False
SUI,-8.634823980000002,False
ZK,-7.759900729999997,False
TIA,-6.7287450699999996,False
BLUR,-6.000270039999999,False
PROVE,-5.247183059999999,False
WLFI,-5.049359629999999,False
JUP,-4.9013565099999985,False
BABY,-4.027567680000001,False
SOL,-3.65523045,False
W,-3.581828950000001,False
SEI,-3.5467108399999994,False
NOT,-3.37261387,False
FET,-2.879506899999998,False
STX,-2.56848018,False
XAI,-2.44455319,False
ADA,-1.8223654299999998,False
ENA,-1.5183956199999995,False
IMX,-1.3557793599999997,False
PURR,-0.8912088199999992,False
ETC,-0.3487042099999996,False
S,-0.2997993199999999,False
