coin,fundingRate_avg_5d,isNew
BLUR,-424.65025202000004,False
TNSR,-210.81874181,False
BLAST,-197.79230060999998,False
0G,-165.15119522,False
TRUMP,-150.29250877,False
STABLE,-110.8100799,False
AXS,-98.7412016,False
YZY,-98.09013284999999,False
POL,-84.54166646000002,False
REZ,-71.31771572999999,False
MINA,-71.2602859,False
DYM,-70.45534264000001,False
JTO,-66.24650866,False
COMP,-56.139760130000006,False
BERA,-46.462947289999995,False
TURBO,-45.54591326,False
IMX,-45.53197975,False
APT,-45.42754886999999,False
ALT,-43.47439591,False
FET,-41.07058255999999,False
GAS,-40.479449,False
EIGEN,-40.32022651,False
W,-39.635918669999995,False
WLFI,-38.482242729999996,False
DOT,-37.84293866,False
DASH,-36.37078415999999,False
NEO,-35.01077518,False
SUPER,-30.22803272,False
2Z,-26.77949009,False
MOVE,-24.71084383,False
STX,-24.60334184,False
BSV,-23.73488858,False
SEI,-22.971695479999998,False
STRK,-20.944534389999998,False
HYPER,-19.8300558,False
OP,-19.1425199,False
SAND,-18.624220630000003,False
XAI,-16.028203389999998,False
IOTA,-15.457954400000004,False
ARK,-15.442430219999999,False
kNEIRO,-15.370202560000001,False
HBAR,-15.2857766,False
IP,-14.54677424,False
GMT,-14.27594205,False
ICP,-13.960872590000003,False
kLUNC,-13.70999933,False
BABY,-13.69842007,False
APE,-13.34628486,False
PROVE,-12.777023560000002,False
S,-12.636681059999999,False
ZETA,-12.131216649999999,False
POLYX,-12.055589379999999,False
RESOLV,-11.712768969999999,False
IO,-10.883695560000001,False
SOPH,-10.718871049999997,False
KAITO,-8.60190901,False
ZEC,-8.555355449999999,False
AVNT,-8.16066124,False
ARB,-7.77910995,False
USTC,-7.732217669999999,False
ADA,-7.558572569999999,False
BANANA,-6.646117829999999,False
JUP,-6.48293436,False
INJ,-6.291303519999999,False
MERL,-6.168681769999997,False
ANIME,-6.076317059999999,False
TIA,-6.00437921,False
AIXBT,-5.46559541,False
PENGU,-4.7132523,False
kSHIB,-4.678608689999999,False
KAS,-3.242916229999999,False
MEW,-2.2834458399999993,False
SUSHI,-2.224905679999999,False
kFLOKI,-2.0775091899999993,False
USUAL,-1.1052046699999984,False
XRP,-0.8035606399999999,False
TST,-0.5127235299999995,False
SUI,-0.22998138999999992,False
