coin,fundingRate_avg_5d,isNew
ALT,-307.5025695867768,False
SUPER,-124.94174864132232,False
CHIP,-95.54373089256198,False
IO,-77.26178681652893,False
SAGA,-57.59400205289256,False
TRUMP,-36.44212125619835,False
0G,-34.68635952396694,False
ME,-34.37635687933884,False
ZORA,-31.13696390082645,False
BCH,-29.509754806611575,False
BLAST,-29.29553298842975,False
FOGO,-28.414519517355366,False
ETC,-25.223337669421493,False
TON,-23.93264216528926,False
MEGA,-23.86040184793389,False
COMP,-23.725555041322316,False
MINA,-22.345159309090906,False
JUP,-18.51534160661157,False
GMT,-18.045516019834714,False
STABLE,-17.837187292561982,False
VVV,-16.647257127272727,False
OP,-14.87872823801653,False
SUSHI,-14.459679520661158,False
SAND,-13.587536092561983,False
HYPER,-13.477613295867767,False
HEMI,-13.271502079338841,False
kSHIB,-13.166972836363637,False
TST,-13.136692195041324,False
DASH,-12.874826836363638,False
STX,-12.719926145454545,False
BLUR,-12.536152204958679,False
AIXBT,-12.140166902479338,False
SEI,-11.411785933884296,False
ADA,-10.534678988429752,False
STRK,-10.453666363636362,False
BSV,-9.59751319338843,False
TRX,-9.593075276033057,False
MON,-9.43284256859504,False
kLUNC,-9.405902310743802,False
MOVE,-8.883774456198344,False
INJ,-8.67572807603306,False
CRV,-8.525997957024794,False
PENGU,-7.941999163636364,False
SNX,-6.966720852892562,False
TURBO,-6.684670571900826,False
S,-6.088223166942147,False
MOODENG,-5.934658195041321,False
2Z,-5.58729668429752,False
PROVE,-5.4511764198347095,False
kNEIRO,-5.449688667768594,False
PENDLE,-4.835714747107437,False
MERL,-4.453864899173553,False
PURR,-3.7302317057851258,False
W,-3.2710310578512396,False
NOT,-2.967109011570247,False
BABY,-2.9048702975206604,False
APT,-2.2780322082644626,False
INIT,-2.2496570479338835,False
SPX,-1.949195563636363,False
JTO,-1.3141578247933865,False
ZETA,-1.310708846280991,False
XRP,-0.964159626446281,False
ONDO,-0.7911648297520654,False
KAITO,-0.7217139570247928,False
POL,-0.5651466942148754,False
