coin,fundingRate_avg_5d,isNew
DOOD,-512.9053728793389,False
0G,-153.42924692231406,False
REZ,-93.19629921322314,False
KAITO,-57.38660724297522,False
BLAST,-38.232620370247936,False
CELO,-27.813553834710742,False
APT,-26.893882700826445,False
ZORA,-9.759549302479334,False
MEME,-2.55518774876033,False
PROVE,-1.1983629322314053,False
ME,-0.6445217057851237,False
