coin,fundingRate_avg_5d,isNew
BLUR,-542.1438326578511,False
VINE,-73.88829416528927,False
STABLE,-54.15697913057851,False
IOTA,-49.46007346115702,False
BANANA,-43.66394272066118,False
kNEIRO,-37.87862370247933,False
0G,-31.3802935338843,False
SNX,-28.49706116033058,False
ANIME,-17.709286948760333,False
ATOM,-17.298728915702483,False
UMA,-14.29691220495868,False
W,-11.034002608264466,False
STX,-10.56596521983471,False
KAS,-9.858263642975208,False
ZORA,-9.661191153719006,False
ME,-8.557610697520662,False
MINA,-8.164679087603306,False
ZETA,-8.034978961983471,False
AIXBT,-7.424781252892563,False
POLYX,-7.348565633057851,False
HYPER,-7.092435540495866,False
OP,-6.883437867768595,False
XAI,-5.261737438016528,False
TRUMP,-5.201093623140495,False
BIO,-4.643461705785122,False
CHIP,-3.830914512396695,False
TRX,-2.5003016429752067,False
CELO,-2.350425282644628,False
FIL,-1.566763646280991,False
PROVE,-0.47561370247933815,False
