coin,fundingRate_avg_5d,isNew
VVV,-101.15565178,False
STABLE,-74.22425380000001,False
TRUMP,-56.3654243,False
CHIP,-55.78305658,False
0G,-34.858999419999996,False
BLUR,-32.91596134,False
LAYER,-30.20629551,False
ADA,-28.65086261,False
HYPER,-28.05720836,False
KAITO,-25.60399883,False
GAS,-24.060524790000002,False
ANIME,-23.486497319999998,False
MINA,-22.554268339999997,False
TRX,-21.84350165,False
ATOM,-21.27055385,False
kSHIB,-20.655477750000003,False
BABY,-19.115450770000002,False
AXS,-17.490197019999997,False
kLUNC,-16.02033691,False
DOT,-12.90173603,False
USUAL,-12.30825333,False
IP,-11.620815980000001,False
AVAX,-10.29695879,False
ICP,-10.00099635,False
INIT,-8.439705199999997,False
OP,-7.054073949999999,False
SUSHI,-6.871351299999998,False
AVNT,-6.540434269999998,False
ARK,-6.4281975000000005,False
BCH,-6.41379387,False
POLYX,-4.845823949999999,False
RESOLV,-3.799733219999999,False
YGG,-3.45352415,False
S,-3.0901878199999997,False
APT,-2.88871439,False
ARB,-2.8589457199999995,False
MORPHO,-2.7595591400000004,False
ZORA,-1.777991649999999,False
MEME,-1.6974069499999989,False
BERA,-1.055112799999998,False
SEI,-0.6466712299999994,False
MON,-0.3628399299999995,False
