coin,fundingRate_avg_5d,isNew
GAS,-991.08838652,False
0G,-863.2869660499998,False
POLYX,-719.58559151,False
KAITO,-430.13497269999993,False
TST,-310.72449050999995,False
AVNT,-190.46448396,False
WCT,-180.50865271,False
TNSR,-157.12283625999999,False
MERL,-148.25528682,False
GMT,-140.82032952999998,False
ANIME,-130.78226232,False
RESOLV,-121.25667846999997,False
BLAST,-118.48867761,False
BIGTIME,-83.11904392,False
DYM,-81.86679388999998,False
ZORA,-77.66309984,False
INIT,-76.41522470000002,False
ARK,-68.61226492,False
TURBO,-68.08305215000001,False
USTC,-64.22554527000001,False
LAYER,-63.63016603,False
MOVE,-55.553900090000006,False
NIL,-54.82434831000002,False
kLUNC,-53.395740499999995,False
VVV,-52.786450380000005,False
MANTA,-51.93517621000001,False
SOPH,-49.328684929999994,False
SUPER,-45.004163469999995,False
MOODENG,-40.81142234,False
IMX,-40.645164109999996,False
HYPER,-35.28908111,False
REZ,-34.43356418,False
CELO,-34.20069126,False
IO,-29.20774092,False
XAI,-28.65923644,False
BIO,-26.872679700000003,False
EIGEN,-25.63173591,False
FXS,-23.688995670000004,False
BLUR,-22.635172779999998,False
CFX,-21.47707158,False
OM,-19.71536112,False
PROVE,-19.484041639999997,False
BABY,-19.36141551,False
ME,-18.92141458,False
FET,-18.168364829999998,False
ZRO,-17.25354197,False
WIF,-17.08405568,False
kFLOKI,-15.660799500000001,False
SAGA,-14.569034129999999,False
UMA,-14.461182469999997,False
NOT,-14.169988389999999,False
BANANA,-13.551968200000003,False
NEO,-13.241226180000002,False
SUSHI,-12.55161781,False
SEI,-12.474821080000002,False
MEW,-12.03992212,False
2Z,-10.99856252,False
BSV,-9.23427808,False
FIL,-9.172851499999998,False
ZETA,-9.0591759,False
ETC,-8.74823678,False
ALT,-8.623110399999998,False
DOT,-8.480937059999999,False
IP,-8.297907810000002,False
USUAL,-8.294435199999999,False
CC,-8.018411250000003,False
STX,-7.508123729999999,False
kNEIRO,-6.738489109999998,False
SKY,-6.26760918,False
GMX,-5.905881040000001,False
XLM,-5.7393673099999996,False
HMSTR,-4.182859120000003,False
kSHIB,-3.98083673,False
ATOM,-3.7532855099999995,False
POL,-3.4210734599999997,False
JUP,-2.6395646599999996,False
S,-2.5658711599999995,False
TRUMP,-0.8719112699999996,False
APT,-0.63236688,False
AR,-0.4370524599999997,False
PAXG,-0.2531486700000001,False
ADA,-0.0011344199999999646,False
