coin,fundingRate_avg_5d,isNew
ACE,-270.95331087,False
POLYX,-48.72459825000001,False
GMT,-45.45370258,False
STX,-30.45234493,False
ME,-28.78928594,False
ZETA,-28.2058276,False
kNEIRO,-26.30664354,False
ZORA,-21.53568401,False
YGG,-21.141182519999997,False
W,-20.44649773,False
GAS,-18.397727180000004,False
SOPH,-15.703426389999999,False
TURBO,-13.108408520000001,False
SEI,-12.88418172,False
ATOM,-11.847421850000002,False
SUPER,-11.447243879999998,False
MOVE,-10.533809479999999,False
MORPHO,-9.268541359999999,False
S,-8.267332489999998,False
AIXBT,-8.218211519999999,False
WCT,-8.11647069,False
CAKE,-7.517630519999999,False
HYPER,-7.484322079999998,False
TIA,-6.86703554,False
AERO,-6.69716965,False
XAI,-6.34604841,False
MERL,-6.320391829999999,False
OP,-5.844648639999999,False
SKR,-5.802191109999999,False
VIRTUAL,-5.76152062,False
BSV,-4.713672779999999,False
MINA,-4.36115213,False
BLUR,-3.9355957099999963,False
KAS,-3.8034160700000004,False
SAND,-3.68366322,False
2Z,-3.667812,False
UMA,-3.60462758,False
AVNT,-3.5027801699999985,False
FIL,-2.84613422,False
TRB,-1.20901286,False
ALT,-0.8863302299999996,False
ADA,-0.37424836999999955,False
