coin,fundingRate_avg_5d,isNew
TRUMP,-83.84542490578514,False
MOVE,-44.189312499173546,False
STABLE,-38.34840078347107,False
SOPH,-35.71839684297521,False
BRETT,-35.16690561322314,False
kNEIRO,-34.80289720661157,False
TRX,-34.09737404628099,False
LAYER,-28.245820016528928,False
ME,-23.199540208264462,False
EIGEN,-19.8794509785124,False
IO,-19.192985523966943,False
GAS,-16.746240059504135,False
MINA,-15.81747372892562,False
HYPER,-15.398585732231405,False
XLM,-14.40810701157025,False
UMA,-14.288908750413224,False
AVAX,-11.788565841322315,False
0G,-11.466092866115702,False
XAI,-9.246282079338844,False
ZORA,-9.127758555371901,False
ADA,-9.025321576859504,False
SKR,-8.25854646942149,False
MOODENG,-8.115198119008264,False
IP,-7.991572800000002,False
KAITO,-7.630586955371901,False
ALT,-7.22685882644628,False
CHIP,-7.216784102479339,False
POLYX,-5.309031302479338,False
2Z,-5.271781031404957,False
NOT,-4.258743500826447,False
DOT,-3.773594429752066,False
BABY,-3.319726522314049,False
kLUNC,-3.2014542148760325,False
ETC,-2.6396942380165274,False
IOTA,-1.8175291438016534,False
ORDI,-1.809002985123967,False
RENDER,-1.116480099173553,False
OP,-1.0752487338842964,False
APE,-0.4703758016528916,False
BNB,-0.0327471966942147,False
SEI,-0.024247824793388002,False
kSHIB,-0.001183685950413108,False
