coin,fundingRate_avg_5d,isNew
POLYX,-545.0489921500001,False
ANIME,-473.89183627000006,False
BLAST,-285.51748101,False
ZETA,-271.03779377,False
STABLE,-220.33440495999997,False
REZ,-155.45741060999998,False
BANANA,-135.75263157,False
ME,-127.69808167000004,False
XAI,-88.55243100000001,False
AXS,-85.58013453,False
NXPC,-73.24186944,False
0G,-64.95336841,False
TURBO,-59.58509805999999,False
IP,-56.96314173000001,False
ZORA,-54.768839109999995,False
STRK,-49.94718838,False
TRUMP,-47.09049106,False
HYPER,-46.43793237999999,False
GAS,-45.97873172,False
2Z,-39.1376141,False
LAYER,-34.74745031,False
JTO,-30.847539920000006,False
FTT,-26.078434589999997,False
VVV,-24.029172019999994,False
MON,-23.117197620000002,False
MORPHO,-21.3325345,False
YZY,-21.25969729,False
ALT,-21.20516629,False
POL,-21.10342546,False
EIGEN,-20.53310858,False
FET,-19.544828740000003,False
kNEIRO,-19.50548904,False
MERL,-19.07561175,False
MANTA,-19.00744216,False
AERO,-17.84669033,False
SOPH,-17.755627940000004,False
BSV,-16.885431440000005,False
SKY,-15.61360865,False
MEW,-14.616456389999998,False
kFLOKI,-14.398422179999999,False
S,-14.383101670000002,False
kLUNC,-14.071071929999999,False
MOVE,-13.48381321,False
INIT,-13.24921895,False
NEO,-12.924490859999997,False
ZRO,-12.58290561,False
GRASS,-11.616942599999998,False
OP,-11.60953237,False
PYTH,-10.52725773,False
BLUR,-10.29853997,False
APT,-9.844306959999999,False
IMX,-8.96287795,False
TIA,-8.741998929999998,False
COMP,-8.727429589999998,False
kPEPE,-8.13812176,False
MINA,-7.96696669,False
SEI,-7.361450670000001,False
AIXBT,-7.07269552,False
DOOD,-6.972537330000003,False
SAND,-6.922625039999999,False
BABY,-6.724236589999999,False
PNUT,-6.607327089999999,False
USUAL,-6.516688099999998,False
SOL,-6.43926576,False
W,-5.168581769999999,False
KAITO,-5.090551339999999,False
YGG,-4.5689794799999985,False
SYRUP,-4.216103319999999,False
BNB,-4.1464810299999995,False
INJ,-3.89969504,False
SPX,-3.6392288499999994,False
BIGTIME,-3.621335819999999,False
ADA,-3.5981685399999996,False
MET,-3.369458079999999,False
IO,-3.15732519,False
kSHIB,-2.9840604200000005,False
USTC,-2.5661157099999983,False
ICP,-2.5002164199999988,False
XRP,-2.47415104,False
MEME,-2.2737251599999997,False
kBONK,-2.175875959999999,False
CELO,-0.015535859999998748,False
