coin,fundingRate_avg_5d,isNew
BLUR,-660.91143125,False
STABLE,-70.98506933,False
BANANA,-44.0584638,False
ZETA,-41.102370410000006,False
0G,-31.352802850000003,False
ATOM,-30.972312979999998,False
HMSTR,-30.22423015,False
kNEIRO,-28.418010860000006,False
MINA,-28.411929230000002,False
IOTA,-20.438364070000002,False
W,-19.837448509999998,False
SNX,-19.56704921,False
ME,-17.154890499999997,False
ANIME,-15.15010391,False
AIXBT,-14.110878830000003,False
HYPER,-13.481503490000001,False
INJ,-9.80044418,False
STX,-9.34169977,False
KAS,-6.395583289999999,False
MEME,-6.28917703,False
ZORA,-5.862746069999999,False
TRUMP,-4.414364749999999,False
CELO,-3.7626265899999995,False
DYDX,-3.692474319999998,False
OP,-2.663688969999999,False
SEI,-2.3475332700000004,False
ALT,-1.0866363899999987,False
MANTA,-0.7847806599999999,False
VVV,-0.49455674999999905,False
