coin,fundingRate_avg_5d,isNew
SOPH,-108.69562784132235,False
TRUMP,-91.64724307438017,False
MOVE,-54.24693709090909,False
TRX,-41.395143262809924,False
BRETT,-39.341235292561976,False
kNEIRO,-31.100609176859503,False
LAYER,-28.933973761983474,False
EIGEN,-27.279825133884295,False
ME,-25.405756343801656,False
STABLE,-23.830664905785124,False
UMA,-22.500608042975212,False
XLM,-20.839380466115706,False
GAS,-19.553289391735543,False
IO,-19.247656611570246,False
MINA,-15.165191821487603,False
HYPER,-14.440413312396693,False
IP,-12.87083198677686,False
MOODENG,-12.320421639669423,False
AVAX,-10.660959094214876,False
CHIP,-10.562152809917356,False
ZORA,-9.825933451239669,False
0G,-9.13523496198347,False
SKR,-8.214396069421491,False
ALT,-8.202777123966943,False
XAI,-7.754110919008264,False
2Z,-5.719944079338842,False
NOT,-5.391533127272727,False
ADA,-4.569231203305785,False
SEI,-4.333175990082645,False
ETC,-3.9689091272727257,False
KAITO,-3.8195561950413226,False
IOTA,-3.742244489256198,False
POLYX,-3.4392064066115697,False
BABY,-2.99309363305785,False
kLUNC,-2.95917505785124,False
DOT,-1.9177203768595044,False
ORDI,-1.1641569421487603,False
AIXBT,-0.9017138578512389,False
BNB,-0.9005786776859503,False
RENDER,-0.899634624793388,False
OP,-0.7542439636363629,False
POL,-0.33890919669421427,False
