coin,fundingRate_avg_5d,isNew
LAYER,-307.86307008999995,False
STABLE,-143.09483798,False
CHIP,-90.93713002999999,False
MOVE,-83.10319343000002,False
kLUNC,-54.01928679000001,False
BANANA,-50.14908521000001,False
BLAST,-49.342266580000015,False
SKY,-24.54382202,False
INJ,-14.26759815,False
W,-12.636035010000002,False
COMP,-12.5531311,False
KAITO,-11.58409187,False
BLUR,-11.148345379999999,False
EIGEN,-8.54621366,False
MERL,-8.070382870000001,False
ICP,-6.994449739999999,False
NOT,-6.42559432,False
WLD,-6.2674025900000006,False
TRUMP,-5.402803,False
WLFI,-3.991550209999998,False
ATOM,-3.857144069999999,False
BABY,-2.7409222399999997,False
BERA,-2.2698809799999995,False
APE,-1.646023709999999,False
BSV,-1.1576661199999985,False
0G,-0.686437979999998,False
GALA,-0.5611093899999996,False
PENGU,-0.4795406499999998,False
AXS,-0.11871405999999776,False
