coin,fundingRate_avg_5d,isNew
ALT,-308.68407262,False
SUPER,-300.00062991,False
CHIP,-99.62895825,False
GMT,-84.27117372000002,False
BLAST,-77.84614369,False
SAGA,-59.88455428000001,False
ME,-51.35074916,False
FOGO,-34.19790704,False
COMP,-30.173660130000002,False
TON,-27.23443777,False
BCH,-27.10903034,False
ETC,-25.38066482,False
TRUMP,-24.48945454,False
MEGA,-24.29748863,False
MINA,-23.069308160000002,False
OP,-21.047865890000004,False
STABLE,-20.049682139999998,False
0G,-18.02754491,False
TST,-16.91969618,False
kSHIB,-16.90635981,False
SUSHI,-15.65140294,False
VVV,-14.764993140000001,False
BLUR,-14.276775709999999,False
DASH,-12.74080753,False
AIXBT,-11.6309148,False
HYPER,-10.85589205,False
STX,-10.70415863,False
JUP,-10.69525336,False
SEI,-10.27989212,False
BSV,-10.02606163,False
ADA,-9.94537473,False
SAND,-9.86735598,False
STRK,-9.863984109999999,False
kLUNC,-7.52687816,False
PURR,-7.340982199999998,False
POL,-6.876345959999998,False
PROVE,-6.32172919,False
kNEIRO,-6.0505181299999995,False
MOVE,-5.922381229999998,False
SNX,-5.905614589999999,False
MOODENG,-5.827519189999999,False
CRV,-5.567133299999999,False
AXS,-4.915644799999998,False
W,-3.8865185399999986,False
PENDLE,-3.7512254499999997,False
SPX,-3.7010999999999985,False
KAITO,-3.573506219999999,False
IO,-2.791552119999999,False
TURBO,-2.716730769999999,False
NOT,-2.47331446,False
PENGU,-2.1977321599999997,False
INIT,-2.1721266799999994,False
MERL,-1.9798213199999994,False
BTC,-1.88703467,False
MON,-1.6609346899999977,False
SOL,-1.60775127,False
ZORA,-1.5158077699999974,False
2Z,-1.3819951199999996,False
INJ,-1.366255589999999,False
S,-0.9658476699999984,False
XRP,-0.8298713000000001,False
PNUT,-0.4155714799999998,False
APT,-0.41115936,False
