coin,fundingRate_avg_5d,isNew
ACE,-258.0061411,False
POLYX,-55.84584461,False
GMT,-40.96976737,False
ME,-27.490347300000003,False
kNEIRO,-27.067744460000004,False
kBONK,-26.881795939999993,False
W,-26.23259672,False
AERO,-23.695933590000003,False
SUPER,-23.59517388,False
TURBO,-22.9434182,False
ZETA,-22.898690369999997,False
NEO,-22.72637387,False
OP,-20.39233757,False
ZORA,-20.104462070000004,False
STABLE,-19.924135280000005,False
UMA,-19.0570807,False
S,-17.2499511,False
ATOM,-16.109667740000003,False
YGG,-15.24922404,False
TRB,-13.55452174,False
SOPH,-12.9570693,False
WCT,-12.61300716,False
HYPER,-11.758574279999998,False
MOODENG,-10.337587670000003,False
MET,-9.914559970000004,False
SEI,-8.3042683,False
MERL,-8.148894369999999,False
GAS,-8.022647440000002,False
TIA,-7.40549595,False
VIRTUAL,-7.217798349999999,False
XAI,-7.016203739999999,False
ZK,-6.782651189999998,False
MEME,-6.663738569999998,False
MINA,-5.67071592,False
POPCAT,-5.563835889999998,False
TRX,-5.175572249999998,False
AIXBT,-4.04826902,False
PYTH,-3.590189639999999,False
IO,-3.11808112,False
REZ,-2.464671259999999,False
MOVE,-2.24938331,False
kFLOKI,-2.046874009999998,False
KAS,-2.0462133599999994,False
ANIME,-1.2572169499999999,False
RENDER,-0.4925507099999996,False
