coin,fundingRate_avg_5d,isNew
GMT,-431.8695549,False
AVNT,-368.44142512999997,False
ANIME,-355.10376741,False
HYPER,-305.98706790999995,False
POLYX,-266.17665952999994,False
VVV,-157.21742089999998,False
BERA,-150.10807719000002,False
IP,-140.68617816,False
BLAST,-132.62419832,False
0G,-114.51095141,False
BLUR,-61.07118388,False
REZ,-55.51851407,False
TNSR,-47.00853907,False
ZETA,-37.370544710000004,False
FTT,-33.829030010000004,False
MOVE,-23.71009632,False
FOGO,-23.57379364,False
CELO,-21.702165620000002,False
MEW,-21.173193750000003,False
kLUNC,-19.6526804,False
AR,-19.139874380000006,False
IO,-17.00121893,False
ZORA,-16.80741926,False
WCT,-16.78134366,False
XAI,-15.35629095,False
FET,-13.029720360000004,False
TRUMP,-12.98060961,False
MEME,-12.836551410000002,False
ATOM,-11.88344224,False
ACE,-11.77587601,False
GMX,-11.482083130000001,False
PROVE,-9.39860619,False
SCR,-8.47289392,False
SUPER,-8.07286414,False
USTC,-7.543157890000001,False
NOT,-6.421376379999999,False
SKY,-6.17608689,False
2Z,-5.8722294999999995,False
BSV,-5.779591039999998,False
SAND,-4.7272595399999995,False
BIO,-2.97155114,False
BABY,-2.724411829999998,False
STRK,-2.4865230799999987,False
TURBO,-2.4213662,False
IMX,-1.8756532399999992,False
ETC,-1.5523172599999993,False
APT,-1.3307264900000002,False
EIGEN,-1.2470349099999987,False
STX,-0.9873045599999993,False
WLFI,-0.68226384,False
ZK,-0.6341655999999992,False
SOPH,-0.5269541499999992,False
ZEN,-0.39150994999999955,False
MON,-0.2858022999999987,False
ZEREBRO,-0.2762327299999997,False
MOODENG,-0.2043488999999988,False
MELANIA,-0.10543389999999947,False
BCH,-0.06989749999999981,False
