coin,fundingRate_avg_5d,isNew
PROVE,-386.34172447,False
CHIP,-221.94426958000003,False
HYPER,-52.91645170000002,False
FOGO,-50.51630660000001,False
LAYER,-44.66295636,False
WLD,-37.38981963,False
BSV,-26.94071643,False
STABLE,-25.416110700000004,False
BIO,-24.513836540000003,False
JTO,-24.32327953,False
ALT,-22.90469681,False
BABY,-22.68008676,False
TRUMP,-22.49353307,False
POL,-21.239122970000004,False
POLYX,-21.180620040000004,False
kLUNC,-18.448410350000003,False
MINA,-17.641041299999998,False
SAGA,-13.48207435,False
ACE,-13.44582401,False
CAKE,-13.32110351,False
0G,-12.822975600000001,False
IO,-11.17264051,False
MOVE,-11.16507625,False
MERL,-11.135712,False
BCH,-9.94908167,False
BANANA,-9.309608240000005,False
STX,-8.31094123,False
SKY,-7.580522939999999,False
BLAST,-6.583429080000002,False
ZORA,-5.7940684,False
2Z,-5.383255789999999,False
BLUR,-5.22753949,False
BIGTIME,-5.189524009999998,False
APE,-4.713850169999998,False
APT,-4.453386169999999,False
W,-4.100042079999999,False
ANIME,-3.886063019999999,False
SNX,-3.33915797,False
YGG,-3.300113189999999,False
kFLOKI,-2.97985197,False
DASH,-2.9706181999999988,False
MEGA,-2.6260800999999994,False
SAND,-2.12288818,False
COMP,-1.757179349999999,False
ICP,-1.5762853499999998,False
PYTH,-1.4056281399999992,False
STRK,-1.3791729399999981,False
GAS,-1.3225482999999993,False
OP,-1.26479435,False
SUSHI,-0.8305180800000002,False
MOODENG,-0.7554536399999999,False
kSHIB,-0.7145765599999989,False
S,-0.5837459599999996,False
AXS,-0.49411144999999884,False
TURBO,-0.19671091000000013,False
EIGEN,-0.06573723,False
