coin,fundingRate_avg_5d,isNew
DOOD,-494.6519516528926,False
0G,-237.5794930413223,False
REZ,-85.08723019834711,False
KAITO,-52.26685347768595,False
BLAST,-42.04761340165289,False
CELO,-35.77748195702478,False
APT,-32.816533180165294,False
BIO,-12.083752502479344,False
MAV,-6.3902274247933875,False
