coin,fundingRate_avg_5d,isNew
ALT,-308.83232978,False
SUPER,-299.91910497000003,False
GMT,-152.90920253000002,False
CHIP,-99.41431124,False
ME,-88.20835426,False
BLAST,-86.29145529,False
SAGA,-59.38571243,False
FOGO,-35.02598473,False
COMP,-32.369924260000005,False
TON,-26.726639549999998,False
BCH,-26.37521171,False
ETC,-25.35371687,False
MEGA,-24.29997939,False
MINA,-24.011599460000003,False
TRUMP,-21.23337495,False
OP,-20.547134070000006,False
STABLE,-20.31617448,False
kSHIB,-18.213516790000003,False
TST,-16.37219618,False
SUSHI,-15.130241340000001,False
VVV,-14.456680559999999,False
BLUR,-13.63282154,False
DASH,-13.05494186,False
0G,-12.72670831,False
AIXBT,-11.75615214,False
ADA,-10.88298892,False
STX,-10.578235820000002,False
BSV,-9.83069319,False
STRK,-9.80295173,False
HYPER,-9.637928659999998,False
SAND,-8.990474870000002,False
SEI,-8.606918999999998,False
PURR,-7.770758750000005,False
POL,-7.514057169999998,False
kLUNC,-7.10942547,False
JUP,-6.90802431,False
MOVE,-5.922381229999998,False
SNX,-5.478624449999999,False
W,-4.62931836,False
kNEIRO,-4.3724598299999995,False
AXS,-4.288765329999998,False
KAITO,-4.052816189999999,False
MOODENG,-3.886238219999999,False
PROVE,-3.8395693199999985,False
SPX,-3.111504549999999,False
CRV,-3.0771069499999992,False
PENDLE,-3.000365699999999,False
BTC,-2.5102583,False
NOT,-2.47331446,False
IO,-2.3028777099999984,False
SOL,-2.24826933,False
INIT,-2.1422733299999996,False
MERL,-2.0730437799999994,False
PNUT,-1.5262679399999997,False
PENGU,-1.4625907699999996,False
TURBO,-1.0607440199999991,False
BOME,-0.48298113999999953,False
XRP,-0.38065630999999983,False
