coin,fundingRate_avg_5d,isNew
OM,-944.1501099499999,False
IP,-308.64214799,False
PROVE,-282.0568817,False
BLAST,-263.19862452999996,False
DOOD,-254.89760035,False
REZ,-191.86168206000002,False
ZORA,-163.56603964000004,False
YZY,-155.95718759,False
MOODENG,-152.86711073,False
GRASS,-144.97493546,False
ME,-121.52605212,False
APT,-120.76533664,False
BERA,-98.50456553000001,False
0G,-97.68384040000001,False
VVV,-93.61475616000001,False
ZETA,-92.13838299,False
MERL,-83.90461955,False
IO,-69.86310458999999,False
ATOM,-69.01099968000001,False
AVNT,-63.54616346999999,False
BIO,-62.01335765,False
UMA,-60.25680245,False
VINE,-53.410629580000005,False
SKY,-45.54261074,False
PENGU,-45.16344801,False
BABY,-44.651826050000004,False
KAITO,-43.850445189999995,False
INIT,-43.185150199999995,False
LAYER,-38.76704930999999,False
IOTA,-38.088500440000004,False
ENA,-37.56492546,False
HYPER,-32.73843775,False
TRUMP,-31.06196501,False
MORPHO,-30.09133949,False
DOGE,-29.488331019999997,False
SYRUP,-29.302824149999992,False
RESOLV,-27.69638688,False
SAGA,-27.69031182,False
MEW,-27.19441698,False
STX,-25.209945559999998,False
AVAX,-23.10224503,False
S,-22.63902499,False
TURBO,-22.57785537,False
STRK,-22.33874752,False
2Z,-20.89474547,False
DYM,-20.201733109999996,False
ANIME,-20.195578480000005,False
kFLOKI,-19.771188600000002,False
kPEPE,-19.244142469999996,False
USUAL,-19.077449890000008,False
W,-17.63094686,False
WCT,-15.499755659999998,False
CELO,-13.50427219,False
WLFI,-13.23981582,False
NXPC,-13.11173732,False
NOT,-11.75348399,False
AR,-11.35841675,False
SOL,-10.40367019,False
ONDO,-10.068252710000001,False
MOVE,-8.418733030000002,False
SAND,-7.62174969,False
OP,-7.606555470000001,False
SOPH,-6.6804928,False
MELANIA,-6.653217809999997,False
PURR,-6.361941970000009,False
PNUT,-5.7265361,False
GOAT,-5.369391629999999,False
GMX,-3.1352507199999993,False
CFX,-3.124509499999999,False
ZK,-2.90528831,False
INJ,-2.35271773,False
VIRTUAL,-2.337773169999999,False
MAVIA,-1.8561293900000002,False
AIXBT,-1.3598301299999993,False
PROMPT,-1.3131714499999998,False
SUI,-0.9668828100000002,False
BCH,-0.2777803300000002,False
HYPE,-0.017560879999999723,False
