coin,fundingRate_avg_5d,isNew
POLYX,-478.32000604999996,False
ANIME,-448.0088409300001,False
REZ,-236.80851789999997,False
BLAST,-235.12853313,False
RESOLV,-180.97884206,False
DOOD,-153.23290861999996,False
TRUMP,-144.16491870000002,False
ME,-123.51725487000003,False
VVV,-118.66253952000002,False
TURBO,-85.19822554,False
NEO,-78.03711168999999,False
GAS,-70.68243396000003,False
XAI,-63.721814609999996,False
BANANA,-62.694871779999986,False
ZETA,-57.99258845999999,False
HYPER,-56.97315222,False
MOODENG,-49.72051973,False
STRK,-44.715092229999996,False
DOT,-43.668421149999986,False
SOPH,-40.736651359999996,False
POL,-33.60812982,False
TAO,-33.062811059999994,False
LAYER,-32.97212681,False
YGG,-29.987245870000002,False
ZORA,-29.744763229999997,False
JTO,-27.24005366,False
MERL,-27.008531239999996,False
BLUR,-26.364154399999997,False
MORPHO,-25.666314550000003,False
ALT,-24.88762428,False
WIF,-23.36192282,False
EIGEN,-21.733769510000002,False
GRASS,-21.028263929999998,False
kLUNC,-18.364691030000003,False
USUAL,-17.13098008,False
kNEIRO,-15.670767650000004,False
MANTA,-15.00778968,False
ZRO,-14.932310600000003,False
MEW,-12.651200030000002,False
OP,-12.17039137,False
APT,-11.79705039,False
S,-10.46147013,False
TIA,-10.382577569999999,False
MEME,-9.363963309999999,False
kSHIB,-8.52286899,False
FET,-7.7423318199999995,False
COMP,-7.215037489999999,False
DYM,-7.0840368,False
UMA,-7.080097719999999,False
PNUT,-6.85687029,False
MELANIA,-6.458531919999998,False
kPEPE,-6.4091919499999985,False
INIT,-6.34137568,False
SOL,-6.227059140000001,False
PYTH,-5.533954069999999,False
ATOM,-5.413885129999999,False
AIXBT,-4.114702669999999,False
BRETT,-4.113539049999998,False
KAITO,-3.8394839099999984,False
RENDER,-2.5545948499999995,False
HBAR,-2.5057666099999985,False
kBONK,-2.4828110299999984,False
NXPC,-2.321721199999999,False
SUI,-1.2408094699999992,False
BCH,-0.7881817299999999,False
SEI,-0.09415175000000002,False
