coin,fundingRate_avg_5d,isNew
MOVE,-338.47770059000004,False
SOPH,-227.00136647999997,False
LAYER,-182.55666771,False
STABLE,-155.65618888,False
ME,-79.88843768,False
ZEC,-60.34038598999999,False
TRX,-56.040292519999994,False
TRUMP,-49.086386250000004,False
HMSTR,-47.81185297,False
IO,-46.01567263999999,False
AVNT,-39.14896852,False
CHIP,-38.47783061,False
EIGEN,-33.57745814,False
kLUNC,-32.87345052,False
kNEIRO,-32.7605458,False
UMA,-30.20283458,False
MERL,-26.566758599999996,False
ZORA,-23.53151642,False
ALT,-23.156660690000002,False
IP,-22.94008356,False
AIXBT,-20.81108747,False
S,-20.59663756,False
SEI,-20.5576614,False
POL,-20.323635080000003,False
0G,-20.097327050000004,False
W,-19.16184957,False
JUP,-19.0902957,False
TON,-18.837467500000002,False
SNX,-18.11865913,False
ZK,-15.321676539999999,False
WLD,-15.04271872,False
XLM,-14.644194930000001,False
SAGA,-13.782521180000003,False
MOODENG,-12.80544611,False
STRK,-11.853961920000003,False
OP,-11.720885110000001,False
VIRTUAL,-10.765364019999998,False
MINA,-10.636212420000001,False
AVAX,-9.064450149999999,False
ETC,-8.845218739999998,False
ADA,-8.63539119,False
APT,-8.575223859999998,False
AERO,-8.512990630000001,False
BABY,-8.377522339999999,False
BRETT,-7.815128149999999,False
PYTH,-7.0877211099999995,False
PNUT,-7.04845368,False
HYPER,-6.75376874,False
FIL,-5.8908445,False
SAND,-5.577794949999999,False
ICP,-4.757957499999999,False
PROVE,-4.699345069999998,False
INJ,-4.589861859999999,False
SOL,-3.9316055300000006,False
TIA,-3.80543963,False
SUSHI,-3.3797335599999996,False
MORPHO,-2.6855188899999995,False
2Z,-2.326523869999999,False
XRP,-2.2261766099999996,False
ALGO,-2.15909253,False
ZEN,-1.7226306399999998,False
XAI,-1.6332019899999992,False
KAS,-1.5379391799999989,False
KAITO,-1.39738644,False
POPCAT,-1.1922805300000001,False
JTO,-1.0537119299999997,False
ARB,-0.5419592999999998,False
BIO,-0.2822479299999993,False
