coin,fundingRate_avg_5d,isNew
BLUR,-202.47216194380164,False
SUPER,-193.9426281322314,False
YZY,-176.28972952066115,False
STABLE,-161.58339591074383,False
MOVE,-143.7310567140496,False
BLAST,-134.72521636363635,False
BIO,-132.45876255867768,False
WLD,-78.98330129256199,False
UMA,-69.31517743140496,False
kNEIRO,-64.94337128925619,False
COMP,-62.99523416528926,False
FET,-58.50966313388431,False
FTT,-58.06421134214878,False
AXS,-49.617185147107435,False
MEME,-45.18990503801653,False
IP,-41.81182026446281,False
ALT,-40.796783137190076,False
USTC,-37.55057618181818,False
BOME,-33.7285664628099,False
2Z,-30.50390259173554,False
AERO,-30.49632700165289,False
AVNT,-19.6414968,False
JUP,-19.42141881322314,False
MET,-18.876705361983472,False
0G,-18.53766005950414,False
JTO,-18.5154125553719,False
MORPHO,-18.467530105785126,False
PNUT,-18.046225507438017,False
W,-17.927514476033057,False
REZ,-17.189060231404955,False
KAITO,-15.879193358677686,False
SAND,-15.462926846280991,False
IMX,-12.749526981818184,False
kLUNC,-11.870819345454546,False
INIT,-11.159741910743803,False
TRUMP,-10.8371248661157,False
PYTH,-10.648518446280992,False
TAO,-10.464184879338843,False
S,-10.244857646280993,False
DOT,-10.12376693553719,False
DYM,-9.994186264462812,False
BABY,-9.821655530578512,False
PROVE,-9.804817507438017,False
ARB,-8.295607785123966,False
BANANA,-8.253687927272729,False
EIGEN,-7.971631130578514,False
MERL,-7.657685761983472,False
XAI,-7.229217510743801,False
USUAL,-6.46083374876033,False
TURBO,-5.949306218181817,False
OP,-5.457742076033056,False
MANTA,-5.160909114049586,False
DASH,-4.7282331669421485,False
YGG,-3.9452158611570236,False
STRK,-3.7611298909090896,False
ETH,-3.5740423537190082,False
GAS,-2.879106485950412,False
TON,-2.7316590347107432,False
IO,-2.536707768595039,False
SAGA,-2.2777585487603305,False
LAYER,-1.8369524528925611,False
ZETA,-1.5643463206611572,False
GMX,-1.473575345454545,False
ADA,-1.3439555801652896,False
TIA,-1.3300112528925614,False
ARK,-0.7091618181818167,False
CAKE,-0.5049314677685935,False
BTC,-0.29697341157024776,False
