coin,fundingRate_avg_5d,isNew
PROVE,-428.7345284528924,False
SUPER,-274.66056145785126,False
ALT,-267.1324006214876,False
GMT,-186.6116918181818,False
CHIP,-119.71609081983473,False
BLAST,-85.89631031404959,False
ME,-84.58698569256197,False
SAGA,-64.15424587438018,False
STABLE,-57.36254258181819,False
FOGO,-37.658997471074386,False
TST,-36.84810092231405,False
COMP,-30.23333949421487,False
OP,-23.060785428099177,False
MINA,-18.35941143471074,False
POL,-16.747743738842974,False
BCH,-15.981600654545453,False
MERL,-14.823782766942152,False
BLUR,-13.161784889256198,False
TRUMP,-10.930812704132231,False
ICP,-10.754633900826443,False
kSHIB,-9.83658372892562,False
ETC,-9.479019352066116,False
kLUNC,-8.035980932231405,False
SNX,-7.560509127272728,False
SUSHI,-6.203380244628099,False
STRK,-5.053061206611569,False
TON,-4.596073725619835,False
ADA,-4.092993441322314,False
AIXBT,-4.055636023140495,False
CAKE,-2.9646258049586773,False
DASH,-2.7057048198347093,False
SAND,-2.6776865752066112,False
SUI,-2.451210892561983,False
STX,-2.1224191338842973,False
kFLOKI,-1.8099007041322313,False
AXS,-1.7273561652892542,False
JTO,-1.208106803305784,False
YGG,-1.201503500826446,False
ZORA,-0.8069907471074379,False
UNI,-0.6798715636363631,False
KAITO,-0.2883176628099167,False
