coin,fundingRate_avg_5d,isNew
ACE,-154.28118204999998,False
VVV,-113.18749791,False
STABLE,-76.42020549000001,False
CHIP,-64.10631656000001,False
TRUMP,-54.303594780000005,False
AXS,-49.92388167,False
0G,-41.427932160000005,False
BLUR,-40.65412924,False
KAITO,-39.30226706,False
RESOLV,-32.83418674,False
ATOM,-31.051483670000007,False
ANIME,-29.94927127,False
GAS,-29.5912143,False
MINA,-29.27461768,False
kLUNC,-29.23982077,False
ADA,-26.98294036,False
HYPER,-24.310333710000002,False
LAYER,-20.99710242,False
BABY,-19.997318509999996,False
kSHIB,-18.945410410000004,False
S,-17.830086480000002,False
AVNT,-17.361560069999996,False
INIT,-15.156270949999998,False
RSR,-14.034831079999998,False
USUAL,-12.362977050000001,False
ICP,-11.864417709999998,False
YGG,-11.15731051,False
DOT,-10.600858520000001,False
TRX,-9.276963369999999,False
AVAX,-8.604163249999997,False
ARK,-8.550033749999999,False
IP,-8.498410340000003,False
PROVE,-7.90829513,False
BCH,-7.081418289999999,False
MEME,-5.875537859999999,False
SUSHI,-5.5525369499999995,False
MORPHO,-5.081759949999999,False
BERA,-3.9623611599999995,False
OP,-3.9401348499999997,False
SUI,-3.17171349,False
ZORA,-1.777991649999999,False
ARB,-1.6194181299999997,False
BIGTIME,-1.5867112099999998,False
APT,-1.2289922299999996,False
WIF,-1.1740969599999993,False
TIA,-0.20396345999999996,False
MON,-0.021700709999999058,False
