coin,fundingRate_avg_5d,isNew
POLYX,-219.21954969,False
CHIP,-155.63491668,False
STABLE,-131.35606422000004,False
kLUNC,-43.00683967,False
SAGA,-38.303290530000005,False
WLD,-29.63317689,False
BSV,-23.562923940000005,False
APE,-22.50060677,False
COMP,-20.83438761,False
SKY,-19.76343527,False
INJ,-19.1936564,False
0G,-18.8093187,False
TRUMP,-18.090118320000002,False
BIO,-17.52395295,False
W,-15.33457418,False
EIGEN,-13.98262878,False
APT,-12.08101893,False
AXS,-11.63408957,False
BLUR,-11.570332100000002,False
POL,-10.394324730000001,False
ATOM,-10.28994568,False
ICP,-9.87824831,False
NOT,-9.35807586,False
BLAST,-9.095432079999998,False
TURBO,-8.374359980000001,False
MON,-7.8660624399999985,False
JTO,-7.317167410000001,False
PENGU,-7.168098489999999,False
BCH,-6.60645182,False
MOVE,-6.58742218,False
ALT,-5.953794589999999,False
INIT,-5.162724249999999,False
MINA,-4.91453082,False
SAND,-4.07274446,False
GALA,-3.4282449799999988,False
kSHIB,-3.325421559999999,False
MEGA,-2.0984178500000006,False
KAITO,-2.0236242399999984,False
SEI,-1.9284855299999994,False
CAKE,-1.7239044899999993,False
BABY,-0.9139380999999999,False
ADA,-0.8425857100000002,False
2Z,-0.5463714199999993,False
PYTH,-0.4164934699999997,False
SUI,-0.33004103,False
BERA,-0.17475980999999957,False
SOL,-0.0991515199999997,False
