coin,fundingRate_avg_5d,isNew
SOPH,-246.26016442999995,False
TRUMP,-93.69726951999999,False
MOVE,-54.448499049999995,False
TRX,-53.32218643,False
BRETT,-38.03008365,False
LAYER,-32.58406027,False
EIGEN,-32.05152235,False
UMA,-27.18683228,False
ME,-25.57612451,False
XLM,-24.23991426,False
kNEIRO,-23.819280959999997,False
STABLE,-21.80134488,False
IO,-18.923027880000006,False
CHIP,-18.375489190000003,False
GAS,-17.588895940000004,False
MOODENG,-16.903920149999998,False
MINA,-15.21982621,False
ALT,-15.178269499999999,False
IP,-12.83648425,False
ZORA,-11.542132930000001,False
AVAX,-10.68061613,False
SKR,-8.353765220000001,False
HYPER,-6.73578519,False
2Z,-6.584881049999999,False
NOT,-6.310928110000002,False
AIXBT,-5.61806759,False
kLUNC,-5.4442743,False
IOTA,-5.268958230000001,False
ETC,-5.114352259999999,False
SEI,-5.06219741,False
POLYX,-4.86208835,False
0G,-4.44249311,False
XAI,-4.39415981,False
KAITO,-3.6042684200000004,False
POL,-3.5761692599999986,False
OP,-3.45697851,False
SNX,-1.9327144199999993,False
ZEN,-1.6066416699999997,False
FIL,-1.32560335,False
JUP,-1.1139142999999987,False
STRK,-1.0589832599999995,False
APE,-0.9664674399999988,False
W,-0.9023252599999984,False
BNB,-0.79226389,False
ORDI,-0.6309915599999997,False
RENDER,-0.586114079999999,False
NXPC,-0.29651650999999923,False
