coin,fundingRate_avg_5d,isNew
LAYER,-249.58585535999998,False
JTO,-127.81095499999998,False
IO,-73.67871020000001,False
kLUNC,-65.18285705,False
BLAST,-60.34779403,False
STABLE,-52.70310335999999,False
ACE,-50.792112279999984,False
WIF,-50.073441150000015,False
HYPER,-37.709853820000006,False
BANANA,-32.9939852,False
MEGA,-32.37312385000001,False
NIL,-30.91365164,False
STX,-29.793110400000007,False
BLUR,-27.220624709999996,False
COMP,-26.610317700000003,False
ATOM,-14.331335179999996,False
CHIP,-13.384654390000005,False
BABY,-10.136920159999999,False
KAITO,-9.59549814,False
EIGEN,-8.896048639999998,False
XAI,-8.721601269999999,False
FTT,-7.949048840000004,False
DYM,-7.558573299999999,False
S,-4.935669429999998,False
NOT,-3.0859078299999996,False
MERL,-2.6576927499999994,False
GRIFFAIN,-2.3207356999999993,False
W,-0.5663756099999991,False
