coin,fundingRate_avg_5d,isNew
TNSR,-192.22009431074378,False
0G,-140.5113179900827,False
IP,-106.92839847272728,False
LAYER,-86.00827759338844,False
TRUMP,-80.72990194710744,False
ZORA,-79.83907293223142,False
FOGO,-79.1076817090909,False
ME,-73.34862169586778,False
S,-66.19528605619834,False
STABLE,-55.27329344132232,False
CELO,-48.58788587107438,False
AIXBT,-45.442971302479336,False
BSV,-44.6505033322314,False
SUSHI,-42.099012158677674,False
PROVE,-40.938883368595036,False
AVNT,-40.70198762975207,False
USUAL,-39.91423992396694,False
CHIP,-39.38421720991734,False
kNEIRO,-38.59105133553719,False
GAS,-34.57304856198347,False
SNX,-32.751720039669415,False
MERL,-32.45857279338843,False
POLYX,-32.39020569917355,False
IOTA,-31.33314301487603,False
STRK,-28.98581775867769,False
MINA,-26.786857943801646,False
BIO,-25.344361051239673,False
kSHIB,-24.719232971900833,False
ADA,-24.658322013223145,False
NOT,-23.966509338842975,False
XAI,-23.67124883305785,False
VVV,-21.096839038016537,False
ANIME,-20.74127642975207,False
KAITO,-19.889849315702484,False
MON,-19.7367969123967,False
AXS,-18.642214641322315,False
TRX,-17.14962358016529,False
ZETA,-14.676614042975203,False
POPCAT,-13.786432254545455,False
APT,-12.418621963636362,False
YGG,-12.394727434710743,False
INJ,-11.941516165289256,False
XRP,-11.437697434710742,False
SOPH,-11.337721943801652,False
W,-10.727936171900824,False
STX,-10.553842393388429,False
2Z,-10.26694949752066,False
kLUNC,-9.986156023140497,False
ATOM,-9.707643044628098,False
kPEPE,-9.630294416528926,False
GMT,-9.574401996694215,False
KAS,-9.218460753719008,False
ETH,-8.505388066115701,False
SKY,-8.10379201983471,False
kFLOKI,-8.011648403305786,False
FIL,-7.8550434942148755,False
WLFI,-7.590595021487603,False
VIRTUAL,-7.53352687933884,False
OP,-6.323067183471074,False
DOT,-6.0979894809917345,False
ARB,-4.4793825619834715,False
DOGE,-4.171823305785123,False
NIL,-3.889471130578511,False
ZK,-3.4396849487603296,False
MOODENG,-3.2858745520661157,False
PENGU,-2.9637816595041317,False
IO,-2.9249422809917345,False
ALT,-2.8478962710743794,False
AVAX,-2.4521549454545455,False
MEME,-1.2114841090909072,False
MNT,-1.1366650214876022,False
SOL,-0.9772033388429756,False
BERA,-0.8745788528925614,False
BABY,-0.6356661421487599,False
