coin,fundingRate_avg_5d,isNew
POLYX,-342.1040361799999,False
IP,-129.21381789999998,False
REZ,-118.95712372000003,False
kLUNC,-106.14298623,False
BLAST,-77.37579009000001,False
ANIME,-60.14171138000001,False
USTC,-44.79068810999999,False
GAS,-40.98849478999999,False
MANTA,-30.55572169,False
ZETA,-26.606838519999997,False
SUPER,-25.845169660000003,False
TNSR,-24.903071810000004,False
USUAL,-21.72845584,False
CELO,-18.451071200000005,False
kNEIRO,-17.985780880000007,False
UMA,-17.884396290000005,False
TRUMP,-17.75093623,False
MINA,-15.244475389999998,False
XAI,-14.960359389999999,False
MEME,-14.250721279999999,False
LAYER,-12.97376805,False
MELANIA,-12.06522246,False
ACE,-11.607667219999998,False
IMX,-11.253269010000004,False
SCR,-11.20110613,False
NEO,-11.056562480000004,False
ATOM,-10.87716863,False
BSV,-10.70637856,False
TURBO,-10.031332229999999,False
MERL,-9.225265499999999,False
VVV,-4.767521229999999,False
XLM,-4.320380169999997,False
DYM,-3.805955740000001,False
FTT,-2.559091649999997,False
DOT,-2.07450962,False
ADA,-1.68970545,False
MOODENG,-1.6813440299999978,False
FET,-1.0837061699999986,False
BERA,-0.7723319699999975,False
ETC,-0.596889609999999,False
