coin,fundingRate_avg_5d,isNew
BLAST,-162.61376121,False
CHIP,-118.32799147000001,False
STABLE,-92.80700605,False
WLD,-42.75083889,False
REZ,-39.950289520000005,False
kLUNC,-37.76563239,False
kNEIRO,-37.57117426,False
TRUMP,-35.00496876,False
BERA,-34.83772357,False
APE,-34.79515362,False
MERL,-33.32391892,False
WLFI,-25.51508118,False
YZY,-24.62681571999996,False
COMP,-24.59701201,False
XAI,-24.45108355,False
BIO,-24.152666119999996,False
2Z,-18.38140146,False
KAITO,-17.173706250000002,False
SEI,-14.73358781,False
MON,-14.731497820000003,False
CAKE,-13.66264642,False
IMX,-13.44844106,False
USTC,-12.49492747,False
BABY,-11.475375159999999,False
ICP,-9.60610431,False
0G,-8.74776593,False
GRIFFAIN,-8.008446020000001,False
STX,-7.922470269999997,False
ARB,-7.829666830000001,False
SUI,-7.29750413,False
AXS,-6.132294919999997,False
ALT,-5.705847899999999,False
GAS,-4.14609413,False
XRP,-3.1590100299999997,False
TURBO,-3.110803749999999,False
GALA,-2.5674881099999993,False
TIA,-2.3768456899999997,False
MOVE,-2.2165172499999994,False
DYM,-1.8090984099999992,False
APT,-1.5323043100000002,False
SUSHI,-1.3681820599999994,False
MINA,-1.1855484699999983,False
STRK,-0.9354971899999992,False
BTC,-0.8761036600000001,False
SCR,-0.1319883799999996,False
BIGTIME,-0.047582129999999716,False
