coin,fundingRate_avg_5d,isNew
DOOD,-532.57648736,False
YZY,-215.89688679999998,False
REZ,-106.52163504,False
BLAST,-102.41960078999999,False
OM,-100.10786671999999,False
0G,-99.17408429999999,False
ME,-88.8729667,False
PROVE,-69.62130012,False
APT,-69.54074754000001,False
TRUMP,-64.7392689,False
KAITO,-55.005973770000004,False
MOODENG,-52.56729197,False
IP,-46.31801382,False
BSV,-44.750133690000006,False
AVNT,-38.381042830000005,False
SOL,-37.17781303,False
ASTER,-35.25095758999999,False
HYPER,-35.134942339999995,False
FARTCOIN,-32.194446129999996,False
ATOM,-30.99623581000001,False
ZORA,-30.589218469999995,False
kBONK,-27.19854878,False
AI16Z,-25.714512799999998,False
MELANIA,-24.546985109999998,False
SUPER,-21.825697679999998,False
BIO,-21.25808691,False
VINE,-20.815286429999997,False
ALGO,-18.973537309999998,False
IO,-18.57590777,False
SPX,-18.296974040000002,False
XAI,-17.93664677,False
CAKE,-17.657624710000004,False
SEI,-17.22209722,False
GRASS,-16.406675539999995,False
ONDO,-14.613721809999998,False
SNX,-14.394393310000002,False
XPL,-13.546831920000004,False
RESOLV,-12.95140961,False
MAV,-12.62447035,False
VVV,-12.593674570000003,False
TURBO,-11.373204359999999,False
PUMP,-11.190115249999995,False
DYM,-10.542049719999998,False
INIT,-10.114745679999997,False
WIF,-9.40113491,False
IOTA,-8.296506209999999,False
USUAL,-8.211410839999996,False
RUNE,-8.146548879999997,False
TIA,-8.059276649999997,False
FTT,-7.736079369999997,False
ETC,-7.404220639999997,False
EIGEN,-7.11802195,False
ZETA,-6.912983199999996,False
RENDER,-6.893809019999996,False
MEME,-6.66535187,False
DOT,-6.387759879999998,False
PURR,-5.447746179999993,False
APEX,-5.266771879999996,False
FIL,-5.0825994499999965,False
ZEN,-3.4175935499999968,False
kSHIB,-3.3992880699999977,False
JUP,-2.5980860599999978,False
HYPE,-2.5190365500000014,False
CELO,-2.438418999999998,False
XRP,-2.143069029999999,False
NEAR,-1.840005149999997,False
kNEIRO,-1.7368743999999983,False
BERA,-1.6041129499999975,False
MEW,-1.5320115799999974,False
POPCAT,-1.2858336799999983,False
AVAX,-1.2435345599999976,False
AR,-0.7464921599999975,False
kLUNC,-0.46848552999999776,False
kFLOKI,-0.4625652300000075,False
MORPHO,-0.3541886999999977,False
GMX,-0.16102704999999937,False
