coin,fundingRate_avg_5d,isNew
LAYER,-307.53956256,False
STABLE,-123.14316855999999,False
MOVE,-82.64503594,False
kLUNC,-65.40388936999999,False
BANANA,-50.24492034,False
ACE,-49.17820053999997,False
BLAST,-48.21926305,False
CHIP,-38.05654907,False
SKY,-17.93782207,False
KAITO,-14.92955485,False
W,-11.75860202,False
INJ,-11.207628679999997,False
MERL,-10.152645820000002,False
JTO,-9.376956579999998,False
EIGEN,-8.808198249999998,False
WLFI,-6.042635589999999,False
COMP,-6.009278969999999,False
BLUR,-5.315002249999999,False
NOT,-5.26515785,False
TRUMP,-3.7954889999999986,False
ATOM,-3.655450179999998,False
ICP,-3.5704081,False
GRIFFAIN,-2.7867129499999987,False
BERA,-2.28608333,False
DYM,-0.546947389999999,False
WLD,-0.35965785999999944,False
