coin,fundingRate_avg_5d,isNew
ANIME,-339.995967,False
TURBO,-234.71320620000003,False
REZ,-221.75533025000001,False
RESOLV,-197.93652598,False
BLAST,-191.43094920999997,False
DOOD,-153.20206612,False
POLYX,-145.44711478999997,False
TRUMP,-145.10740271999998,False
VVV,-122.69828320000002,False
ME,-106.95878313,False
NEO,-76.01041925999999,False
XAI,-73.47341084000001,False
GAS,-70.01727548000001,False
BANANA,-50.49181437,False
SOPH,-49.209089029999994,False
MOODENG,-49.166724939999995,False
ZETA,-48.3054651,False
DOT,-45.010869979999995,False
STRK,-40.67774912,False
WIF,-37.37013882999999,False
TAO,-33.02365605000001,False
YGG,-32.03690994,False
POL,-28.39673939,False
GRASS,-27.309732890000003,False
MEME,-26.971298320000006,False
ZORA,-26.01754821,False
ALT,-24.8039838,False
BLUR,-23.95337904,False
JTO,-23.356182099999998,False
DYM,-22.846983010000006,False
ZRO,-20.506306629999997,False
MORPHO,-20.10502417,False
kLUNC,-19.20500352,False
EIGEN,-18.345967989999995,False
kNEIRO,-18.003412570000005,False
MERL,-17.57019407,False
LAYER,-17.09929151,False
HYPER,-17.047837459999997,False
APT,-13.89182627,False
USUAL,-13.571572349999999,False
MANTA,-13.248832779999999,False
OP,-12.87636999,False
TIA,-10.95830229,False
UMA,-10.26237504,False
MEW,-10.14821107,False
S,-10.065131229999999,False
ATOM,-9.855293459999999,False
COMP,-9.145448029999999,False
kSHIB,-8.358296329999998,False
MELANIA,-6.501955969999997,False
PYTH,-5.928703029999999,False
INIT,-5.92234911,False
FET,-5.29895174,False
SOL,-4.94219417,False
kPEPE,-4.935971649999999,False
PNUT,-4.32205698,False
HBAR,-4.074707429999998,False
SUI,-3.9090981699999987,False
BRETT,-3.8418206399999986,False
KAITO,-3.8251605799999995,False
NXPC,-3.67735237,False
ARK,-3.5488183499999986,False
RENDER,-3.16244833,False
kBONK,-2.891092729999999,False
AIXBT,-2.5173976999999996,False
BCH,-1.8552979199999997,False
STX,-1.261366999999999,False
IMX,-1.0642582399999996,False
FIL,-0.8049140599999994,False
BIGTIME,-0.8013596899999991,False
SEI,-0.4076422200000001,False
