coin,fundingRate_avg_5d,isNew
SOPH,-244.1344605917355,False
TRUMP,-89.65152756694215,False
MOVE,-61.77985221818181,False
TRX,-53.61463377520661,False
EIGEN,-35.79978303471074,False
BRETT,-34.89063548429751,False
UMA,-29.2688244,False
STABLE,-28.002918247933888,False
ME,-27.929964099173553,False
LAYER,-27.096192366942155,False
CHIP,-25.60564434049587,False
XLM,-24.63897399669422,False
kNEIRO,-22.34732976198347,False
IO,-19.73767725619835,False
ALT,-18.157200228099178,False
MOODENG,-17.57909959338843,False
GAS,-17.305532757024796,False
MINA,-15.10237031404959,False
ZORA,-14.30205599008265,False
IP,-11.372904565289257,False
AVAX,-9.6449764661157,False
POL,-8.264852221487605,False
SKR,-8.194229970247934,False
AIXBT,-7.728783659504133,False
NOT,-6.5260834413223145,False
2Z,-6.332320928925619,False
kLUNC,-5.956831130578512,False
ETC,-5.351077854545453,False
IOTA,-5.08398762644628,False
STRK,-4.802972618181817,False
0G,-4.704054119008264,False
SEI,-3.5480171900826445,False
HYPER,-3.4950966545454536,False
ZEC,-2.950887084297519,False
JUP,-2.662989322314048,False
SNX,-2.3079559338842968,False
FIL,-2.19938333553719,False
ORDI,-1.7819157619834711,False
ZEN,-1.7545910776859501,False
XAI,-1.6067403768595032,False
APE,-1.5106598280991728,False
W,-1.3676408826446267,False
OP,-1.280389110743801,False
POLYX,-1.2389470710743797,False
SAND,-1.1293753983471069,False
ZK,-1.0167963669421476,False
KAITO,-0.5419623768595039,False
RENDER,-0.39189850909090784,False
