coin,fundingRate_avg_5d,isNew
YZY,-397.95258616999996,False
0G,-205.65725418,False
TRUMP,-152.40469734000004,False
STABLE,-146.61349127,False
BLAST,-130.85108745,False
BIO,-119.08567161000002,False
DOT,-106.12262507000001,False
FET,-105.43904139000001,False
REZ,-77.69220786,False
JTO,-68.04386720999999,False
AXS,-58.76088499000002,False
BERA,-54.907123739999996,False
BLUR,-52.970658580000006,False
SUPER,-52.96309943,False
POL,-50.13377564999999,False
COMP,-46.11435696,False
TURBO,-42.08339916,False
W,-41.61135926,False
IMX,-37.350843469999994,False
POLYX,-36.33994385,False
RESOLV,-35.760888869999995,False
GAS,-34.517177649999994,False
APT,-31.967527089999997,False
AVNT,-31.538420679999994,False
HYPER,-31.391278960000008,False
EIGEN,-31.35087346,False
MOVE,-29.18022211,False
ZETA,-28.015180070000003,False
SEI,-27.57058963,False
2Z,-25.17130958,False
WLFI,-24.469497070000006,False
SAND,-24.01779643,False
KAITO,-23.05743325,False
kLUNC,-22.04260404,False
SAGA,-21.870702180000002,False
XAI,-21.62788447,False
OP,-21.37203991,False
APE,-20.20627444,False
kNEIRO,-19.86124067,False
ARK,-19.386496120000004,False
STX,-19.065483000000004,False
PROVE,-18.9750433,False
MEW,-18.74740375,False
IP,-18.670784410000003,False
NEO,-18.662904790000006,False
BABY,-17.340634620000003,False
BSV,-15.976636190000004,False
IOTA,-15.573017730000007,False
ME,-15.321010050000002,False
S,-14.88098503,False
ALT,-13.010511139999998,False
DYM,-12.70531493,False
HBAR,-11.96582347,False
GMT,-11.099536849999998,False
GRIFFAIN,-10.13684278,False
USTC,-8.763759499999997,False
NOT,-8.16370826,False
USUAL,-8.12758859,False
XLM,-7.938595240000001,False
STRK,-7.046469539999999,False
kFLOKI,-6.95824904,False
WCT,-6.696334529999999,False
ADA,-5.397537509999999,False
ICP,-4.73706271,False
SUI,-4.6492678,False
BIGTIME,-4.61923122,False
ANIME,-4.5113109399999995,False
ZEN,-4.5024837799999995,False
ARB,-4.32152043,False
INJ,-4.10501192,False
SUSHI,-3.9437103899999997,False
AERO,-3.4647559299999986,False
KAS,-3.35918625,False
TIA,-3.0537323499999998,False
CHILLGUY,-3.00830956,False
MINA,-2.8297887899999985,False
IO,-2.7485113199999995,False
MORPHO,-2.28062658,False
BCH,-2.19538302,False
ETH,-1.98849737,False
TNSR,-1.8657464099999992,False
kSHIB,-1.8300238599999998,False
MELANIA,-1.5670800499999995,False
PYTH,-1.4280822099999997,False
INIT,-0.7743058899999989,False
BTC,-0.6354051400000003,False
AIXBT,-0.6255632799999993,False
PENGU,-0.42827128999999936,False
