coin,fundingRate_avg_5d,isNew
POLYX,-231.63975800999998,False
CHIP,-172.70203198000002,False
STABLE,-79.38289808,False
WLD,-42.24369329,False
BSV,-40.59779222,False
HYPER,-36.26774028,False
kLUNC,-32.33114228000001,False
APE,-30.630945999999998,False
0G,-30.1613954,False
SAGA,-26.52991842,False
BIO,-21.488777130000003,False
COMP,-20.990892309999996,False
SKY,-17.71252582,False
POL,-17.12441519,False
TRUMP,-16.09855714,False
APT,-15.087808630000001,False
BCH,-14.352534379999998,False
AXS,-13.828649149999999,False
MON,-13.45777703,False
MOVE,-12.810074309999997,False
W,-12.162148210000002,False
EIGEN,-11.39232014,False
JTO,-10.947490259999999,False
BANANA,-10.17015706,False
MINA,-10.062602509999998,False
ATOM,-9.814649249999999,False
kSHIB,-8.90423705,False
BLUR,-8.68441726,False
SAND,-8.4799939,False
CAKE,-7.9886184899999995,False
BABY,-7.4712112799999995,False
ICP,-7.466397659999999,False
TURBO,-7.39918437,False
PENGU,-6.833889889999999,False
ALT,-6.55220114,False
PYTH,-5.75391037,False
INIT,-5.709506659999999,False
DASH,-5.5812135399999985,False
INJ,-5.296496749999999,False
SEI,-4.5281856199999995,False
2Z,-4.4206004100000005,False
NOT,-4.156587149999999,False
PROVE,-3.267501169999999,False
AERO,-3.066963599999999,False
STX,-2.94236063,False
ANIME,-2.855976079999999,False
BLAST,-2.5266548299999987,False
SOL,-1.93099892,False
SUI,-1.8741107500000005,False
XRP,-1.5503163299999998,False
GALA,-1.3726839699999998,False
BERA,-1.0113982099999996,False
MEGA,-0.3593308199999989,False
