coin,fundingRate_avg_5d,isNew
ANIME,-314.59907938999993,False
MOVE,-303.05743044999997,False
HYPER,-302.3505123199999,False
BERA,-265.42993815000005,False
AVNT,-260.6216581,False
BLUR,-242.89669819000005,False
GMT,-218.60038778000003,False
IP,-198.30997207999997,False
POLYX,-159.41561661000003,False
VVV,-158.89563907000002,False
BLAST,-143.96259117,False
ME,-118.28733922999999,False
KAITO,-72.18469731,False
0G,-67.36677980000002,False
REZ,-53.58728009,False
ZORA,-37.806307260000004,False
ZETA,-32.63407913999999,False
IO,-27.74598089,False
FTT,-25.461399170000004,False
LAYER,-25.054355549999997,False
TNSR,-24.60688818,False
MEME,-17.833309430000003,False
BSV,-17.565190649999995,False
MEW,-15.328915950000003,False
kLUNC,-14.92960376,False
ACE,-13.398145519999996,False
XAI,-13.109750259999998,False
AR,-12.377340530000003,False
ATOM,-11.6361124,False
WCT,-11.10446435,False
ZEC,-10.475541609999999,False
TRUMP,-9.435666099999999,False
FOGO,-8.343324029999998,False
CELO,-7.5135585800000015,False
ZEREBRO,-7.04640384,False
PROVE,-5.982325909999999,False
NOT,-5.5230719599999984,False
STX,-4.762022869999999,False
MELANIA,-4.66463722,False
2Z,-4.5453530299999985,False
USUAL,-4.49238861,False
USTC,-4.388565819999999,False
GMX,-3.9483218000000004,False
APT,-3.0644210100000002,False
IMX,-2.9520827699999987,False
WLFI,-2.8751502600000003,False
SCR,-2.816886769999998,False
BIO,-2.630511929999999,False
SUPER,-2.6107143299999986,False
TRX,-2.3662161599999996,False
FIL,-1.6528367999999998,False
TURBO,-1.4178366599999994,False
BCH,-1.4110053200000001,False
SAND,-0.795270759999999,False
