coin,fundingRate_avg_5d,isNew
DOOD,-538.24564473,False
YZY,-249.55050072999998,False
PROVE,-131.39514331,False
OM,-110.92764202,False
REZ,-110.16758062,False
BLAST,-108.28892124000001,False
ME,-103.54560899999998,False
0G,-94.04289093999999,False
APT,-80.96058649,False
TRUMP,-66.72982341,False
MOODENG,-56.73790023,False
KAITO,-56.29537569,False
IP,-52.79745294000001,False
MAV,-52.44374166,False
BSV,-51.308548589999994,False
ATOM,-50.271650750000006,False
SOL,-39.94604603,False
AVNT,-39.23039929,False
HYPER,-38.94689794999999,False
ASTER,-35.25095758999999,False
ZORA,-34.44027798999999,False
FARTCOIN,-33.69315365,False
XAI,-31.349526609999998,False
kBONK,-29.75961873,False
AI16Z,-28.712343939999997,False
BIO,-26.289593659999998,False
IO,-25.418648179999998,False
MELANIA,-24.76586539,False
SUPER,-23.37810108,False
VINE,-22.797432069999996,False
RESOLV,-22.51242766,False
ALGO,-20.45619432,False
DYM,-20.32232619,False
GRASS,-19.945049049999998,False
VVV,-19.63115635,False
CAKE,-19.48623237,False
SPX,-18.83838584,False
SEI,-18.657086689999996,False
SNX,-17.79052413,False
XPL,-16.891230560000004,False
INIT,-16.413598129999997,False
ONDO,-16.19345933,False
TURBO,-16.08679465,False
USUAL,-15.680891289999998,False
APEX,-12.480030359999997,False
TIA,-12.100639139999997,False
PUMP,-11.929766579999997,False
EIGEN,-10.906666469999998,False
RUNE,-10.30712331,False
BERA,-10.248830619999998,False
WIF,-9.883366339999998,False
IOTA,-9.77817699,False
MEME,-9.128730299999999,False
DOT,-8.883924799999999,False
ZETA,-8.791360799999998,False
ETC,-8.541302949999997,False
PURR,-7.93375534,False
FIL,-7.464017129999996,False
kLUNC,-7.220518329999998,False
RENDER,-6.985514539999997,False
kFLOKI,-6.458019460000003,False
JUP,-5.435810679999998,False
kSHIB,-4.467512399999999,False
AVAX,-4.005479339999997,False
HYPE,-3.943361449999998,False
ZEN,-3.5314319399999987,False
XRP,-3.5023662599999996,False
IMX,-2.920826359999998,False
MEW,-2.876281759999998,False
CELO,-2.2884930599999986,False
NEO,-2.127925909999998,False
STBL,-2.070689529999999,False
POPCAT,-2.027357459999997,False
NEAR,-1.9837713499999976,False
SAND,-1.8359967199999976,False
kNEIRO,-1.7368743999999987,False
AR,-1.443771369999999,False
BANANA,-1.3519483199999964,False
SAGA,-1.1925316499999974,False
STRK,-0.6977405699999971,False
LINEA,-0.5297018699999971,False
GMX,-0.5089632999999998,False
MORPHO,-0.38985065999999696,False
FTT,-0.26454761999999765,False
