coin,fundingRate_avg_5d,isNew
ACE,-257.13407725999997,False
kBONK,-99.92082612000003,False
POLYX,-51.20860721,False
STABLE,-29.11124513999999,False
SUPER,-27.589887179999998,False
kNEIRO,-26.62345186,False
TRB,-23.68613991,False
OP,-23.52459967,False
TURBO,-23.3785566,False
W,-23.27931383,False
GMT,-22.79932204,False
AERO,-20.86917138,False
NEO,-20.70107647,False
TRX,-20.44473989,False
UMA,-19.616636650000004,False
ATOM,-18.01940687,False
WCT,-16.456212609999998,False
S,-15.405634570000002,False
ME,-15.359923430000002,False
XAI,-15.347946320000007,False
HYPER,-15.030794170000002,False
ZORA,-13.44041763,False
MET,-13.332231630000006,False
MINA,-13.199869489999998,False
VIRTUAL,-11.522840489999998,False
ZETA,-11.476321239999999,False
MOODENG,-10.749514260000002,False
MEME,-10.525042910000002,False
TIA,-9.27143727,False
YGG,-9.126962240000001,False
ZK,-8.551944159999998,False
IO,-8.47241723,False
BSV,-8.301324210000002,False
SEI,-8.240891889999999,False
GAS,-8.02264744,False
AIXBT,-8.01633659,False
POPCAT,-7.444211499999999,False
SOPH,-6.40724212,False
STRK,-4.647085829999998,False
TRUMP,-4.36891349,False
ALT,-4.2854591599999985,False
PYTH,-4.048402609999998,False
RENDER,-3.98913391,False
KAS,-3.67609166,False
BCH,-3.22653503,False
SPX,-2.8413067299999986,False
REZ,-2.4728947099999985,False
AVNT,-2.11652258,False
MOVE,-2.10762534,False
kFLOKI,-1.8726390699999993,False
0G,-0.7432662899999987,False
ANIME,-0.2980984199999997,False
BIGTIME,-0.25909305999999943,False
MERL,-0.038278280000000234,False
