coin,fundingRate_avg_5d,isNew
0G,-1192.8584403400002,False
GAS,-656.89035838,False
MOVE,-538.6058406,False
AVNT,-511.18129477,False
POLYX,-425.52349846,False
BANANA,-394.75317136999996,False
LAYER,-386.86100412999997,False
KAITO,-384.3332229100001,False
ANIME,-288.69671131,False
TNSR,-226.73552311,False
RESOLV,-189.47298336,False
MERL,-159.37820265,False
GMT,-108.16478912,False
INIT,-106.24354446000001,False
BLAST,-95.9422867,False
MOODENG,-73.95593792,False
NIL,-73.75707643,False
2Z,-72.14301504,False
VVV,-61.202645929999996,False
HMSTR,-61.113982320000005,False
BIGTIME,-60.42398121000001,False
BIO,-58.52150558000001,False
SUPER,-56.583225639999995,False
ZORA,-48.95759527,False
ARK,-48.17503454,False
IMX,-46.9255607,False
SOPH,-46.658646420000004,False
USTC,-46.414845400000004,False
DYM,-43.78870836,False
TURBO,-36.679478530000004,False
OM,-32.99736583,False
FXS,-30.942432619999995,False
REZ,-29.177513080000008,False
MANTA,-26.65805313,False
IO,-26.358109270000003,False
HYPER,-25.457231599999997,False
WCT,-24.026292169999998,False
ME,-23.010810340000003,False
IP,-19.829731680000005,False
kLUNC,-19.788331919999997,False
XAI,-17.42626873,False
FET,-16.98860526000001,False
CELO,-16.954723039999998,False
BABY,-16.401356760000002,False
NOT,-16.23096819,False
PROVE,-14.780927579999997,False
ETC,-14.236571690000002,False
UMA,-13.74432977,False
ADA,-12.495656739999998,False
CC,-12.33579331,False
ZETA,-12.06977182,False
TRUMP,-11.761261409999998,False
CFX,-11.61696012,False
DOT,-11.522043329999999,False
GMX,-11.37411394,False
MEME,-11.206877509999995,False
STX,-10.44561161,False
BLUR,-10.441359359999998,False
SUSHI,-9.76694302,False
NEO,-7.088974520000001,False
kFLOKI,-7.084845639999998,False
BERA,-6.692653139999999,False
S,-6.38323169,False
SKY,-6.080099189999999,False
EIGEN,-5.97263224,False
BSV,-5.699073499999999,False
ZRO,-5.59778673,False
DOOD,-4.380439459999997,False
SEI,-4.006805019999999,False
YGG,-3.9342868199999983,False
GOAT,-3.4112637199999973,False
RSR,-2.3608375199999996,False
JUP,-2.0504400599999992,False
SYRUP,-1.4150422199999992,False
ALT,-1.3296161600000003,False
POL,-0.7053500899999986,False
BCH,-0.5886493700000002,False
USUAL,-0.31032956999999906,False
TIA,-0.1738224900000001,False
