coin,fundingRate_avg_5d,isNew
DOOD,-511.73140618512406,False
0G,-177.57286536198347,False
REZ,-92.41691187768595,False
KAITO,-58.545307646281,False
BLAST,-41.16076041322314,False
CELO,-33.565943940495856,False
APT,-28.64865042644628,False
MEME,-1.9508556198347096,False
