coin,fundingRate_avg_5d,isNew
ANIME,-314.8451284661157,False
AVNT,-261.5367392231405,False
GMT,-245.79606318347112,False
BLAST,-184.414831507438,False
POLYX,-167.5956865289256,False
BABY,-161.7792745785124,False
IP,-154.38908301818182,False
0G,-150.58387295206612,False
ZK,-93.09225358016529,False
VVV,-87.2305632892562,False
FTT,-71.42799676363636,False
BERA,-70.9742504826446,False
kLUNC,-60.65723649917356,False
TNSR,-48.809633325619835,False
GAS,-46.53985796033057,False
REZ,-41.68016542809917,False
WCT,-34.97871837024794,False
ACE,-34.50858654545455,False
XAI,-29.196595666115698,False
CELO,-26.28203217520661,False
SOPH,-21.37083735867769,False
TRUMP,-19.97924475371901,False
MINA,-19.411201467768596,False
ATOM,-18.348975451239674,False
SCR,-15.271474512396692,False
BSV,-14.823454809917358,False
ZETA,-14.690272403305787,False
SUPER,-12.87311393057851,False
STRK,-11.77542149752066,False
SKY,-10.636694618181817,False
ZORA,-9.828255937190082,False
USUAL,-9.019024512396694,False
PROVE,-9.007538052892562,False
HYPER,-6.247940409917356,False
USTC,-5.799008509090909,False
2Z,-5.7542521487603295,False
ARK,-5.196652809917353,False
LAYER,-3.9374556595041317,False
WLFI,-3.68426776859504,False
SAND,-2.84170707768595,False
FET,-2.551293530578512,False
ZRO,-2.2709568793388417,False
MOODENG,-1.14322416198347,False
EIGEN,-0.16461343140495713,False
