coin,fundingRate_avg_5d,isNew
STABLE,-78.84475084,False
MOVE,-45.37619993999999,False
XAI,-36.66885411,False
SUPER,-36.131536880000006,False
POLYX,-34.151076810000006,False
MINA,-31.08163048,False
kNEIRO,-29.849543049999998,False
ZETA,-29.578417399999996,False
TRX,-26.978813670000005,False
IO,-19.694872210000003,False
ATOM,-19.370351439999997,False
ALT,-15.766795499999999,False
BIGTIME,-15.284773580000003,False
BLUR,-13.462478959999997,False
ME,-12.77490948,False
STRK,-12.333561699999999,False
SNX,-12.010718470000002,False
RENDER,-11.662997569999998,False
MEME,-11.50122811,False
OP,-10.731628529999998,False
WCT,-10.684251530000001,False
KAS,-10.14482898,False
PENGU,-9.34768723,False
CELO,-9.065409370000001,False
BCH,-8.991526069999999,False
PROVE,-8.632752969999999,False
SAND,-8.124553249999998,False
LIT,-7.56792606,False
ANIME,-6.936863689999998,False
BSV,-6.8795221899999985,False
SEI,-6.36508535,False
S,-6.166423149999999,False
STX,-5.988299499999997,False
MOODENG,-5.61089753,False
POPCAT,-5.53569074,False
AVNT,-5.240787529999999,False
MORPHO,-5.11939291,False
VIRTUAL,-4.29104293,False
CRV,-3.3452782899999987,False
BIO,-2.953566129999999,False
ICP,-2.8016356099999995,False
SUSHI,-2.6059569199999997,False
SPX,-2.338874009999999,False
YGG,-2.1920257499999987,False
SOPH,-2.1769819099999985,False
MET,-2.1477037999999977,False
NOT,-1.2004214899999983,False
ADA,-0.35133877999999996,False
