coin,fundingRate_avg_5d,isNew
ME,-289.568532168595,False
CELO,-150.9363869355372,False
MANTA,-128.14345190082648,False
IP,-126.27782384132232,False
STABLE,-112.78858942809919,False
GAS,-76.3554091636364,False
TNSR,-40.23317342479339,False
TRUMP,-40.00515496859504,False
BSV,-35.91509286942149,False
IOTA,-34.31734488595041,False
TRX,-34.14233311735538,False
PYTH,-28.227547090909095,False
LAYER,-26.40825725950413,False
kNEIRO,-21.879839692561983,False
PROVE,-21.64138090909091,False
ZETA,-20.58104372231405,False
0G,-19.91033396033058,False
POLYX,-19.579887937190083,False
MINA,-18.44088884628099,False
S,-16.04020577851239,False
INJ,-14.347869342148762,False
HYPER,-13.450340737190082,False
OP,-13.268533090909091,False
AVNT,-12.58056902479339,False
kSHIB,-11.728426631404957,False
ALT,-7.868211728925622,False
POPCAT,-7.543752912396693,False
ANIME,-7.384437471074377,False
GMT,-6.670111596694213,False
STRK,-5.7830472099173535,False
ALGO,-5.698132403305784,False
kPEPE,-5.577824300826445,False
BLUR,-5.284627824793388,False
TIA,-5.147505590082645,False
APT,-4.613590105785122,False
XAI,-4.547266770247932,False
ATOM,-3.564782816528925,False
ZORA,-3.4656406115702465,False
IO,-3.2720663305785123,False
YGG,-2.582777404958676,False
UMA,-2.086041966942149,False
ZK,-1.3723039537190072,False
