coin,fundingRate_avg_5d,isNew
SUPER,-195.65006669999997,False
STABLE,-183.60563318,False
BLUR,-150.1309386,False
BIO,-144.51981842,False
YZY,-140.21257387000003,False
BLAST,-125.15076638,False
MOVE,-92.61518176000001,False
WLD,-74.75388559,False
UMA,-68.76710157,False
SKR,-68.61500607,False
kNEIRO,-65.86444345000001,False
COMP,-55.00293550999999,False
MEME,-45.694155820000006,False
FET,-44.67777608999999,False
AXS,-44.29922802,False
ALT,-36.488731720000004,False
IP,-36.22473525,False
USTC,-35.881928710000004,False
BOME,-34.10088784999999,False
FTT,-33.97027624999998,False
2Z,-30.459038300000003,False
REZ,-26.37794848,False
AERO,-25.163695680000004,False
MORPHO,-20.86240647,False
AVNT,-19.896425939999997,False
MET,-19.12526124,False
JTO,-18.62211531,False
JUP,-18.46907738,False
PNUT,-17.963139200000004,False
W,-16.81714578,False
SAND,-13.76728024,False
IMX,-13.094926150000001,False
KAITO,-12.45536877,False
0G,-11.719232390000002,False
kLUNC,-11.12198362,False
BABY,-10.919370659999998,False
DOT,-10.409744519999999,False
TAO,-10.21604413,False
INIT,-9.68579987,False
S,-9.60024752,False
PYTH,-9.39693668,False
DYM,-8.934472190000001,False
PROVE,-8.737313789999998,False
ARB,-8.430759779999999,False
MERL,-8.113747060000001,False
TRUMP,-7.832093349999998,False
BANANA,-7.698477069999999,False
EIGEN,-7.641952440000002,False
MANTA,-4.725400230000001,False
TURBO,-4.438264949999999,False
XAI,-4.316260779999999,False
OP,-4.275842869999999,False
USUAL,-4.025536819999999,False
YGG,-2.54873733,False
ETH,-2.53218385,False
SAGA,-2.3375702299999994,False
STRK,-1.94004216,False
CAKE,-1.6687814599999984,False
LAYER,-1.4028409999999987,False
IO,-1.3477354899999983,False
TON,-0.8559476299999993,False
TIA,-0.72971457,False
ADA,-0.6025317800000003,False
GMX,-0.5997855199999997,False
DASH,-0.14104110999999875,False
