coin,fundingRate_avg_5d,isNew
BIO,-528.03022183,False
AVNT,-480.85221983,False
DOOD,-429.60974354000007,False
BLAST,-273.44497972,False
MERL,-268.98831293,False
KAITO,-260.45361210000004,False
0G,-207.81279599,False
REZ,-163.00282565999998,False
BSV,-121.79928236,False
OM,-121.58025680999998,False
ZORA,-94.50409471999998,False
APT,-71.87962812,False
IO,-67.37581428,False
NXPC,-66.89050444,False
MOODENG,-53.34325057999999,False
VVV,-52.9391109,False
BERA,-45.985639709999994,False
HYPER,-45.20217523999999,False
IP,-43.607110639999995,False
ATOM,-41.777220369999995,False
IOTA,-32.81307806,False
MEW,-29.690138060000002,False
YGG,-28.50963097,False
kFLOKI,-26.901890650000006,False
INIT,-26.297114850000003,False
TURBO,-24.85929517,False
AIXBT,-24.33787077,False
MOVE,-23.44607503,False
BANANA,-21.738718909999996,False
LAYER,-21.126352569999998,False
SKY,-20.39716798,False
SAND,-18.030480969999996,False
PROVE,-15.114755120000003,False
SEI,-14.78334096,False
MORPHO,-14.31978001,False
GRASS,-13.27937671,False
RESOLV,-13.0868487,False
TRX,-13.057899819999998,False
WCT,-12.155088379999999,False
GMX,-11.914232180000003,False
OP,-10.08174457,False
WLFI,-9.99949328,False
CELO,-8.886776179999998,False
BABY,-7.24518065,False
ARK,-7.102476599999999,False
DYDX,-7.081268639999999,False
BCH,-6.974458689999999,False
CFX,-6.67053487,False
2Z,-3.3996516099999994,False
TRUMP,-2.6500043899999985,False
kPEPE,-2.4868362500000005,False
GOAT,-2.112733149999999,False
PROMPT,-2.1036336999999987,False
ZK,-2.103168690000001,False
COMP,-1.9293980299999995,False
TIA,-1.2704357899999996,False
YZY,-1.0844646399999993,False
INJ,-0.9226324,False
SOPH,-0.898081769999998,False
BIGTIME,-0.6077381399999985,False
TNSR,-0.4934376599999995,False
LINEA,-0.26706904000000015,False
ASTER,-0.07778223000000004,False
