coin,fundingRate_avg_5d,isNew
ZORA,-560.43628109,False
GAS,-389.59110046999996,False
AXS,-386.12467941,False
0G,-374.49564509,False
SOPH,-191.09545727,False
YZY,-180.56703154,False
ARK,-168.88081778,False
INIT,-110.30891227000002,False
RESOLV,-95.90507641000004,False
SKR,-71.78623776,False
2Z,-70.2312925,False
JTO,-59.367633250000004,False
MERL,-58.90184434,False
DYM,-56.97144986,False
FET,-52.300271110000004,False
ZETA,-50.6517581,False
POLYX,-44.92221805000001,False
TRX,-41.46225019,False
YGG,-41.24094704,False
XAI,-41.019792079999995,False
IMX,-36.808257829999995,False
MINA,-33.43483293,False
MANTA,-33.3402388,False
BANANA,-33.05212386,False
FOGO,-31.585331209999996,False
STRK,-29.78112599,False
POPCAT,-28.500862209999998,False
ATOM,-25.70868302,False
NEO,-24.75343422,False
APT,-23.270366219999996,False
MEME,-22.6863487,False
kLUNC,-22.64243482,False
EIGEN,-22.04033812,False
kFLOKI,-21.616991409999997,False
CC,-21.60785254,False
WLD,-20.943604370000003,False
SUSHI,-20.25270463,False
DOT,-18.929008770000003,False
SEI,-18.888091539999998,False
XRP,-17.26063246,False
PYTH,-17.16397681,False
RSR,-17.11971691,False
PROVE,-17.02802672,False
SOL,-17.002136540000002,False
SKY,-16.98385953,False
WLFI,-16.882779350000003,False
KAS,-16.186903200000003,False
STABLE,-15.716551059999997,False
W,-14.511471440000001,False
CAKE,-14.417712429999998,False
AVAX,-13.675639689999999,False
OP,-12.463595139999999,False
kBONK,-12.01761624,False
ADA,-12.00698379,False
DOGE,-10.893523550000001,False
BLUR,-9.92084746,False
ICP,-9.861945219999999,False
DASH,-9.79753075,False
BSV,-9.531830459999998,False
ENS,-9.51395276,False
AR,-9.493374790000003,False
TIA,-9.152552389999999,False
TON,-9.025052780000001,False
ALT,-7.7026950099999985,False
STX,-7.376102500000001,False
FIL,-6.998031850000001,False
TAO,-6.93725132,False
BNB,-6.32452801,False
JUP,-5.791457189999999,False
USTC,-5.48053997,False
ETC,-5.364164829999999,False
SUPER,-4.69417521,False
RUNE,-4.045353400000001,False
ETH,-3.65693646,False
SAGA,-3.5153186499999993,False
HEMI,-3.291097689999998,False
ETHFI,-3.2011470899999996,False
kSHIB,-2.5039248199999995,False
ENA,-1.9855445200000001,False
WIF,-1.8712951400000002,False
BCH,-0.6843165999999999,False
