coin,fundingRate_avg_5d,isNew
VINE,-54.264889299173575,False
IOTA,-33.708370680991735,False
kNEIRO,-31.81966472727273,False
SNX,-30.25275990743802,False
SAND,-28.44625748,False
STABLE,-25.948450651239668,False
MOVE,-23.28082931,False
ALT,-22.643340750000004,False
POLYX,-22.37338895206612,False
TRUMP,-22.18938879,False
ATOM,-16.347196720661152,False
BIGTIME,-15.722070813223139,False
BLUR,-12.725287844628097,False
KAS,-12.550142866115703,False
ANIME,-12.253691434710744,False
PENGU,-12.184609061157023,False
ME,-11.52283667107438,False
STX,-11.13756101157025,False
kBONK,-10.31309325,False
AVNT,-9.697211404958676,False
UMA,-9.29258756,False
NXPC,-8.91263278,False
XAI,-8.903365001652892,False
TRX,-8.676950856198347,False
PROVE,-7.1650964826446275,False
OP,-6.370266208264462,False
0G,-5.592413929999998,False
HYPER,-3.680843229999999,False
MINA,-3.35895467107438,False
CELO,-2.6518742578512393,False
CHIP,-2.4897375173553704,False
W,-2.1538795999999993,False
SUPER,-2.1012749553719003,False
TNSR,-1.8684612800000002,False
NEO,-1.7686201090909086,False
ADA,-1.7407785123966941,False
ICP,-1.5305964297520656,False
