coin,fundingRate_avg_5d,isNew
GAS,-997.7152790700002,False
POLYX,-778.28761076,False
0G,-765.30107939,False
KAITO,-405.3277112,False
TST,-310.5807425599999,False
WCT,-183.37605767,False
AVNT,-174.63771968999998,False
MERL,-144.55831351,False
GMT,-140.70882714,False
TNSR,-139.43174251,False
RESOLV,-128.43114548,False
ANIME,-118.05738485000002,False
BLAST,-117.75166742,False
ZORA,-88.51846629,False
BIGTIME,-81.95587214,False
REZ,-81.00002692999999,False
DYM,-80.21902182999999,False
TURBO,-70.77919984,False
ARK,-67.97788397000002,False
kLUNC,-66.18588653999998,False
USTC,-60.48228776999999,False
MANTA,-57.45309583000001,False
LAYER,-53.72163659,False
VVV,-50.204406799999994,False
SOPH,-46.877623060000005,False
MOVE,-43.76755149999999,False
SUPER,-43.43703597,False
MOODENG,-42.66404116,False
CELO,-42.23980239,False
IMX,-39.6790332,False
HYPER,-37.96574948,False
XAI,-34.18997486,False
IO,-29.56380426,False
EIGEN,-25.491195580000003,False
BLUR,-25.306993950000003,False
OM,-24.97064864,False
CFX,-23.169919679999996,False
PROVE,-21.50322237,False
USUAL,-20.708664090000003,False
BABY,-20.20680004,False
NEO,-20.05196412,False
NIL,-19.89747933,False
FET,-19.207048250000003,False
WIF,-18.31920838,False
SAGA,-18.006845029999997,False
kNEIRO,-17.591502039999998,False
ZRO,-17.315602190000003,False
ME,-16.18387662,False
kFLOKI,-15.552539770000001,False
BSV,-15.107088660000002,False
BIO,-13.500356470000002,False
FXS,-13.213969440000001,False
NOT,-12.99879172,False
BANANA,-12.802410040000002,False
INIT,-12.413550720000002,False
UMA,-12.326931839999999,False
MEW,-12.323276730000002,False
SUSHI,-11.512181760000002,False
SEI,-11.473543589999998,False
ALT,-11.37788439,False
2Z,-10.29973498,False
ETC,-9.96364517,False
ZETA,-8.78002244,False
CC,-8.409416040000005,False
XLM,-8.37126186,False
STX,-8.36903536,False
GMX,-8.15747114,False
FIL,-7.9570146,False
DOT,-7.347969760000001,False
IP,-7.127999590000002,False
ATOM,-5.96194577,False
SKY,-5.31524753,False
POL,-5.30153302,False
kSHIB,-4.20901575,False
TRUMP,-3.19808036,False
JUP,-2.6395646599999996,False
BOME,-2.599197849999999,False
SCR,-2.429707909999999,False
S,-1.9165624399999992,False
PAXG,-1.1446173700000002,False
SAND,-0.73886804,False
APT,-0.33984274000000014,False
ADA,-0.2863702400000001,False
CAKE,-0.01741852999999941,False
