coin,fundingRate_avg_5d,isNew
ANIME,-315.47648682999994,False
AVNT,-269.56604222999994,False
GMT,-252.84523381999998,False
BLAST,-184.65338758000001,False
POLYX,-176.51164502,False
BABY,-162.85445462,False
IP,-153.56256129000002,False
0G,-152.94424983,False
ZK,-94.34335967,False
VVV,-87.17219883000001,False
FTT,-72.11448007,False
BERA,-71.08200311,False
kLUNC,-59.34841089,False
TNSR,-49.630148649999995,False
GAS,-47.01894011,False
REZ,-42.39022984,False
ACE,-35.53614669,False
WCT,-35.00739528,False
XAI,-28.48234722,False
CELO,-26.868334739999995,False
TRUMP,-20.115357319999998,False
MINA,-19.23161421,False
SOPH,-18.812479600000003,False
ATOM,-18.14787592,False
SCR,-15.548443010000003,False
SUPER,-13.127092139999998,False
BSV,-12.780855330000001,False
ZETA,-12.771533230000001,False
STRK,-11.96480001,False
SKY,-11.401410099999998,False
ZORA,-10.05220512,False
PROVE,-9.66092147,False
USUAL,-9.185433049999999,False
USTC,-6.297541369999999,False
HYPER,-5.95657443,False
2Z,-5.57504431,False
ARK,-5.331208249999998,False
WLFI,-3.864976239999999,False
LAYER,-3.3103090999999996,False
FET,-2.884486959999999,False
SAND,-2.59036631,False
MOODENG,-2.088161349999999,False
ZRO,-1.1985723999999989,False
EIGEN,-0.3863970299999986,False
