coin,fundingRate_avg_5d,isNew
TNSR,-121.27263132892563,False
IP,-108.61010707438018,False
MANTA,-81.87448209917355,False
GAS,-78.51671835371901,False
STABLE,-75.88855473719009,False
TRUMP,-72.02093799669422,False
CELO,-66.01691870082644,False
BSV,-64.95716358347107,False
ZORA,-62.923532479338846,False
LAYER,-62.80914353057851,False
ME,-57.58367756033058,False
0G,-56.60432259173553,False
S,-47.842657467768596,False
AVNT,-43.11829679999999,False
POLYX,-35.3785877553719,False
PROVE,-35.304146578512395,False
kNEIRO,-29.883877031404964,False
IOTA,-28.45072076033058,False
AIXBT,-27.94720826776859,False
TRX,-26.659650436363634,False
USUAL,-24.026235887603303,False
SNX,-23.17044976859504,False
STRK,-21.861820155371905,False
kSHIB,-19.471626644628095,False
XAI,-19.241639722314048,False
MON,-19.229464046281,False
MINA,-17.235209504132232,False
APT,-16.812014628099174,False
ZETA,-16.770471957024792,False
ADA,-16.089200965289255,False
INJ,-15.93516758677686,False
ANIME,-14.900872938842973,False
KAITO,-14.303640753719009,False
AXS,-14.252969583471073,False
BIO,-13.224486942148763,False
OP,-13.135124806611568,False
POPCAT,-12.812103064462809,False
GMT,-12.443774747107442,False
YGG,-11.721984773553718,False
NOT,-11.358436085950414,False
FIL,-10.009902862809916,False
kPEPE,-9.239389914049585,False
WLFI,-8.689015041322312,False
XRP,-7.762445226446281,False
MERL,-7.721016218181819,False
PYTH,-7.69746991735537,False
SOPH,-7.679034099173554,False
W,-7.4790252,False
ALGO,-6.485970604958678,False
DOT,-6.324530320661157,False
ETH,-4.625623160330577,False
ATOM,-4.0764515206611565,False
HYPER,-3.8564372429752063,False
ALT,-3.3111192793388424,False
ZK,-3.1987755371900817,False
DOGE,-2.742642337190083,False
STX,-2.5471292727272723,False
MOODENG,-2.1593371041322302,False
SUSHI,-1.9855379801652864,False
KAS,-1.9563099867768576,False
ARB,-1.4138958545454545,False
kFLOKI,-1.3171767669421484,False
FOGO,-1.1127082314049566,False
BLUR,-0.3955690214876031,False
