coin,fundingRate_avg_5d,isNew
TRUMP,-72.434888538843,False
STABLE,-64.64312699504131,False
VVV,-45.844396492561984,False
kNEIRO,-39.65443931900827,False
MOVE,-34.723033517355375,False
IO,-31.816115117355373,False
0G,-29.693984846280994,False
LAYER,-29.66318222479339,False
TRX,-29.478280343801654,False
BRETT,-27.441287137190084,False
ME,-24.977574059504132,False
CHIP,-21.477998221487606,False
GAS,-19.67047068099173,False
EIGEN,-19.583537454545453,False
HYPER,-19.523970902479338,False
KAITO,-18.859767431404958,False
BLUR,-17.91351657520661,False
ADA,-17.877826452892563,False
XAI,-16.91642876033058,False
MINA,-16.703285652892564,False
IP,-16.31913576198347,False
AVAX,-14.900662988429755,False
kSHIB,-11.049513600000001,False
ATOM,-9.016805553719008,False
SKR,-7.635748115702481,False
DOT,-7.439874515702481,False
XLM,-7.361038859504131,False
BABY,-7.315966125619834,False
ZORA,-6.401701576859502,False
INIT,-6.16487027107438,False
POLYX,-5.3969788066115685,False
kLUNC,-4.663693685950412,False
ICP,-4.325928357024792,False
BCH,-4.239986241322313,False
2Z,-4.1188962545454535,False
UMA,-4.102702561983469,False
IOTA,-3.3071157421487603,False
OP,-2.8319364198347103,False
STRK,-1.9000027338842973,False
ORDI,-1.8281765256198343,False
SUSHI,-1.7116938644628097,False
RENDER,-1.4007095206611564,False
NOT,-1.2300683404958672,False
MOODENG,-1.1207978380165273,False
SEI,-0.9117379041322305,False
PENGU,-0.8038820330578511,False
APE,-0.7654118776859493,False
REZ,-0.2627442545454533,False
ARB,-0.18515237355371902,False
ANIME,-0.12168436363636256,False
BNB,-0.09339535537190058,False
