coin,fundingRate_avg_5d,isNew
POLYX,-193.50567136859502,False
CHIP,-150.71336602314048,False
STABLE,-133.05000319338842,False
kLUNC,-42.06780194380165,False
SAGA,-38.10558806280992,False
WLD,-26.53623,False
BLAST,-22.112369910743798,False
SKY,-21.604562846280988,False
COMP,-20.53942141487603,False
APE,-20.058661755371904,False
INJ,-18.886552036363636,False
TRUMP,-18.82704412561983,False
W,-17.86026229090909,False
BSV,-17.57302768264463,False
BIO,-17.161701520661158,False
0G,-16.16794540165289,False
MOVE,-15.19945210909091,False
EIGEN,-14.338864641322315,False
BLUR,-12.70807118677686,False
ICP,-12.594529279338843,False
APT,-9.757561289256198,False
AXS,-9.721756056198345,False
NOT,-9.599345553719006,False
ATOM,-9.565291596694214,False
POL,-8.610853398347107,False
PENGU,-8.081277371900827,False
KAITO,-6.72110348429752,False
TURBO,-6.6236850446280995,False
MON,-6.247277980165288,False
JTO,-5.481116796694215,False
BCH,-5.122260862809917,False
ALT,-4.11236534876033,False
SAND,-3.9157887768595034,False
INIT,-3.4842639371900823,False
GALA,-3.430552829752065,False
MINA,-3.0620775471074375,False
MEGA,-2.7492514314049594,False
BABY,-2.2190412099173553,False
SEI,-1.7178837818181814,False
BERA,-1.3695586710743795,False
ADA,-0.960879332231405,False
kSHIB,-0.5402596066115689,False
CAKE,-0.41425533223140426,False
