coin,fundingRate_avg_5d,isNew
STABLE,-80.06210468,False
MOVE,-45.83452094999999,False
XAI,-36.66885411,False
SUPER,-36.131536880000006,False
POLYX,-34.239607559999996,False
MINA,-31.000374179999998,False
ZETA,-30.17672321,False
kNEIRO,-30.112013819999998,False
TRX,-27.270384430000004,False
IO,-19.76584792,False
ATOM,-19.333834649999996,False
ALT,-15.766795500000002,False
BIGTIME,-14.29112094,False
BLUR,-13.462478959999997,False
ME,-12.742224460000001,False
STRK,-12.333561699999999,False
MEME,-12.0513145,False
RENDER,-11.70604129,False
SNX,-11.158179210000002,False
OP,-10.810170689999998,False
WCT,-10.684251530000003,False
KAS,-9.780348009999997,False
PENGU,-9.166040599999999,False
BCH,-9.083540379999999,False
CELO,-8.887712040000002,False
PROVE,-8.63275297,False
SAND,-7.680000769999999,False
LIT,-7.567926059999998,False
BSV,-7.34541987,False
ANIME,-6.936863689999998,False
SEI,-6.347872679999999,False
S,-6.16642315,False
MOODENG,-6.036758359999999,False
STX,-5.8005938699999975,False
POPCAT,-5.67029836,False
MORPHO,-5.34417086,False
VIRTUAL,-4.541817639999999,False
AVNT,-4.218125420000001,False
CRV,-3.345278289999999,False
BIO,-2.953566129999999,False
MET,-2.9051364699999973,False
ICP,-2.801635609999999,False
SUSHI,-2.6898485199999995,False
SPX,-2.338874009999999,False
YGG,-2.1257680299999993,False
SOPH,-1.8282251399999987,False
NOT,-1.2004214899999983,False
ADA,-0.35133877999999996,False
