coin,fundingRate_avg_5d,isNew
POLYX,-231.28620441,False
CHIP,-163.83095225999998,False
STABLE,-97.82569837999999,False
BSV,-36.897632460000004,False
kLUNC,-35.442904520000006,False
WLD,-33.6644391,False
APE,-27.394480050000002,False
0G,-26.37818719,False
SAGA,-25.990838240000002,False
COMP,-21.568502619999997,False
INJ,-19.2832712,False
BIO,-17.618366770000005,False
SKY,-17.281159329999998,False
APT,-14.822864619999999,False
POL,-13.89877806,False
AXS,-12.73334693,False
W,-12.618822340000001,False
TRUMP,-12.502536260000001,False
MON,-12.234034959999999,False
EIGEN,-11.98404573,False
BCH,-10.36015781,False
TURBO,-10.08038531,False
BLUR,-9.957126269999998,False
ATOM,-9.860080069999997,False
ICP,-9.510652429999999,False
MINA,-9.047141850000001,False
PENGU,-8.504612419999999,False
JTO,-7.423021060000001,False
ALT,-7.05493243,False
MOVE,-6.945812029999999,False
kSHIB,-6.64124581,False
INIT,-6.423004279999999,False
SAND,-5.67898682,False
NOT,-4.64926123,False
BANANA,-4.408618189999998,False
CAKE,-4.306421109999999,False
DASH,-4.188592539999998,False
PYTH,-4.09983403,False
PROVE,-3.18550611,False
2Z,-3.03030446,False
SEI,-2.8220493299999996,False
GALA,-1.8756926599999995,False
SOL,-1.4671926899999999,False
BLAST,-1.3988245399999988,False
BABY,-1.0493728099999997,False
MEGA,-0.9470136699999983,False
SUI,-0.7586086999999999,False
ADA,-0.5204016699999998,False
STX,-0.3698501199999995,False
