coin,fundingRate_avg_5d,isNew
XAI,-260.21937335,False
TURBO,-229.61288235,False
RESOLV,-202.57550005000002,False
REZ,-184.27888079000002,False
DOOD,-138.86734082000004,False
TRUMP,-136.50753916999997,False
BLAST,-129.32024387,False
VVV,-103.4586076,False
NEO,-73.25391298000001,False
POLYX,-66.25768496,False
WIF,-65.72240369999999,False
COMP,-64.60219242000001,False
SOPH,-52.95906691,False
DYM,-51.42706628,False
MOODENG,-50.28133639,False
GAS,-48.26297253,False
DOT,-47.48275875,False
ACE,-41.00047847000001,False
GRASS,-37.49958024,False
ZETA,-35.10679354,False
YGG,-33.39407849,False
POL,-31.31639994,False
UMA,-30.24707112,False
BANANA,-29.975932330000006,False
STRK,-29.293790399999992,False
TAO,-27.771008209999998,False
ZORA,-27.770709639999996,False
MEME,-27.466942040000006,False
ZRO,-27.27362125,False
ALT,-26.338652579999998,False
BLUR,-24.56319768,False
kLUNC,-22.85745559,False
ANIME,-21.502106199999997,False
JTO,-21.02148296,False
APT,-16.095767079999998,False
HYPER,-15.041503999999998,False
kNEIRO,-14.88609138,False
EIGEN,-14.76180231,False
LAYER,-14.265290620000002,False
MERL,-13.841860689999999,False
kPEPE,-13.72402263,False
ATOM,-13.197096219999997,False
kSHIB,-13.10964733,False
S,-12.693431989999999,False
SEI,-12.00950813,False
OP,-11.034125930000002,False
ME,-10.075378969999997,False
KAITO,-9.684747940000001,False
HBAR,-9.480423859999998,False
MEW,-8.8889837,False
SCR,-8.604403419999997,False
MORPHO,-8.29868453,False
TIA,-8.07520744,False
SUI,-8.072994079999999,False
MANTA,-7.601454229999999,False
RENDER,-7.5020034099999995,False
MELANIA,-7.3407259699999985,False
INIT,-7.292928489999999,False
ARK,-7.119886369999999,False
SOL,-6.56367674,False
kBONK,-6.49849139,False
W,-6.302433099999998,False
FIL,-6.292091920000001,False
PYTH,-6.131593389999999,False
USUAL,-5.737797809999998,False
BRETT,-5.1935550699999995,False
STX,-5.0965278499999975,False
BABY,-4.832459839999997,False
FTT,-3.9800446799999984,False
CRV,-3.9152600999999985,False
IMX,-3.784709089999999,False
PNUT,-3.7452628100000003,False
BCH,-3.4141223999999992,False
NXPC,-3.3547865399999988,False
BIGTIME,-3.341077139999998,False
BTC,-2.0453096200000003,False
HYPE,-1.9019624399999988,False
IP,-0.8833781099999991,False
AIXBT,-0.8093123099999997,False
SNX,-0.5500272599999988,False
ZEN,-0.41512325999999977,False
