coin,fundingRate_avg_5d,isNew
BLAST,-176.31596029090912,False
CHIP,-127.04398719669425,False
STABLE,-87.50830162314048,False
WLD,-44.48396994049586,False
REZ,-39.564066525619836,False
kLUNC,-38.8995684,False
kNEIRO,-36.704798181818184,False
APE,-36.50401680991735,False
TRUMP,-36.13435711735538,False
BERA,-35.37895915041323,False
MERL,-34.22575220826446,False
WLFI,-26.213462370247935,False
XAI,-23.898709110743805,False
YZY,-23.327359467768574,False
COMP,-23.162991461157027,False
BIO,-22.239158965289256,False
KAITO,-17.559040641322312,False
2Z,-17.014919395041325,False
SEI,-15.591908796694218,False
MON,-15.547140852892564,False
IMX,-13.829136892561985,False
CAKE,-12.992874714049588,False
USTC,-12.049833927272726,False
BABY,-10.110661685950413,False
ICP,-9.436219150413223,False
0G,-9.306594317355373,False
ALT,-9.112125213223141,False
STX,-8.54361496859504,False
GRIFFAIN,-7.851764647933886,False
SUI,-7.347889447933884,False
ARB,-6.607961930578512,False
AXS,-6.205613682644625,False
GAS,-4.021333021487603,False
XRP,-3.2278558413223144,False
TURBO,-2.9758299173553713,False
DYM,-2.781631576859503,False
GALA,-2.739360595041322,False
TIA,-2.2572847636363633,False
BANANA,-2.2142463768595024,False
MOVE,-1.7258380066115695,False
BTC,-1.3673455041322313,False
MINA,-1.2847857619834697,False
SUSHI,-1.143531847933884,False
STRK,-0.8372699404958668,False
APT,-0.18831755702479325,False
