coin,fundingRate_avg_5d,isNew
LAYER,-307.53956256000004,False
STABLE,-99.18788421999999,False
MOVE,-81.19540486,False
BLAST,-66.08324416,False
kLUNC,-65.15552731,False
BANANA,-53.19576941000001,False
ACE,-49.80837011999997,False
JTO,-25.458733940000002,False
NIL,-22.859708370000003,False
BLUR,-16.925463180000005,False
KAITO,-13.705260169999999,False
MERL,-13.00637788,False
MEGA,-11.917289420000008,False
CHIP,-11.772207029999999,False
GRIFFAIN,-10.957235029999998,False
SKY,-9.48487686,False
W,-8.57675394,False
ATOM,-7.09536494,False
COMP,-6.040549979999999,False
WLFI,-5.99311896,False
NOT,-5.393913789999999,False
DYM,-4.15548047,False
EIGEN,-3.9261319900000005,False
BERA,-1.476373169999999,False
