coin,fundingRate_avg_5d,isNew
LAYER,-307.53956256,False
STABLE,-124.81631322999999,False
MOVE,-82.64503594000001,False
kLUNC,-65.94590488,False
BANANA,-50.24492034000001,False
ACE,-49.416887909999964,False
BLAST,-48.21926305,False
CHIP,-30.72558028,False
SKY,-16.88584681,False
KAITO,-14.812597170000002,False
W,-11.471176200000002,False
INJ,-11.008900049999998,False
MERL,-10.15264582,False
JTO,-9.22659337,False
EIGEN,-7.747136679999999,False
BLUR,-6.037440909999999,False
WLFI,-5.9923874999999995,False
NOT,-5.182772239999999,False
COMP,-5.012831159999998,False
ATOM,-3.75535798,False
TRUMP,-3.2822719899999986,False
GRIFFAIN,-3.1307393199999987,False
ICP,-2.7375883299999986,False
BERA,-2.2860833299999994,False
DYM,-0.5469473899999991,False
