coin,fundingRate_avg_5d,isNew
YZY,-363.27370403,False
ZETA,-285.96389206999993,False
BLUR,-222.03668611999998,False
FTT,-192.64992949000003,False
SUPER,-183.14963503,False
BLAST,-146.01914132999997,False
MOVE,-140.30246972,False
COMP,-131.4049421,False
STABLE,-120.50969794000001,False
SAGA,-92.35195544000005,False
FET,-78.81767660000001,False
WLD,-74.22117247000001,False
ACE,-63.60530807000001,False
UMA,-60.46492325999999,False
MEME,-58.16409319999999,False
IP,-57.83168478,False
ALT,-54.57984138,False
kNEIRO,-49.21297117,False
BIO,-47.97590514000001,False
KAITO,-33.208752659999995,False
AXS,-33.12724669999999,False
BOME,-30.73722669999999,False
0G,-27.25470549,False
XAI,-25.428019920000004,False
kLUNC,-22.579770890000002,False
JTO,-22.29821062,False
BANANA,-21.132929870000012,False
BERA,-17.662843480000006,False
TRUMP,-16.081778820000004,False
PROVE,-15.74770454,False
2Z,-15.65932782,False
USTC,-14.892214619999997,False
DYM,-13.9401457,False
PNUT,-13.828160780000001,False
S,-13.687561319999999,False
OP,-13.35035607,False
TIA,-12.820714059999998,False
ARB,-12.011827340000002,False
SAND,-11.977195409999998,False
AERO,-11.854881719999998,False
W,-11.206376,False
USUAL,-10.883351,False
TAO,-10.53724486,False
IO,-10.46042696,False
ETH,-10.12786232,False
PYTH,-10.030977450000002,False
TURBO,-9.55747463,False
DASH,-8.70895329,False
EIGEN,-8.613202110000001,False
JUP,-8.29818594,False
GAS,-7.55934126,False
INIT,-5.489015269999999,False
ANIME,-5.451567,False
IMX,-4.258347689999999,False
TON,-4.2563306999999995,False
REZ,-3.95527578,False
BTC,-3.7496596000000006,False
STRK,-3.68172799,False
APE,-3.0814993600000005,False
LAYER,-2.4109491,False
YGG,-2.3742914199999996,False
AVNT,-2.092034,False
ENA,-1.7181199699999996,False
MANTA,-1.7019358699999994,False
ARK,-1.4345835899999988,False
APT,-1.41120534,False
SOL,-1.06433489,False
DOT,-0.9318778499999999,False
IOTA,-0.5932439899999995,False
TNSR,-0.07783113999999941,False
