coin,fundingRate_avg_5d,isNew
BLAST,-198.09068080999998,False
0G,-187.58184098,False
TNSR,-186.69705324,False
BLUR,-184.92615937999997,False
TRUMP,-163.35010053,False
STABLE,-134.80958325999998,False
YZY,-134.74357739,False
POL,-81.02928678999999,False
AXS,-76.62502159,False
REZ,-74.38839138000002,False
JTO,-73.05214244000001,False
MINA,-70.11380922000001,False
DYM,-68.19049574,False
DOT,-60.42235915000001,False
FET,-59.69532732999999,False
COMP,-58.392036430000005,False
BERA,-48.733008579999996,False
IMX,-44.12142703,False
TURBO,-43.330862579999994,False
APT,-40.21731476,False
GAS,-39.05430796,False
EIGEN,-38.2243184,False
WLFI,-35.61826731,False
NEO,-35.505690359999996,False
W,-34.29638622999999,False
SUPER,-32.05013097,False
2Z,-30.7297369,False
STX,-26.80551094,False
DASH,-26.498532069999996,False
ALT,-26.258857740000003,False
MOVE,-25.867040460000002,False
SEI,-25.483174339999998,False
BSV,-20.765182879999998,False
OP,-20.15626652,False
HYPER,-19.45414522,False
SAND,-18.852311320000002,False
IOTA,-18.12404799,False
IP,-18.08133277,False
HBAR,-16.85020091,False
STRK,-16.30818394,False
kNEIRO,-16.10717187,False
PROVE,-15.838408499999998,False
kLUNC,-15.759954669999999,False
ARK,-15.345723469999996,False
XAI,-14.70566604,False
BABY,-14.4726953,False
ZETA,-14.414401880000002,False
GMT,-14.409105,False
POLYX,-14.346806800000001,False
ICP,-13.857824330000003,False
APE,-13.10333575,False
RESOLV,-13.072902050000001,False
AVNT,-12.175236379999998,False
S,-11.41788985,False
KAITO,-10.93310123,False
IO,-10.31704912,False
ARB,-8.468978199999999,False
USTC,-8.001576719999997,False
ADA,-6.628243779999999,False
AIXBT,-5.8792440699999995,False
BANANA,-5.806732439999998,False
JUP,-5.37763333,False
MEW,-4.510816729999999,False
INJ,-4.10512726,False
XLM,-3.5255539799999998,False
kSHIB,-3.3436343299999995,False
TIA,-2.80387087,False
ANIME,-1.8266476099999995,False
SUSHI,-1.7618017099999994,False
TST,-1.7032476799999992,False
PENGU,-1.5580229399999999,False
USUAL,-1.1475439399999992,False
NOT,-1.122569179999999,False
ZEC,-0.982345669999998,False
ME,-0.4099679999999994,False
SUI,-0.31800844000000006,False
