coin,fundingRate_avg_5d,isNew
XAI,-395.65439213999997,False
TURBO,-216.74948591999998,False
BLAST,-156.75550683000003,False
RESOLV,-152.93009513,False
TRUMP,-134.75901835000002,False
DOOD,-117.55539962,False
DYM,-113.28262348000001,False
WIF,-104.82461353000001,False
VVV,-70.25118792,False
POLYX,-68.75898032,False
COMP,-67.91267672000001,False
ACE,-60.18097297,False
UMA,-55.70888712000001,False
SOPH,-53.43021621,False
MOODENG,-40.13579273999999,False
FTT,-38.77248708,False
GRASS,-36.36809046,False
DOT,-35.985199619999996,False
ZORA,-33.92651859,False
POL,-32.54549218,False
ZETA,-29.63524279,False
MEME,-29.401499709999996,False
ANIME,-25.315645910000004,False
ALT,-24.74329963,False
SEI,-24.589980649999998,False
LAYER,-24.046851889999996,False
ZRO,-22.518028950000005,False
ATOM,-21.0346215,False
kLUNC,-20.33982502,False
ARK,-19.175983829999996,False
SCR,-18.920121750000003,False
FIL,-18.30074157,False
HYPER,-17.06076503,False
BLUR,-16.909974039999998,False
NEO,-14.658594910000003,False
STRK,-14.597813649999997,False
BABY,-14.553383659999998,False
BIGTIME,-13.997445590000003,False
APT,-13.31451234,False
JTO,-13.15685716,False
BSV,-12.988950590000004,False
kPEPE,-12.83407598,False
HBAR,-10.25332231,False
kSHIB,-9.23208443,False
SUI,-8.692450910000002,False
W,-8.66453644,False
PYTH,-8.58181357,False
kNEIRO,-8.07404747,False
IP,-7.910070490000001,False
APE,-7.70275268,False
ZEN,-7.592852639999999,False
MELANIA,-7.204851799999999,False
BANANA,-7.167487479999999,False
KAS,-7.030601529999998,False
SOL,-6.810457619999999,False
OP,-6.629104449999999,False
S,-6.39041124,False
MERL,-6.34241739,False
KAITO,-6.02051075,False
STX,-6.001020479999999,False
EIGEN,-5.892718409999998,False
BCH,-5.6077088900000005,False
CRV,-5.44741111,False
BTC,-4.872703279999999,False
MORPHO,-4.7922682299999995,False
VIRTUAL,-4.537373399999998,False
YGG,-4.5344899,False
MEW,-4.388959289999999,False
IMX,-4.33414067,False
HYPE,-4.092593160000001,False
RENDER,-4.082025679999999,False
TIA,-4.01817915,False
BRETT,-3.636671659999999,False
INIT,-3.542308209999999,False
MANTA,-3.48245113,False
ARB,-3.43272791,False
GAS,-3.3391353400000003,False
MINA,-3.3149358399999986,False
SNX,-3.2658564799999996,False
CELO,-3.108883849999999,False
XRP,-3.0528921199999997,False
LTC,-3.0336390999999994,False
REZ,-2.80670473,False
SAND,-1.4635404999999997,False
GOAT,-1.4195981499999988,False
kBONK,-1.1700403499999996,False
ENA,-0.5557811199999991,False
