coin,fundingRate_avg_5d,isNew
POLYX,-551.684639692562,False
ANIME,-462.17085190413223,False
REZ,-282.29617708760327,False
BLAST,-247.15835395041321,False
STABLE,-177.39039930999996,False
AXS,-160.06003652,False
ME,-130.11991205950414,False
DOOD,-124.19043384793387,False
TRUMP,-123.07442432727272,False
RESOLV,-117.61702251570253,False
YZY,-94.59128811000002,False
BANANA,-79.24665367933885,False
NEO,-76.60394339504133,False
NXPC,-72.80155607603307,False
VVV,-72.71884285289258,False
ZETA,-71.40125776859503,False
GAS,-70.00778574545456,False
TURBO,-54.7744251966942,False
HYPER,-52.38153201322314,False
STRK,-51.362278502479334,False
0G,-45.582237330000005,False
ZORA,-45.011719398347104,False
DOT,-36.05070128925618,False
LAYER,-35.79544140495868,False
XAI,-35.41686823140496,False
TAO,-32.482439087603304,False
JTO,-32.35424988099173,False
MERL,-31.686024049586774,False
YGG,-31.283746026446277,False
MOODENG,-29.98695616859503,False
IP,-29.409746013223142,False
SOPH,-29.234810261157033,False
2Z,-28.776816810000007,False
POL,-27.71902329917356,False
MORPHO,-25.49022663471074,False
ALT,-22.7889184661157,False
BLUR,-22.404156099173555,False
EIGEN,-22.246489854545455,False
MANTA,-20.51107955702479,False
kNEIRO,-18.587521834710746,False
kLUNC,-17.64040511404959,False
WIF,-16.916473646281,False
USUAL,-16.38027621818182,False
SKY,-15.443558069999998,False
ZRO,-15.433735775206612,False
APT,-14.502481170247933,False
FET,-14.03110122644628,False
OP,-12.878216449586779,False
kSHIB,-12.252952988429751,False
GRASS,-12.072867659504132,False
MEW,-10.807452357024793,False
S,-10.550724267768592,False
TIA,-10.421282598347107,False
kPEPE,-9.115013841322313,False
PNUT,-8.800711557024792,False
MEME,-8.488813566942147,False
COMP,-8.376947642975207,False
SOL,-8.125959163636361,False
PYTH,-7.150732978512398,False
ATOM,-6.180982879338842,False
ICP,-5.98133895,False
MON,-5.929198699999999,False
UMA,-5.810005566942147,False
INIT,-5.412985715702479,False
DYM,-5.395953669421487,False
kFLOKI,-5.340867024793388,False
kBONK,-5.15186749090909,False
SEI,-4.886620482644629,False
KAITO,-4.705625127272726,False
BRETT,-4.25166310413223,False
AIXBT,-2.817587395041322,False
BNB,-2.804903494214876,False
IMX,-2.442440033057851,False
W,-2.0604533553718998,False
SAND,-2.0066966380165283,False
SYRUP,-1.7647764599999993,False
HBAR,-1.3520205719008245,False
