coin,fundingRate_avg_5d,isNew
ACE,-255.78336307438016,False
POLYX,-55.72758269752067,False
GMT,-41.08323586115702,False
ME,-27.573772363636365,False
kNEIRO,-26.92486124628099,False
kBONK,-26.569136469421487,False
W,-26.016474585123966,False
SUPER,-23.90142036694215,False
AERO,-23.409603560330584,False
ZETA,-22.739336866115696,False
TURBO,-22.663307305785125,False
NEO,-22.575589299173554,False
OP,-20.13330998677686,False
ZORA,-20.132956690909094,False
STABLE,-19.668977137190087,False
UMA,-18.809088297520663,False
S,-17.18501687603306,False
ATOM,-16.48489668099174,False
YGG,-15.317454376859505,False
SOPH,-13.369683580165287,False
TRB,-13.352005031404959,False
WCT,-12.418271563636363,False
HYPER,-11.789492519008263,False
MOODENG,-10.168369814876035,False
MET,-9.742125590082649,False
SEI,-8.536111775206612,False
GAS,-8.066459216528928,False
MERL,-8.00610788429752,False
TIA,-7.253797636363636,False
VIRTUAL,-7.092539067768595,False
XAI,-6.867722717355372,False
ZK,-6.636100353719007,False
MEME,-6.518170482644626,False
MINA,-5.533354631404958,False
POPCAT,-5.427357907438014,False
TRX,-5.042303057851238,False
AIXBT,-3.9243163834710737,False
PYTH,-3.470022783471073,False
IO,-3.0018159867768595,False
MOVE,-2.876252608264463,False
REZ,-2.3538062082644617,False
KAS,-2.2896012,False
kFLOKI,-1.939461828099172,False
ANIME,-1.1563308595041322,False
RENDER,-0.6179644264462806,False
