coin,fundingRate_avg_5d,isNew
DOOD,-477.10186964999997,False
0G,-248.32556583999994,False
REZ,-71.72769687,False
BLAST,-54.439096649999996,False
CELO,-36.74953078999999,False
KAITO,-28.961665949999997,False
APT,-27.955345620000003,False
BIO,-20.244689960000006,False
MAV,-8.203285209999999,False
2Z,-2.646682160000002,True
ME,-1.695338859999999,False
SUPER,-0.6113516399999993,False
