coin,fundingRate_avg_5d,isNew
kBONK,-155.98814177999998,False
STABLE,-57.771981,False
POLYX,-48.11312762,False
ACE,-42.88946443,False
0G,-39.638381689999996,False
SUPER,-36.11507976,False
kNEIRO,-28.05922535,False
TRB,-27.72525108,False
XAI,-24.63347405,False
TRX,-22.535770140000004,False
W,-22.38504777,False
ATOM,-21.69814989,False
MINA,-21.47680805,False
NEO,-20.047278979999998,False
OP,-18.272327049999998,False
ZETA,-17.75396281,False
WCT,-17.05321683,False
MEME,-16.88736083,False
TURBO,-16.349983009999995,False
UMA,-15.83728722,False
VIRTUAL,-14.773035550000001,False
AERO,-13.50453061,False
MET,-13.332231630000003,False
ME,-12.488735609999999,False
POPCAT,-11.597685199999999,False
S,-11.25074467,False
BCH,-11.03711966,False
MOODENG,-10.75588278,False
STRK,-10.64487095,False
GMT,-10.46009335,False
MOVE,-10.017285569999999,False
IO,-9.55679719,False
HYPER,-9.394199179999998,False
BSV,-8.861599940000003,False
TRUMP,-8.22008762,False
CELO,-7.78393233,False
GAS,-7.51533759,False
ALT,-6.17527075,False
RENDER,-6.044867930000001,False
ZK,-5.325159469999999,False
SEI,-4.868428399999999,False
AVNT,-4.65347771,False
ZORA,-4.128375569999998,False
SOPH,-4.007088259999999,False
TIA,-3.9836983299999993,False
AIXBT,-3.5500454799999996,False
PYTH,-3.4738050100000004,False
SPX,-3.3437664599999986,False
KAS,-2.1978058899999997,False
MORPHO,-1.6848451099999995,False
NOT,-1.616482799999999,False
BIO,-1.4136289399999995,False
kFLOKI,-1.3828879099999987,False
MERL,-0.7592116799999998,False
SNX,-0.6827923599999992,False
