coin,fundingRate_avg_5d,isNew
YZY,-399.59852373999996,False
0G,-205.50066845,False
TRUMP,-149.27471941000005,False
STABLE,-146.44846309,False
BIO,-121.28396952000001,False
BLAST,-120.27592128,False
DOT,-105.98014659,False
FET,-105.43904139000001,False
REZ,-76.84554218000001,False
JTO,-67.74507163999999,False
BLUR,-62.61247887000001,False
AXS,-58.128749520000014,False
BERA,-53.80310605,False
SUPER,-53.13354129,False
POL,-49.09482651,False
COMP,-45.2192806,False
TURBO,-42.24330931,False
W,-40.38447162000001,False
POLYX,-36.243899209999995,False
RESOLV,-36.12845555,False
IMX,-35.2544083,False
AVNT,-32.83443713,False
APT,-31.61883821,False
GAS,-31.611884230000005,False
EIGEN,-31.04853447,False
HYPER,-30.44065179,False
MOVE,-28.98877961,False
ZETA,-27.48279545,False
SEI,-27.195730249999997,False
2Z,-24.4858133,False
WLFI,-24.29111354,False
SAGA,-24.00923207,False
SAND,-23.71851176,False
kLUNC,-22.97477827,False
KAITO,-22.440508060000003,False
OP,-21.93907836,False
XAI,-21.893540960000003,False
kNEIRO,-20.65598875,False
APE,-20.202155050000002,False
MEW,-18.73692022,False
STX,-18.66822065000001,False
PROVE,-18.58956096,False
ARK,-18.577296959999998,False
IP,-18.523560930000002,False
NEO,-17.1363485,False
BABY,-17.104773080000005,False
BSV,-15.620755350000001,False
ME,-15.42402108,False
IOTA,-15.221071590000006,False
S,-14.76285278,False
ALT,-14.142787859999997,False
DYM,-12.5720016,False
HBAR,-11.347789409999997,False
GRIFFAIN,-10.136842780000002,False
GMT,-9.92575233,False
WCT,-8.61570017,False
USUAL,-8.44005195,False
NOT,-8.16370826,False
XLM,-7.791961599999999,False
USTC,-7.148354180000002,False
STRK,-6.95892356,False
kFLOKI,-6.95824904,False
AERO,-5.3045997499999995,False
ADA,-5.057156759999999,False
ANIME,-4.9094543999999996,False
ZEN,-4.84181187,False
BIGTIME,-4.61923122,False
INJ,-4.49693578,False
SUI,-4.35779559,False
ICP,-4.2614202599999995,False
SUSHI,-3.9437103899999997,False
ARB,-3.4350544199999997,False
KAS,-3.2720570999999996,False
CHILLGUY,-3.00830956,False
TIA,-2.9978683699999995,False
MINA,-2.6242069199999984,False
IO,-2.482240169999999,False
ETH,-2.4725574499999996,False
MORPHO,-2.23788873,False
BCH,-2.19538302,False
kSHIB,-1.8300238599999998,False
INIT,-1.782856369999999,False
MELANIA,-1.5670800499999995,False
TNSR,-1.5153172099999992,False
PYTH,-1.4280822099999997,False
BTC,-0.7986448199999999,False
PENGU,-0.08944908999999922,False
AIXBT,-0.019950899999999522,False
