coin,fundingRate_avg_5d,isNew
ALT,-291.6958315636364,False
ZORA,-172.35367111735536,False
IO,-119.47917480991734,False
CHIP,-53.730725494214866,False
0G,-49.17138729917355,False
ME,-46.959494538842975,False
TRUMP,-42.639354297520654,False
COMP,-35.870490714049595,False
JUP,-31.753606363636358,False
BCH,-28.624566218181823,False
TRX,-27.0883452892562,False
kLUNC,-23.403486763636362,False
MOVE,-23.180426757024797,False
2Z,-22.073781024793394,False
HYPER,-18.215955213223143,False
STABLE,-18.043250003305786,False
ETC,-17.451149295867765,False
S,-16.745513920661157,False
STRK,-16.701359900826446,False
HEMI,-16.568501107438017,False
STX,-16.372573933884297,False
POLYX,-15.19048360661157,False
OP,-14.992703801652894,False
MON,-14.358807758677687,False
kNEIRO,-13.248107811570248,False
MINA,-13.178626532231405,False
ADA,-12.735622472727274,False
APT,-12.561355666115704,False
INJ,-11.273279474380168,False
BSV,-11.000591533884299,False
BABY,-10.242444664462809,False
SUSHI,-10.13513538842975,False
SNX,-9.460315666115703,False
TON,-8.69287885289256,False
AXS,-8.646012852892563,False
XLM,-8.494721137190083,False
DASH,-8.123226912396692,False
SEI,-7.616486975206611,False
CRV,-7.1193620429752045,False
MEGA,-6.79460712396694,False
GMT,-6.495047702479338,False
SAND,-6.365734899173553,False
ZETA,-5.838875920661157,False
JTO,-5.691657242975206,False
AIXBT,-5.322995900826446,False
PENGU,-5.024096737190082,False
TURBO,-4.625550763636362,False
ONDO,-4.343061034710742,False
PENDLE,-3.8621927801652878,False
ATOM,-3.83476884,False
VIRTUAL,-3.672777689256198,False
PROVE,-3.5734356694214857,False
MERL,-2.8374306049586764,False
XRP,-2.767672770247934,False
BLUR,-2.323516155371901,False
DOT,-2.0114596165289256,False
ZK,-1.961975028099173,False
INIT,-1.794056687603305,False
NOT,-1.70264427768595,False
KAITO,-1.4830477289256196,False
LAYER,-0.8496852495867757,False
SAGA,-0.619678056198346,False
kBONK,-0.16493704462809855,False
