coin,fundingRate_avg_5d,isNew
ME,-276.18473340495865,False
CELO,-103.07086876363638,False
STABLE,-90.89635831735538,False
ZETA,-34.91167034380165,False
MANTA,-34.747411656198345,False
HMSTR,-25.149873847933883,False
kNEIRO,-23.16896925619835,False
ATOM,-21.87716101487603,False
MINA,-21.36565013553719,False
PYTH,-20.26355163966942,False
IOTA,-18.98594907768595,False
TRX,-17.845348571900832,False
TNSR,-17.744539071074385,False
HYPER,-15.893457679338837,False
0G,-15.647507285950415,False
DYDX,-13.270235861157026,False
TRUMP,-10.828159983471075,False
BLUR,-9.453584221487604,False
INJ,-5.682017623140494,False
GAS,-4.276047758677686,False
TIA,-4.215783302479338,False
ALT,-4.1135454148760315,False
W,-2.1799281719008254,False
PROVE,-1.907865738842974,False
POPCAT,-0.9345291074380149,False
BCH,-0.7369824198347105,False
RENDER,-0.07466415867768585,False
