coin,fundingRate_avg_5d,isNew
SUPER,-292.42023399,False
ALT,-289.26933426,False
GMT,-190.02411292000002,False
CHIP,-107.58779785,False
ME,-93.46559307,False
BLAST,-88.0259331,False
SAGA,-63.10742398000001,False
PROVE,-59.69471267000001,False
STABLE,-58.68288011000001,False
COMP,-33.09016708,False
FOGO,-28.06789848,False
PURR,-27.874128010000003,False
BCH,-23.536140969999998,False
OP,-23.050058790000005,False
MINA,-20.840948850000004,False
kSHIB,-19.451846449999998,False
TON,-19.42808203,False
TST,-17.930800199999997,False
BLUR,-17.57334621,False
ETC,-16.708219560000003,False
TRUMP,-11.633961820000001,False
DASH,-11.344328479999998,False
POL,-10.67352491,False
MEGA,-10.48901303,False
SNX,-10.0497494,False
MERL,-9.798207460000002,False
AIXBT,-9.03562829,False
SUSHI,-8.70844813,False
VVV,-8.4849287,False
ICP,-7.578298629999999,False
kLUNC,-6.14219956,False
SEI,-5.44067686,False
ADA,-5.40926569,False
SAND,-4.76797675,False
STRK,-4.630756459999998,False
NOT,-4.36006954,False
MOVE,-3.505657099999999,False
BOME,-3.49267843,False
AXS,-3.176826409999999,False
SUI,-2.92143445,False
BTC,-2.72913931,False
SOL,-2.4397198599999994,False
STX,-2.3649021599999998,False
BSV,-2.0560654399999994,False
KAITO,-1.5094085899999994,False
ZEC,-1.3026302499999993,False
XRP,-1.0700099099999998,False
UNI,-0.9059380299999997,False
MOODENG,-0.37722311999999947,False
CAKE,-0.05329656999999929,False
kFLOKI,-0.01047476999999947,False
