coin,fundingRate_avg_5d,isNew
0G,-1999.8675375599996,False
MERL,-449.39257855999995,False
RESOLV,-265.10889656000006,False
LAYER,-263.27173987,False
ARK,-250.90949793000004,False
OM,-132.11597669999998,False
BERA,-114.26041760000001,False
MELANIA,-98.91819229000001,False
BIO,-98.34029801000001,False
BSV,-87.67831805000002,False
BLAST,-87.25315437,False
DOOD,-83.11868622000001,False
MAV,-78.22298137,False
APT,-67.4018052,False
BABY,-65.09049818,False
WCT,-61.61434621999999,False
IO,-58.90964803999999,False
PROMPT,-53.797351459999994,False
MORPHO,-51.17289780000001,False
POLYX,-47.70130031,False
REZ,-45.98664711,False
MAVIA,-45.47031154,False
MINA,-42.100097909999995,False
ME,-41.802914910000005,False
WLFI,-37.0366668,False
PROVE,-36.916669399999996,False
YZY,-35.919033150000004,False
ENA,-35.909201509999995,False
MOODENG,-35.80627516,False
ZRO,-35.65767854999999,False
AVNT,-35.19344381,False
ZORA,-34.94903032,False
VVV,-34.382473669999996,False
SOPH,-33.74468435,False
YGG,-30.77563710999999,False
KAITO,-28.83102369,False
BANANA,-27.07724395,False
HYPER,-27.02597751,False
NXPC,-24.202833910000003,False
ANIME,-21.94208085,False
DYM,-20.64003825,False
SEI,-19.742266,False
IP,-19.6491545,False
ZETA,-18.96497952,False
ZEN,-18.309895769999997,False
TNSR,-18.10973999,False
STX,-17.57350754,False
ZK,-16.554053779999997,False
GAS,-14.996461539999999,False
XAI,-14.751153069999999,False
CFX,-13.655107710000001,False
JUP,-13.253343450000001,False
MANTA,-13.07437592,False
S,-12.95196076,False
ENS,-12.78412354,False
COMP,-11.94950213,False
SUSHI,-11.77802075,False
kLUNC,-11.19120222,False
SKY,-10.25117173,False
INJ,-9.848450439999999,False
BLUR,-9.84147821,False
BCH,-9.678315179999998,False
CAKE,-8.807244139999998,False
JTO,-8.535517699999998,False
FXS,-7.9508198199999995,False
AVAX,-7.8547218899999995,False
ATOM,-7.76959294,False
BIGTIME,-7.23687836,False
INIT,-6.910280739999998,False
MOVE,-6.55424952,False
ASTER,-6.332895269999999,False
ACE,-6.319265440000001,False
W,-6.121874170000001,False
PNUT,-5.479999770000001,False
GMT,-4.81055035,False
kPEPE,-3.968407750000001,False
RSR,-3.72887212,False
CELO,-3.4673788199999995,False
PENGU,-2.20069158,False
MEME,-2.0869962699999998,False
ALGO,-1.8630979699999994,False
HEMI,-1.7627258899999998,False
kBONK,-0.37497544999999993,False
