coin,fundingRate_avg_5d,isNew
DOOD,-456.97677121000004,False
0G,-287.26029469,False
REZ,-68.1988922,False
BLAST,-53.417038250000004,False
CELO,-38.92955607,False
BIO,-34.41355342,False
KAITO,-31.097751069999997,False
APT,-23.646470250000004,False
2Z,-13.807104659999997,True
SUPER,-10.50707834,False
MAV,-8.071123819999999,False
ME,-4.5728740299999995,False
GMX,-2.7577560399999994,False
PAXG,-1.186977809999998,False
