coin,fundingRate_avg_5d,isNew
BLAST,-167.60361051,False
CHIP,-80.12767693,False
IO,-67.22481378,False
STABLE,-64.11161563,False
kLUNC,-57.60701632999999,False
WIF,-54.99671591,False
COMP,-51.72785913,False
HYPER,-50.10546333,False
BABY,-34.685152110000004,False
STX,-28.54213641,False
XAI,-26.554236909999997,False
MEGA,-24.690084090000003,False
2Z,-23.03691587,False
KAITO,-18.268777059999998,False
BIO,-18.224494530000005,False
REZ,-14.988052669999998,False
APE,-11.515328789999998,False
kNEIRO,-11.51054291,False
BANANA,-11.131941549999999,False
BERA,-10.917073350000003,False
TRUMP,-10.767715350000003,False
APT,-9.391207639999998,False
FTT,-8.636607369999998,False
ARB,-6.6992669399999984,False
ATOM,-6.296415710000001,False
WLD,-5.7369276499999975,False
MINA,-5.315886279999998,False
USTC,-5.00642687,False
DYM,-4.807904099999999,False
0G,-3.8802799599999998,False
EIGEN,-3.314981829999999,False
SUI,-3.09864998,False
ORDI,-1.8240239900000004,False
BLUR,-1.0441204599999985,False
ICP,-0.5940937099999989,False
XRP,-0.4702776799999999,False
