coin,fundingRate_avg_5d,isNew
MOVE,-52.82895536000001,False
STABLE,-45.6190603338843,False
kBONK,-44.77072699,False
POLYX,-32.44121061818181,False
kNEIRO,-30.503358892561987,False
0G,-30.40881722,False
TRUMP,-27.92184738,False
SNX,-27.71894728264463,False
ALT,-21.861701280000002,False
XAI,-21.76634339504132,False
IOTA,-20.553903649586776,False
SAND,-18.888962430000003,False
BLUR,-18.481478052892562,False
BIGTIME,-17.724637943801653,False
MINA,-17.5496225553719,False
SUPER,-16.69857841983471,False
ATOM,-15.647219147107439,False
ZETA,-14.147108965289254,False
PENGU,-13.948582750413223,False
STX,-13.459247702479338,False
ANIME,-12.052186819834711,False
ME,-11.842671510743804,False
AVNT,-11.439481289256198,False
IO,-11.429928545454544,False
CELO,-10.703057771900827,False
TRX,-10.624951150413223,False
PROVE,-10.05985875371901,False
OP,-8.689975021487605,False
KAS,-8.446554892561984,False
NXPC,-7.377308459999998,False
S,-6.977756280991735,False
W,-6.81800582,False
RENDER,-5.70817816859504,False
LIT,-4.899328998347106,False
UMA,-3.1101503999999998,False
SUSHI,-2.96504611,False
MEME,-2.1474394314049587,False
TNSR,-2.081532949999999,False
YGG,-2.0080005024793386,False
HYPER,-1.9378536199999994,False
SEI,-1.8514846413223132,False
NEO,-1.8388506942148755,False
CRV,-1.3069333586776855,False
POPCAT,-0.9827449799999997,False
