coin,fundingRate_avg_5d,isNew
IOTA,-34.27201080000001,False
kNEIRO,-29.492243089999995,False
SNX,-28.911773369999995,False
STABLE,-25.177040809999998,False
POLYX,-24.1787461,False
BIGTIME,-17.924444819999998,False
ATOM,-16.864245379999996,False
XAI,-14.99700831,False
ANIME,-13.54103718,False
BLUR,-13.49150887,False
PENGU,-12.549537310000002,False
ME,-12.2466041,False
STX,-11.298094659999999,False
TRX,-11.277160449999998,False
AVNT,-9.691036890000001,False
KAS,-9.279681159999999,False
VINE,-8.203548740000011,False
PROVE,-8.109155359999999,False
OP,-7.298557519999998,False
SUPER,-7.2540735100000004,False
MINA,-5.82580004,False
NEO,-2.92980025,False
CELO,-2.7272953299999996,False
ZETA,-2.699233399999998,False
YGG,-2.478277729999999,False
ICP,-1.8384473299999995,False
IO,-1.7394637099999994,False
ADA,-1.53391177,False
RENDER,-0.42197138999999884,False
CHIP,-0.046419239999998994,False
