coin,fundingRate_avg_5d,isNew
POLYX,-141.20613088,False
BLAST,-130.35038702,False
ANIME,-108.99801258,False
IP,-106.79915987,False
kLUNC,-87.55734172,False
ZK,-67.89532023999999,False
REZ,-40.68719532,False
VVV,-34.62611993,False
GAS,-34.42764826,False
ZETA,-31.48382106,False
USTC,-27.81038149,False
XAI,-22.78392707,False
ACE,-21.829366659999998,False
MINA,-21.75841212,False
BERA,-20.005064539999996,False
TNSR,-17.31701328,False
SUPER,-13.644030690000001,False
ATOM,-13.02749897,False
MEME,-10.930679819999998,False
LAYER,-10.731032850000002,False
BSV,-9.022013059999999,False
UMA,-7.3009833099999994,False
MELANIA,-6.980495059999999,False
CELO,-6.55315379,False
SCR,-5.02891087,False
USUAL,-4.683974919999999,False
ZRO,-3.3933670400000002,False
TRUMP,-3.2783555399999993,False
FTT,-2.559091649999996,False
MANTA,-1.4870654799999987,False
DOT,-0.8391218599999997,False
