coin,fundingRate_avg_5d,isNew
SOPH,-244.19387293884296,False
MOVE,-90.97284687272727,False
TRUMP,-68.59861594710745,False
TRX,-55.752272866115696,False
STABLE,-53.776560565289245,False
CHIP,-40.61371651239669,False
ME,-38.32878924297521,False
LAYER,-37.63675503471074,False
UMA,-37.6001614016529,False
EIGEN,-32.79052756363636,False
ZORA,-31.696472340495873,False
ZEC,-31.664710462809907,False
HMSTR,-30.5928108,False
kNEIRO,-30.171723391735537,False
IO,-26.874364552066115,False
kLUNC,-26.605050297520663,False
XLM,-26.08681883305785,False
ALT,-25.774521213223142,False
BRETT,-24.95016756694215,False
TON,-22.520963821487605,False
0G,-22.183794317355375,False
IP,-19.138175434710746,False
POL,-17.73528460165289,False
MINA,-16.240775028099176,False
MOODENG,-15.80210680661157,False
GAS,-14.781297490909092,False
SEI,-13.689068112396692,False
WLD,-13.398187606611573,False
AIXBT,-12.91879407272727,False
JUP,-12.652550161983472,False
SNX,-11.886906614876034,False
ETC,-11.05689878677686,False
AVAX,-10.261669606611571,False
W,-10.216630899173554,False
ZK,-9.996299523966941,False
STRK,-9.987884132231406,False
AVNT,-9.8660325322314,False
HYPER,-8.852047328925618,False
SKR,-8.200746396694212,False
FIL,-8.044694598347105,False
2Z,-7.445939186776858,False
SAND,-6.410769262809917,False
S,-5.483024449586774,False
APT,-5.122595335537188,False
OP,-4.94036054876033,False
IOTA,-4.272619051239669,False
APE,-3.698146938842975,False
ZEN,-3.685206753719008,False
XRP,-3.41163919338843,False
XAI,-3.1935238809917355,False
TIA,-3.1668225322314045,False
MERL,-3.0015893851239666,False
NOT,-2.631014598347107,False
ADA,-2.312083993388429,False
VIRTUAL,-1.9333312760330568,False
SAGA,-1.8081139537190078,False
KAS,-1.434733071074379,False
PNUT,-1.3407520264462802,False
ALGO,-0.7780653719008259,False
JTO,-0.07010678677685869,False
KAITO,-0.03554098512396696,False
