coin,fundingRate_avg_5d,isNew
SOPH,-95.28693942000004,False
TRUMP,-88.07669219000002,False
MOVE,-51.35096743,False
BRETT,-38.21070244,False
TRX,-37.42119211,False
kNEIRO,-33.035577679999996,False
STABLE,-29.469186039999997,False
LAYER,-28.277855969999997,False
EIGEN,-23.98658309,False
ME,-23.585872220000002,False
UMA,-20.582418620000006,False
GAS,-19.535800100000007,False
IO,-19.11886571,False
XLM,-18.8181663,False
MINA,-15.437858229999998,False
HYPER,-14.729358190000003,False
IP,-11.887901809999999,False
MOODENG,-10.68899434,False
0G,-10.53472417,False
CHIP,-10.051551769999998,False
AVAX,-9.964209460000001,False
ZORA,-9.31051563,False
XAI,-8.53159249,False
SKR,-8.41861769,False
ALT,-7.58418608,False
2Z,-5.880884379999999,False
NOT,-5.41551084,False
POLYX,-5.258611940000001,False
ADA,-4.908136019999999,False
KAITO,-4.71236754,False
ETC,-3.976780119999999,False
BABY,-3.518337929999998,False
SEI,-2.9383011,False
kLUNC,-2.8923476,False
IOTA,-2.2781569899999994,False
DOT,-2.07335403,False
OP,-1.4364304899999996,False
ORDI,-1.3449432399999999,False
RENDER,-1.0396221999999993,False
BNB,-0.9993335,False
AIXBT,-0.2128103299999997,False
APE,-0.05542305999999914,False
