coin,fundingRate_avg_5d,isNew
JTO,-122.14255797024796,False
BLAST,-101.79708729917357,False
kLUNC,-75.10622737190081,False
IO,-68.19095957355374,False
HYPER,-52.30547639008264,False
ACE,-51.17041350743801,False
WIF,-50.232189996694224,False
COMP,-43.64420231404958,False
STABLE,-42.674287874380155,False
MEGA,-31.6741864661157,False
CHIP,-31.436457441322307,False
NIL,-30.567671047933878,False
STX,-29.456390479338843,False
BLUR,-26.833663854545463,False
XAI,-17.93624841322314,False
KAITO,-16.358748337190082,False
BANANA,-14.678833725619837,False
BABY,-13.738689530578515,False
ATOM,-10.590837828099174,False
DYM,-8.643032280991735,False
FTT,-7.79285835371901,False
2Z,-7.3830532462809915,False
S,-3.4130958148760326,False
ORDI,-2.9683296198347104,False
EIGEN,-2.9592959603305764,False
YZY,-1.6333121355371902,False
APT,-1.4761237090909078,False
MERL,-1.37744629090909,False
NOT,-1.3676350909090902,False
GRIFFAIN,-1.2981364363636354,False
kNEIRO,-1.1175392628099163,False
PURR,-0.14700148760330622,False
