coin,fundingRate_avg_5d,isNew
HYPER,-349.44591774,False
STABLE,-249.47400476000004,False
YZY,-226.91662516000002,False
BLAST,-172.59533445000002,False
SKR,-171.73986789000003,False
CHIP,-132.86040369000003,True
0G,-96.22439666,False
APE,-85.6089834,False
AXS,-84.54638664,False
TRUMP,-65.56572745,False
BIO,-49.663470229999994,False
kNEIRO,-41.36550329,False
COMP,-34.73506586,False
kLUNC,-34.5999341,False
2Z,-31.679835550000004,False
AZTEC,-31.510299619999998,False
REZ,-30.744790230000003,False
TRX,-26.518880089999996,False
MORPHO,-26.191129070000002,False
BANANA,-22.45248663,False
INJ,-20.542884009999998,False
MINA,-20.16045964,False
BERA,-19.538398899999997,False
ALT,-18.62554412,False
BLUR,-17.78612077,False
CAKE,-15.995516910000003,False
STRK,-15.629275180000002,False
WLD,-15.44309014,False
AVNT,-14.655084339999998,False
EIGEN,-13.88970489,False
POL,-13.20938358,False
JTO,-11.635476570000002,False
MOVE,-10.908403139999999,False
KAITO,-10.2432432,False
BABY,-10.168992709999998,False
DYM,-9.41388436,False
JUP,-9.200574709999998,False
WLFI,-8.97562521,False
NOT,-8.535662969999999,False
MON,-8.3649459,False
PROVE,-8.33266603,False
PNUT,-8.167757569999997,False
XAI,-7.808209939999999,False
TIA,-7.73216657,False
S,-7.647820179999999,False
TST,-7.571268729999998,False
USTC,-7.320480880000001,False
W,-6.894433900000002,False
ZK,-6.486588009999999,False
SUI,-6.3661620999999995,False
FET,-5.554216679999999,False
AERO,-5.1434339999999965,False
DOT,-3.461116149999999,False
SOL,-3.40386225,False
IMX,-3.3087950799999994,False
TAO,-2.14276754,False
ICP,-1.5493468899999996,False
ACE,-1.53849252,False
PEOPLE,-1.3865320699999997,False
SNX,-0.863801699999999,False
UMA,-0.7658203699999999,False
USUAL,-0.7443539899999978,False
ETH,-0.3984610099999999,False
ENA,-0.29358628999999986,False
ETC,-0.058475919999999605,False
ADA,-0.018724499999999703,False
