coin,fundingRate_avg_5d,isNew
AVNT,-346.09846643305787,False
ANIME,-338.7641202347107,False
GMT,-334.15362291570244,False
HYPER,-299.8432802380165,False
POLYX,-257.11620793388425,False
BERA,-234.16210410247936,False
BLUR,-199.70954246280994,False
IP,-154.0553798677686,False
VVV,-148.6539776231405,False
BLAST,-139.68919416198347,False
MOVE,-108.58331378181819,False
0G,-88.0734989950413,False
ME,-57.441115438016524,False
REZ,-57.24392421818183,False
TNSR,-40.75865469421487,False
ZETA,-37.128020568595026,False
ZORA,-28.094005596694213,False
FTT,-20.278368347107435,False
MEW,-19.663800049586776,False
CELO,-19.101875008264468,False
FOGO,-18.133684333884304,False
AR,-17.75307319338844,False
IO,-16.874180221487606,False
MEME,-15.740236591735536,False
XAI,-14.685586165289259,False
kLUNC,-14.276538327272727,False
TRUMP,-11.828647547107437,False
ATOM,-11.08087078016529,False
GMX,-10.673366439669422,False
WCT,-9.822577140495868,False
ACE,-9.785133570247933,False
PROVE,-9.386901074380166,False
BSV,-9.138807738842974,False
SCR,-7.156099021487604,False
NOT,-6.2260063834710735,False
USTC,-6.1649687305785115,False
SUPER,-4.988363900826447,False
SKY,-4.636610806611568,False
2Z,-4.333862310743801,False
FET,-3.047480201652892,False
SAND,-2.920511603305784,False
BIO,-2.661610165289256,False
ZEC,-2.643474793388429,False
ZEREBRO,-2.332521580165285,False
APT,-1.8590240330578514,False
IMX,-1.7696561057851237,False
BABY,-1.7375213851239653,False
STX,-1.6776384595041314,False
TRX,-1.4855903008264462,False
BCH,-1.0375228165289254,False
ETC,-0.8620245421487597,False
TURBO,-0.8157514710743796,False
MELANIA,-0.638972499173553,False
SOPH,-0.2953357983471069,False
