coin,fundingRate_avg_5d,isNew
BLAST,-168.22205555999997,False
CHIP,-79.68808188000001,False
STABLE,-66.09830406000002,False
WIF,-54.53310167,False
kLUNC,-53.34788535,False
IO,-52.77838899,False
COMP,-47.417398930000004,False
HYPER,-36.3933397,False
XAI,-30.443078310000004,False
BABY,-30.04503413,False
STX,-28.50117757,False
2Z,-28.31468009,False
KAITO,-18.12342384,False
BIO,-17.380755420000003,False
WLD,-16.992283000000008,False
MEGA,-16.069515550000002,False
REZ,-15.1542963,False
BERA,-13.97967155,False
kNEIRO,-13.28796954,False
TRUMP,-13.184520510000002,False
APE,-9.66562194,False
APT,-9.281109769999999,False
FTT,-8.636607369999998,False
ARB,-7.4545191,False
0G,-7.00192275,False
MINA,-5.805757159999999,False
USTC,-5.216644239999999,False
ICP,-4.957370139999998,False
ATOM,-4.64301243,False
MERL,-3.386978809999999,False
DYM,-3.32524052,False
SUI,-3.23800917,False
BANANA,-2.8771687099999994,False
IMX,-1.9883747299999988,False
WLFI,-1.9816455899999987,False
ORDI,-1.6203474199999994,False
TIA,-1.26186997,False
SEI,-1.2510812999999998,False
SCR,-0.7173491000000002,False
CAKE,-0.5551131699999996,False
EIGEN,-0.5511609499999981,False
XRP,-0.051505149999999965,False
