coin,fundingRate_avg_5d,isNew
BLAST,-248.77508597,False
CHIP,-197.35369033,False
0G,-131.48684153000002,False
YZY,-70.02640923999999,False
STABLE,-67.31136988,False
BERA,-64.0239857,False
kLUNC,-63.54750813,False
APE,-62.197666590000004,False
WLD,-48.513712930000004,False
TRUMP,-48.39196499,False
kNEIRO,-47.72044601999999,False
REZ,-39.700669669999996,False
MERL,-28.891980150000002,False
COMP,-24.049901100000003,False
BIO,-22.41228188,False
MON,-19.401147220000002,False
WLFI,-19.3880043,False
CAKE,-18.29244585,False
STX,-18.163051890000002,False
BANANA,-17.412561519999997,False
KAITO,-15.838464709999998,False
AXS,-15.63221197,False
SEI,-14.36909808,False
2Z,-13.553961099999997,False
XAI,-13.11835185,False
TST,-11.064134769999999,False
IMX,-10.80159392,False
MOVE,-10.776307450000001,False
SUI,-9.80779017,False
ALT,-9.631777679999999,False
DYM,-7.564243939999999,False
STRK,-7.377578560000001,False
HYPER,-6.830165430000001,False
ARB,-5.10260072,False
FET,-5.035568469999998,False
INJ,-4.9681099,False
TIA,-3.706848019999999,False
TRX,-3.5189445599999982,False
MANTA,-2.9828143099999993,False
GAS,-2.6625801,False
AVNT,-2.40256651,False
XRP,-2.17881421,False
POL,-2.145978809999999,False
GRIFFAIN,-2.0734051299999994,False
BTC,-1.9822281300000002,False
ADA,-1.5263803599999997,False
TURBO,-1.3744293999999992,False
JTO,-0.9684231099999994,False
ZEN,-0.4780047299999996,False
POLYX,-0.2000564999999999,False
PYTH,-0.16627939999999997,False
GALA,-0.11594370999999953,False
USTC,-0.09414882999999803,False
