coin,fundingRate_avg_5d,isNew
YZY,-355.86020070999996,False
PROVE,-317.59000764999996,False
OM,-223.05612236000002,False
BLAST,-194.55108382,False
ME,-172.8563058,False
ZORA,-170.27221019,False
REZ,-164.86662808,False
APT,-143.89498952,False
IP,-135.01576445999999,False
0G,-119.01863863,False
ATOM,-117.15727733000003,False
AVNT,-97.79719626,False
TRUMP,-91.00813932,False
MOODENG,-89.47559995,False
VVV,-87.12634096000001,False
IO,-80.04112156,False
DOOD,-78.86042978,False
KAITO,-74.62264546,False
VINE,-73.48615883,False
BIO,-68.82956693999999,False
GRASS,-67.62081834,False
SOL,-63.12572727,False
BERA,-62.460144660000005,False
ZETA,-60.298232139999996,False
INIT,-54.45224906,False
HYPER,-51.52221229,False
USUAL,-50.03002220999999,False
SYRUP,-47.69768535000001,False
RESOLV,-44.52427314999999,False
PURR,-44.46224140000002,False
ASTER,-43.90085971999999,False
DYM,-40.21077177,False
SAGA,-37.59194057,False
TURBO,-36.86572853999999,False
IOTA,-35.926860940000005,False
FARTCOIN,-35.65579003999998,False
kFLOKI,-35.00803695,False
AI16Z,-34.08066539,False
PENGU,-32.062657769999994,False
XPL,-27.239289349999996,False
APEX,-26.8631605,False
ONDO,-26.403600679999993,False
ALGO,-25.590014950000008,False
MELANIA,-24.867197420000007,False
MORPHO,-23.77902803,False
STBL,-23.037402779999997,False
STX,-21.56078287,False
SPX,-21.10519863,False
SKY,-20.95849418,False
AR,-18.749377669999994,False
AVAX,-18.731829200000004,False
MEW,-17.47724171,False
S,-17.088630589999998,False
ANIME,-16.7137004,False
EIGEN,-15.923919970000002,False
PUMP,-13.193547690000003,False
SAND,-12.74772282,False
HYPE,-12.71244849,False
DOGE,-11.80971443,False
LAYER,-11.31135,False
BABY,-10.930328689999998,False
RENDER,-10.479123719999997,False
CELO,-9.89404551,False
XRP,-9.88639876,False
W,-9.857986429999999,False
STRK,-8.243887079999997,False
PNUT,-8.07002079,False
WLFI,-8.06775049,False
GOAT,-6.126049769999999,False
NOT,-6.03263751,False
TAO,-5.48631573,False
kPEPE,-5.45837644,False
GMX,-4.891146729999999,False
AIXBT,-4.355650849999999,False
POPCAT,-3.7308978699999997,False
CRV,-3.544344909999999,False
MON,-3.4718493399999995,True
MERL,-3.4457131499999996,False
HBAR,-3.085638459999999,False
2Z,-2.7183805699999986,False
kNEIRO,-2.614804519999999,False
LINEA,-2.5772715699999984,False
ETH,-1.6653154199999993,False
INJ,-1.0931757299999991,False
WCT,-0.32159492999999845,False
