coin,fundingRate_avg_5d,isNew
YZY,-507.31882477685957,False
ZETA,-291.72685065123966,False
BLUR,-279.5441072528926,False
FTT,-194.0999309454546,False
MOVE,-132.00746256198346,False
BLAST,-130.24746851900827,False
COMP,-129.8050769355372,False
BIO,-112.46805016859507,False
SUPER,-104.72363027107437,False
SAGA,-101.32440059504137,False
STABLE,-91.25007915371901,False
ALT,-86.48096429752067,False
FET,-82.85438366280991,False
ACE,-63.39575874049587,False
WLD,-46.00106366280992,False
IP,-37.25374611570248,False
MEME,-35.63746385454546,False
kLUNC,-35.02307365289256,False
0G,-33.893916892561975,False
XAI,-33.878918469421485,False
kNEIRO,-29.552161894214873,False
KAITO,-29.348498409917354,False
AXS,-26.430913080991736,False
BERA,-24.14349826115702,False
TURBO,-22.628816796694213,False
BOME,-21.73762145454545,False
W,-20.377372274380168,False
TRUMP,-20.340111143801654,False
OP,-20.17016207603306,False
BANANA,-18.30368118347108,False
JTO,-17.982483838016527,False
PROVE,-16.752892591735538,False
TIA,-16.14868498512397,False
S,-16.042007732231404,False
AERO,-15.80208291570248,False
UMA,-15.217793087603312,False
IO,-15.165430006611567,False
EIGEN,-14.386152714049587,False
USUAL,-13.128278975206614,False
ETH,-12.815190059504133,False
DYM,-12.515050016528924,False
SAND,-12.402195877685951,False
ANIME,-12.085989560330578,False
AVNT,-9.946284267768595,False
APE,-9.827392968595042,False
DOT,-9.42335860165289,False
INIT,-8.951751332231405,False
ARB,-7.227595824793388,False
TAO,-7.115770442975205,False
GAS,-7.108536565289257,False
PNUT,-7.025805242975205,False
WCT,-5.947704803305789,False
2Z,-5.672294747107438,False
DASH,-5.599195080991734,False
USTC,-5.256629127272725,False
PYTH,-5.026311352066115,False
STRK,-4.665762783471074,False
BTC,-4.375850945454546,False
RESOLV,-3.1798206347107443,False
YGG,-2.7332611735537187,False
REZ,-2.3416138809917357,False
MOODENG,-2.3154641950413213,False
LAYER,-1.863310641322314,False
ARK,-1.5694698347107428,False
IOTA,-1.3929015371900817,False
MEW,-1.1720930677685935,False
SOL,-0.8864475669421484,False
SUI,-0.8698636561983473,False
APT,-0.6603201123966942,False
TNSR,-0.6093108495867757,False
ENA,-0.46707161652892415,False
SPX,-0.40336324958677583,False
IMX,-0.35028199338842914,False
TON,-0.2762353785123953,False
MANTA,-0.02105440661156863,False
