coin,fundingRate_avg_5d,isNew
VINE,-64.30464734000002,False
BLUR,-44.426969989999996,False
IOTA,-37.549817380000015,False
SNX,-33.678964640000004,False
kNEIRO,-32.97640169,False
STABLE,-28.3312562,False
ATOM,-19.23945003,False
POLYX,-18.19894891,False
0G,-16.41584434000001,False
TRUMP,-15.632041879999997,False
UMA,-13.762660800000003,False
STX,-12.688785539999998,False
AVNT,-11.31564532,False
ME,-10.7713471,False
KAS,-9.62667352,False
BIGTIME,-8.30518226,False
OP,-7.7154371600000005,False
PENGU,-6.69476211,False
ANIME,-6.407764799999999,False
CHIP,-6.148019119999998,False
HYPER,-5.9697969199999985,False
XAI,-5.691455949999999,False
CELO,-5.22822277,False
NXPC,-5.113683579999999,False
MINA,-4.9503986399999995,False
TRX,-4.760216120000001,False
BIO,-3.358436539999997,False
W,-3.0283144799999984,False
FIL,-2.0161556099999984,False
PROVE,-1.7298985199999994,False
ADA,-1.6172127999999997,False
