coin,fundingRate_avg_5d,isNew
BLAST,-181.29280080991737,False
JTO,-104.57898751,False
CHIP,-78.31780119669423,False
IO,-66.63628834710744,False
kLUNC,-59.42864287933884,False
STABLE,-59.21688761652891,False
WIF,-54.13904791735538,False
COMP,-51.881478634710746,False
HYPER,-51.5483213553719,False
BABY,-36.21501210247934,False
STX,-29.578003170247932,False
MEGA,-29.079485325619835,False
XAI,-23.70073528264463,False
2Z,-20.831114211570252,False
KAITO,-17.700451656198346,False
REZ,-17.25782116363637,False
BIO,-16.996380773553724,False
BANANA,-12.773960866115702,False
BLUR,-12.76673350413223,False
kNEIRO,-10.69802837355372,False
APE,-10.136721600000001,False
APT,-8.815612244628099,False
FTT,-8.47473458181818,False
BERA,-8.163756029752065,False
ATOM,-7.865945712396694,False
ARB,-7.320088393388428,False
NIL,-6.933731851239665,False
USTC,-5.515790469421488,False
TRUMP,-5.4750094115702455,False
DYM,-5.428289652892561,False
MINA,-4.993813199999999,False
WLD,-4.721228062809914,False
EIGEN,-3.9329062512396686,False
SUI,-2.4106115504132233,False
S,-1.8235901950413211,False
ORDI,-1.702069447933884,False
0G,-0.860445570247933,False
MAV,-0.8589158280991726,False
XRP,-0.2973267074380163,False
TIA,-0.2770889355371901,False
