coin,fundingRate_avg_5d,isNew
MOVE,-346.11776666776865,False
STABLE,-329.89897272396695,False
LAYER,-159.93671981,False
BABY,-91.05857137000004,False
ME,-76.2843612198347,False
ZEC,-70.85137157355372,False
ZORA,-56.945529750000006,False
AVNT,-55.0761485553719,False
IO,-50.52542411900825,False
kNEIRO,-47.27575732561983,False
SNX,-45.760674783471075,False
MERL,-44.2174277553719,False
TRUMP,-42.79370960000001,False
AIXBT,-41.4905866,False
ZK,-41.04542523966941,False
UMA,-40.064127867768605,False
HMSTR,-39.265887709090904,False
NIL,-38.980848059999985,False
kLUNC,-38.78798554710744,False
S,-37.55539093,False
TRX,-35.440853980165286,False
PROVE,-34.49580780495868,False
SEI,-32.122226439669426,False
W,-26.913204654545453,False
SAGA,-26.755565196694217,False
ALT,-26.549667550413226,False
VIRTUAL,-25.65472361,False
HYPER,-24.61616867,False
JUP,-23.045394614876034,False
AERO,-21.073984125619837,False
WLD,-21.04468156363636,False
JTO,-20.99792705454546,False
POPCAT,-20.877787636363642,False
CHIP,-20.146019226446278,False
BSV,-18.206351791735543,False
STRK,-18.051904304132233,False
0G,-16.73071676033058,False
GMT,-16.609691930578517,False
MOODENG,-15.304894274380164,False
MORPHO,-14.44876298,False
AVAX,-13.485686975206608,False
SOL,-13.278966902479338,False
ADA,-13.25356724628099,False
APT,-13.092206598347108,False
IP,-12.95564069,False
POL,-12.793465259504131,False
OP,-12.701839279338841,False
ETC,-12.081986747107438,False
TURBO,-11.788048204958677,False
2Z,-11.716584704132234,False
ICP,-11.433969004958676,False
ATOM,-9.837442353719007,False
PYTH,-8.83113554380165,False
INJ,-8.52147171570248,False
MINA,-8.26589835371901,False
STX,-7.8503768033057835,False
kSHIB,-7.79785589752066,False
FIL,-7.0338803702479336,False
PNUT,-6.362157054545455,False
COMP,-6.335327563636365,False
SUSHI,-6.186765203305786,False
WIF,-6.039195401652892,False
TON,-5.9723479140495845,False
XLM,-5.956706608264463,False
BIO,-5.6297965,False
ZEN,-5.048309087603304,False
XAI,-4.751368978512395,False
MON,-4.5586308793388435,False
EIGEN,-3.5712217785123963,False
CAKE,-3.4729157553718992,False
KAITO,-2.5987576599999995,False
XRP,-2.3915328495867767,False
SAND,-2.3372939702479343,False
MELANIA,-2.2967296499999996,False
ALGO,-1.9803731999999998,False
MEGA,-1.5366241785123957,False
ARB,-1.4004336892561984,False
NEO,-1.1177694842975203,False
kBONK,-0.760882740495867,False
TAO,-0.5424257157024792,False
