coin,fundingRate_avg_5d,isNew
ACE,-154.67750927,False
VVV,-113.32802145000001,False
LAYER,-109.47284691999998,False
STABLE,-69.69572727,False
CHIP,-63.93725221,False
TRUMP,-51.16757755999999,False
AXS,-50.597136580000004,False
KAITO,-46.277119219999996,False
0G,-44.13331727,False
RESOLV,-41.44264385,False
BLUR,-40.11692881,False
MINA,-36.69104319,False
kLUNC,-34.127121859999995,False
ATOM,-32.471688449999995,False
ANIME,-31.21691261999999,False
GAS,-29.919315719999997,False
S,-29.29633883,False
ADA,-28.253902479999997,False
BABY,-24.612261710000002,False
AVNT,-22.4605086,False
kSHIB,-22.37111426,False
HYPER,-20.433814710000004,False
RSR,-18.81186859,False
PROVE,-18.45711633,False
USUAL,-15.77652348,False
INIT,-15.228186899999999,False
YGG,-15.119973159999999,False
ARK,-11.93858133,False
ICP,-11.5368616,False
DOT,-10.15341086,False
AVAX,-9.342902809999998,False
MEME,-9.04143033,False
IP,-8.22947396,False
BIGTIME,-5.96484533,False
SUSHI,-5.87937839,False
BIO,-5.138881719999998,False
TRX,-5.027768419999999,False
BERA,-5.013725409999999,False
BCH,-4.969288120000001,False
SUI,-4.52790895,False
OP,-4.103126329999999,False
MORPHO,-4.054051349999999,False
ARB,-2.98345014,False
ZORA,-1.8255898399999986,False
WIF,-0.9945330199999995,False
VIRTUAL,-0.5142375499999995,False
CRV,-0.5043986099999999,False
APT,-0.09400136999999979,False
