coin,fundingRate_avg_5d,isNew
ALT,-362.5616846479339,False
SUPER,-294.05518697851244,False
GMT,-190.2214916231405,False
CHIP,-102.59753048925617,False
ME,-97.89369138842976,False
BLAST,-88.36208597355372,False
SAGA,-58.558254347107436,False
STABLE,-54.240092707438016,False
COMP,-36.79954301157024,False
FOGO,-28.13648073719008,False
BCH,-25.1902422446281,False
OP,-23.253927500826446,False
TON,-22.79093471404958,False
MINA,-21.335386145454546,False
PURR,-20.722757355371904,False
ETC,-20.06806536198347,False
kSHIB,-19.480637861157025,False
BLUR,-16.21994505123967,False
TST,-14.401864968595042,False
TRUMP,-14.167218595041321,False
MEGA,-12.50687063801653,False
DASH,-11.201906469421488,False
VVV,-10.977180614876033,False
SUSHI,-9.982160449586779,False
AIXBT,-9.272955193388432,False
POL,-9.219058750413225,False
SNX,-8.634610373553718,False
SEI,-8.47725760661157,False
MERL,-7.2696778512396705,False
MOVE,-7.2236958148760335,False
ADA,-6.5982332628099165,False
SAND,-6.374088753719008,False
kLUNC,-6.184554932231406,False
STRK,-5.982226442975205,False
STX,-4.476247061157025,False
0G,-4.241182234710742,False
PROVE,-4.147766608264464,False
BTC,-3.6953075404958677,False
AXS,-3.668139233057849,False
SOL,-3.13769734214876,False
BOME,-3.0394550280991726,False
NOT,-2.978586059504132,False
ICP,-2.040642723966941,False
BSV,-1.9808372628099165,False
KAITO,-1.9093397355371893,False
SUI,-1.786008347107438,False
MOODENG,-1.6837024066115693,False
SPX,-1.4311262677685936,False
PNUT,-0.8710133157024793,False
JUP,-0.8304335206611573,False
UNI,-0.8079550710743794,False
HYPER,-0.5617534611570236,False
ZEC,-0.5077643504132223,False
XRP,-0.4106984826446281,False
W,-0.08424296528925625,False
kNEIRO,-0.07756002644628092,False
