coin,fundingRate_avg_5d,isNew
ANIME,-263.46893038999997,False
AVNT,-240.58671758000003,False
BABY,-160.61040907,False
BLAST,-159.68525378999996,False
IP,-123.87280794000002,False
POLYX,-119.60904146,False
0G,-115.23390764000001,False
ZK,-85.72449859999999,False
kLUNC,-64.85180131999999,False
BERA,-60.57449918,False
TNSR,-54.016733980000005,False
GAS,-47.07026422,False
VVV,-40.23552461,False
REZ,-36.922225430000005,False
SOPH,-34.53615035,False
ACE,-31.768345859999997,False
XAI,-28.00971018,False
FTT,-27.944171509999997,False
ZETA,-27.564956220000003,False
WCT,-25.905247929999994,False
CELO,-22.435295129999997,False
ATOM,-18.242421139999998,False
MINA,-17.572448310000002,False
USTC,-15.57186725,False
TRUMP,-14.45156034,False
BSV,-14.102710859999998,False
KAITO,-12.276306340000003,False
SCR,-12.16767504,False
ZORA,-11.98055414,False
USUAL,-11.06361282,False
SUPER,-10.12197487,False
LAYER,-9.824899180000001,False
PROVE,-6.53950352,False
ARK,-5.331208249999998,False
2Z,-4.525399940000001,False
ZRO,-4.051387579999998,False
STRK,-3.6891557399999986,False
DOOD,-3.1713747699999963,False
SKY,-2.7949086599999986,False
HYPER,-1.24963298,False
GMT,-0.8600575299999988,False
