coin,fundingRate_avg_5d,isNew
BLAST,-178.02407508000002,False
CHIP,-170.53016372000002,False
STABLE,-72.14638837000001,False
APE,-60.71659732999999,False
BERA,-57.064390540000005,False
WLD,-56.74284598,False
kLUNC,-53.322624430000005,False
0G,-49.84733533000001,False
TRUMP,-46.75565028,False
kNEIRO,-39.57703687,False
REZ,-37.17454189999999,False
MERL,-33.444079110000004,False
COMP,-24.83198879,False
BIO,-22.0547235,False
WLFI,-20.599975850000003,False
CAKE,-20.185927149999998,False
MON,-19.65758235,False
SEI,-18.094181499999998,False
XAI,-17.88023456,False
KAITO,-17.51485058,False
AXS,-15.183527690000002,False
STX,-14.792836070000002,False
IMX,-13.120361539999998,False
TST,-12.47492912,False
2Z,-12.190177289999998,False
ALT,-10.30982577,False
BANANA,-9.805666599999999,False
SUI,-8.41327044,False
MOVE,-7.76920823,False
GRIFFAIN,-6.590770689999999,False
DYM,-5.254610809999999,False
ARB,-3.6897463099999994,False
TIA,-3.45748294,False
BTC,-3.3591424500000007,False
XRP,-3.2447032700000005,False
TURBO,-3.0123836899999996,False
GAS,-2.47068792,False
STRK,-2.44549051,False
INJ,-2.118111789999999,False
USTC,-2.007562779999998,False
ICP,-1.2356410699999987,False
FET,-1.228035199999998,False
GALA,-0.6953505499999999,False
ZEN,-0.6003833899999996,False
POLYX,-0.4806962399999999,False
SAND,-0.43648816999999945,False
MANTA,-0.3982806999999998,False
