coin,fundingRate_avg_5d,isNew
YZY,-425.24412016,False
0G,-202.41397368,False
STABLE,-149.88814279000002,False
BIO,-132.45902487,False
BLAST,-128.63171517,False
TRUMP,-120.77356739000001,False
FET,-105.67643228000001,False
DOT,-104.70270134,False
BLUR,-84.21457097999999,False
REZ,-76.99019241000002,False
JTO,-62.56266294,False
AXS,-50.29277038000001,False
ALT,-49.84736745,False
SUPER,-48.89558104,False
BERA,-47.15100440999999,False
TURBO,-42.311080319999995,False
POL,-41.05915587,False
COMP,-41.02363406999999,False
SAGA,-36.901062,False
AVNT,-36.44113645000001,False
POLYX,-34.90871461,False
W,-32.010321880000006,False
IMX,-31.442730819999998,False
RESOLV,-30.133063370000002,False
kLUNC,-29.875190870000004,False
APT,-28.839313569999995,False
EIGEN,-27.31744899000001,False
HYPER,-25.700325249999995,False
kNEIRO,-24.503212849999997,False
WLFI,-23.68181539,False
MOVE,-23.489036990000002,False
ZETA,-23.29779524,False
SEI,-23.180257210000004,False
GAS,-22.953911220000002,False
XAI,-22.411881840000003,False
2Z,-21.424624,False
APE,-20.31277341,False
MEW,-19.71409603,False
KAITO,-19.54468712,False
SAND,-19.35449146,False
OP,-19.329247329999998,False
PROVE,-17.25974624,False
IP,-17.160631220000006,False
S,-15.640482139999998,False
ARK,-14.79473699,False
BABY,-14.794698300000004,False
ME,-14.490544530000005,False
STX,-13.768017540000006,False
IOTA,-13.017925750000005,False
WCT,-12.844624479999998,False
DYM,-12.6326719,False
AERO,-12.345140959999998,False
BSV,-11.24869337,False
NEO,-10.61992101,False
ANIME,-10.272494299999998,False
IO,-7.813133060000001,False
STRK,-7.4852440699999985,False
HBAR,-7.414029649999999,False
XLM,-7.323865159999999,False
GRIFFAIN,-7.313957599999998,False
kFLOKI,-6.95824904,False
NOT,-6.51548725,False
USUAL,-5.987589209999999,False
ETH,-5.238788059999999,False
INIT,-5.04721927,False
ZEN,-4.91500313,False
INJ,-4.77250421,False
BIGTIME,-4.651402319999999,False
SUI,-4.23767774,False
GMT,-3.4119017399999985,False
TIA,-3.3796116499999993,False
MORPHO,-2.6143146899999996,False
KAS,-2.5916686299999987,False
CHILLGUY,-2.3412924999999984,False
BCH,-2.3156162099999995,False
BTC,-2.0783946799999997,False
ARB,-1.5552723000000002,False
ADA,-1.1957845299999996,False
MELANIA,-1.0905893399999995,False
ICP,-0.9942658400000001,False
SOL,-0.4454700899999997,False
kSHIB,-0.2923482099999994,False
