coin,fundingRate_avg_5d,isNew
DOOD,-460.17973819,False
0G,-284.54069502,False
REZ,-68.94532887999999,False
BLAST,-53.23974972,False
CELO,-39.1992261,False
BIO,-32.07862432999999,False
KAITO,-30.84086261,False
APT,-23.80495836,False
2Z,-12.41926954,True
SUPER,-10.227929259999998,False
MAV,-8.35737361,False
ME,-3.362821649999999,False
GMX,-1.9310755699999997,False
PAXG,-0.4684198299999987,False
