coin,fundingRate_avg_5d,isNew
BLAST,-203.04161913719008,False
CHIP,-88.26516779504132,False
STABLE,-87.4664324429752,False
YZY,-41.25826934876032,False
REZ,-39.848631143801654,False
kLUNC,-36.27428544793389,False
COMP,-33.69675535537189,False
WLD,-32.805490512396695,False
BERA,-31.592971854545457,False
APE,-31.557032687603307,False
BIO,-29.03646576198347,False
TRUMP,-27.416090915702483,False
kNEIRO,-25.347605871074382,False
XAI,-24.37625508099174,False
MERL,-21.46749346115703,False
KAITO,-21.256200089256197,False
2Z,-20.470098684297522,False
WLFI,-19.451254214876034,False
BABY,-13.547437011570247,False
IMX,-13.275046621487602,False
USTC,-12.612521305785124,False
ARB,-12.26907428429752,False
CAKE,-12.17205692231405,False
SEI,-10.366265454545454,False
ICP,-10.148677914049586,False
MON,-8.42377092892562,False
GRIFFAIN,-8.037424522314053,False
APT,-7.209154214876034,False
BANANA,-6.27967043305785,False
SUI,-5.382910680991736,False
0G,-5.173444601652891,False
ALT,-3.8638571801652892,False
MINA,-3.429188152066115,False
GAS,-3.3220533520661153,False
XRP,-2.747330747107438,False
TIA,-2.7110795504132232,False
DYM,-2.202377662809916,False
MOVE,-1.8881419834710733,False
GALA,-1.7422242743801646,False
ZETA,-1.438268925619834,False
BTC,-1.3948280132231405,False
BIGTIME,-1.1759452958677679,False
PURR,-1.0853140462809887,False
SUSHI,-0.5779160231404958,False
TURBO,-0.4507048958677677,False
STX,-0.44293745454545286,False
ATOM,-0.05825979173553668,False
