coin,fundingRate_avg_5d,isNew
POLYX,-549.4490532799999,False
ANIME,-470.6443867400001,False
REZ,-297.7362743,False
BLAST,-252.93691087,False
STABLE,-205.00557880000002,False
ME,-131.80346516,False
AXS,-130.40456835,False
BANANA,-86.86963719,False
NXPC,-79.92570199,False
NEO,-78.60768188,False
ZETA,-73.50837711,False
GAS,-70.00443770000001,False
ZORA,-57.08595328,False
RESOLV,-55.13171116000001,False
TURBO,-54.19551462999999,False
TRUMP,-53.229994000000005,False
STRK,-52.87015291,False
HYPER,-51.077705800000004,False
0G,-49.40345591,False
VVV,-45.938332790000004,False
YZY,-45.809876880000004,False
IP,-41.22319052,False
JTO,-36.28280894,False
LAYER,-34.734976069999995,False
XAI,-34.11021871,False
YGG,-31.165584129999996,False
TAO,-30.859176850000004,False
MERL,-30.726524900000005,False
2Z,-30.669751339999998,False
POL,-27.95560258,False
DOOD,-27.552274660000013,False
EIGEN,-25.366527640000005,False
ALT,-24.61634898,False
MORPHO,-23.94958085,False
MANTA,-22.944168639999997,False
SOPH,-21.27868386,False
kNEIRO,-20.05412419,False
USUAL,-18.762390650000004,False
BLUR,-17.02014564,False
ZRO,-16.075335839999997,False
kLUNC,-15.610976269999997,False
MON,-15.224321549999999,False
S,-15.006210689999996,False
OP,-14.995727890000001,False
APT,-14.50448826,False
SKY,-14.209532489999997,False
FET,-14.10826981,False
MEW,-13.38547564,False
kFLOKI,-12.90031034,False
GRASS,-12.791863,False
MOODENG,-12.759748110000002,False
DOT,-12.580883510000007,False
BSV,-11.27745026,False
TIA,-10.34998161,False
kSHIB,-10.30270973,False
INIT,-10.211634199999999,False
PNUT,-10.180804839999999,False
kPEPE,-8.74300852,False
COMP,-8.46168404,False
SEI,-7.32029473,False
WIF,-7.273622909999996,False
PYTH,-6.85095364,False
ATOM,-5.939801949999999,False
SOL,-5.928159910000001,False
MOVE,-5.834686329999999,False
kBONK,-4.610713579999998,False
IMX,-4.54281409,False
DYM,-4.524147989999999,False
AIXBT,-4.1397745200000005,False
ICP,-3.7969964499999995,False
SYRUP,-3.4719756299999998,False
MEME,-3.283496929999999,False
SAND,-3.2686472699999993,False
BRETT,-2.7477703699999982,False
UMA,-2.7241409999999986,False
BNB,-2.4070457899999997,False
KAITO,-0.6523922399999994,False
BIGTIME,-0.3624668999999996,False
AERO,-0.1108220299999976,False
CELO,-0.018679239999998813,False
