coin,fundingRate_avg_5d,isNew
DOOD,-529.12767317,False
YZY,-196.21864836999998,False
0G,-104.40820620000001,False
REZ,-103.74699045,False
BLAST,-97.4901568,False
OM,-94.73002899,False
ME,-77.26748364000001,False
TRUMP,-63.30643146999999,False
APT,-62.44618195,False
KAITO,-56.41805219,False
PROVE,-49.34235783,False
MOODENG,-48.19179972,False
IP,-41.35950269,False
AVNT,-37.09080798,False
ASTER,-35.25095758999999,False
BSV,-34.85482163,False
SOL,-33.66815114999999,False
HYPER,-33.47278782,False
FARTCOIN,-31.692415639999993,False
ZORA,-29.433891269999997,False
ATOM,-27.794556550000003,False
kBONK,-26.09218633,False
AI16Z,-25.282056419999996,False
MELANIA,-24.546985109999998,False
SUPER,-21.337729909999997,False
VINE,-19.772331780000002,False
SPX,-18.003811149999997,False
BIO,-17.77092801,False
ALGO,-17.455299370000002,False
CAKE,-17.42644247,False
SEI,-15.547244349999994,False
GRASS,-14.120736749999999,False
ONDO,-13.74337493,False
SNX,-13.096157659999996,False
XPL,-12.810709410000005,False
IO,-12.701261969999997,False
XAI,-11.816936319999998,False
PUMP,-11.192665869999997,False
MAV,-9.412659419999997,False
WIF,-9.346690779999996,False
TURBO,-8.760300029999998,False
FTT,-7.736079369999997,False
VVV,-7.6319485200000035,False
IOTA,-7.249058409999998,False
TIA,-7.050285249999998,False
RENDER,-6.752661329999997,False
RUNE,-6.672778889999997,False
RESOLV,-6.58641405,False
INIT,-6.085383659999998,False
ETC,-6.068765939999995,False
MEME,-5.5489489999999995,False
ZETA,-5.544441979999997,False
DOT,-5.474089689999997,False
EIGEN,-5.43588149,False
CELO,-5.369166059999998,False
PURR,-5.0624477999999975,False
DYM,-4.149241889999998,False
FIL,-4.033568279999996,False
kSHIB,-2.9621465499999973,False
ZEN,-2.957355559999998,False
APEX,-2.0352932900000003,False
NEAR,-1.8214368699999974,False
USUAL,-1.6825937899999979,False
XRP,-1.5563818999999979,False
POPCAT,-1.2858336799999976,False
MEW,-1.1407680799999975,False
GMX,-1.0502772799999993,False
kNEIRO,-0.8834029299999974,False
AR,-0.4111308899999983,False
JUP,-0.36716882999999784,False
