coin,fundingRate_avg_5d,isNew
0G,-1350.43876322,False
GAS,-920.6362704800001,False
KAITO,-418.88877374,False
LAYER,-326.75249899,False
POLYX,-291.49966968,False
TNSR,-251.91516929000005,False
AVNT,-247.04966089000004,False
MOVE,-204.92723739,False
ANIME,-201.5193251,False
MERL,-184.97417148,False
RESOLV,-148.87436697,False
GMT,-141.39319995,False
INIT,-114.77712912000001,False
BLAST,-93.89057425,False
BANANA,-84.53225092,False
BIGTIME,-83.55752863999999,False
DYM,-76.60916526,False
TST,-76.33578901999999,False
NIL,-73.27695397000001,False
ARK,-66.73051690999999,False
BIO,-61.41050467,False
SOPH,-58.73992742000001,False
SUPER,-55.813512180000004,False
2Z,-55.57013894,False
ZORA,-53.55023259,False
USTC,-53.13195281,False
HMSTR,-52.91423542000002,False
TURBO,-51.63277517,False
MOODENG,-47.980672770000005,False
REZ,-37.05602129,False
IMX,-36.21599276999999,False
FXS,-34.3791675,False
IO,-32.28194757999999,False
HYPER,-30.062870220000004,False
OM,-29.33998553,False
VVV,-28.820843110000002,False
WCT,-27.59134645,False
MANTA,-26.552334530000003,False
kLUNC,-26.399106800000002,False
ME,-23.45285819,False
CELO,-22.46338991,False
BLUR,-19.57556466,False
BABY,-19.18429853,False
XAI,-17.87111394,False
PROVE,-17.23609935,False
CFX,-15.274349180000002,False
IP,-15.21339126,False
kFLOKI,-13.480106999999997,False
CC,-12.30691378,False
ZRO,-11.93884924,False
ZETA,-11.46443027,False
FET,-11.37861804,False
UMA,-11.26013539,False
EIGEN,-11.24919196,False
ETC,-10.846808659999999,False
DOT,-10.44126446,False
STX,-9.59480537,False
SKY,-9.43043346,False
MEW,-9.42656227,False
SUSHI,-8.99849027,False
NOT,-8.85090763,False
GMX,-8.19349518,False
NEO,-7.785990199999999,False
ADA,-7.55123388,False
BSV,-6.269296939999999,False
SEI,-5.91964592,False
JUP,-5.79291208,False
TRUMP,-5.3764959900000004,False
WIF,-4.457676379999999,False
MEME,-4.218840819999999,False
FIL,-3.5653718299999997,False
USUAL,-2.993378869999999,False
BERA,-2.7094015699999985,False
S,-2.4686643599999996,False
SAGA,-1.483432999999999,False
POL,-1.4172570399999995,False
ALT,-1.4022694099999995,False
XLM,-0.39221147999999983,False
PAXG,-0.19989663000000005,False
