coin,fundingRate_avg_5d,isNew
YZY,-249.86748206000001,False
0G,-200.30047695,False
TRUMP,-171.280338,False
STABLE,-150.146984,False
BLAST,-141.95868715000003,False
DOT,-94.40087783,False
FET,-88.43114004000002,False
REZ,-78.04095587,False
JTO,-74.58522931000002,False
COMP,-66.70421282000001,False
AXS,-64.72391773,False
POL,-62.43763656999999,False
BERA,-57.27476047999998,False
SUPER,-43.93839121,False
IMX,-43.4455631,False
W,-42.43477881999999,False
GAS,-39.82581722,False
POLYX,-36.45163093,False
APT,-35.16541035,False
EIGEN,-31.991787910000003,False
BLUR,-31.670319269999997,False
WLFI,-29.77627368,False
AVNT,-28.972728369999995,False
SEI,-28.48192017,False
NEO,-28.39080376,False
TURBO,-27.700655190000003,False
2Z,-26.79179424,False
HYPER,-25.91222016,False
MOVE,-25.537349829999997,False
SAND,-24.1833597,False
STX,-23.950760530000004,False
RESOLV,-23.883560380000006,False
PROVE,-22.0777477,False
ARK,-21.286655460000002,False
DASH,-21.142472429999998,False
ZETA,-20.85988286,False
kLUNC,-20.42548906,False
MINA,-20.286243020000004,False
KAITO,-19.57519966,False
IOTA,-19.474721,False
kNEIRO,-18.72306044,False
BABY,-18.264684680000002,False
IP,-18.15773238,False
APE,-17.85762792,False
OP,-16.71823005,False
ALT,-16.05587331,False
MEW,-15.240315120000002,False
BSV,-15.02127205,False
GMT,-14.586777510000003,False
XAI,-14.52617218,False
HBAR,-14.515807640000002,False
ME,-14.072747279999998,False
S,-12.60090376,False
DYM,-10.4808071,False
STRK,-10.406912119999998,False
IO,-9.725400180000001,False
USTC,-9.016404469999998,False
ARB,-8.26012301,False
ICP,-7.646687219999999,False
NOT,-7.6114077799999995,False
ADA,-7.098594459999998,False
XLM,-6.536014119999999,False
USUAL,-5.8072083999999995,False
kFLOKI,-5.48378117,False
INJ,-5.0614331,False
SAGA,-4.898070779999998,False
BANANA,-4.7285859499999985,False
TNSR,-4.712929639999998,False
BIGTIME,-3.9626188499999984,False
SUSHI,-3.5634336799999997,False
ZEN,-3.5424323099999993,False
SUI,-3.4197777100000004,False
AIXBT,-3.315226379999999,False
ANIME,-2.96016679,False
JUP,-2.694008789999999,False
TIA,-2.31193117,False
CHILLGUY,-2.0546222299999997,False
kSHIB,-1.6891827699999995,False
PENGU,-1.4426508199999994,False
PYTH,-1.3970834899999998,False
MELANIA,-1.0463761599999988,False
MORPHO,-0.4757650899999997,False
GRIFFAIN,-0.4249176699999991,False
