coin,fundingRate_avg_5d,isNew
AXS,-814.9674681600001,False
0G,-665.2554364099999,False
YZY,-477.97180992000006,False
AVNT,-369.53919548,False
LAYER,-242.90652763999995,False
RESOLV,-233.61532489,False
BLAST,-223.90348737999997,False
MOVE,-213.1064764,False
ZORA,-135.81022199999998,False
SKR,-135.16165496000002,True
ZETA,-126.50703848999999,False
SUPER,-114.5039091,False
DASH,-96.04045929,False
BERA,-84.84864387,False
KAITO,-83.85842588000001,False
WCT,-83.54148178000001,False
MOODENG,-70.74676959,False
FOGO,-56.29328497,False
ANIME,-52.00179601,False
PURR,-46.79308541,False
XAI,-46.41047343,False
MANTA,-45.00110769,False
LINEA,-33.34797096,False
DYM,-32.87720783,False
IO,-32.49427319000001,False
POPCAT,-32.44497775,False
SKY,-30.647400200000003,False
SOPH,-30.57923718,False
ACE,-27.51047851,False
POL,-26.21647613,False
APT,-25.2920837,False
ATOM,-25.25144095,False
kFLOKI,-25.088232660000003,False
REZ,-24.050707749999997,False
kPEPE,-22.18901649,False
2Z,-21.578010140000004,False
TRUMP,-21.086344190000002,False
GMT,-20.70400596,False
JTO,-19.4509741,False
SAND,-19.383887830000003,False
MERL,-19.335477149999996,False
BRETT,-17.483326260000002,False
STRK,-16.41678093,False
ICP,-16.19044808,False
HYPER,-15.509270480000001,False
kLUNC,-15.28443705,False
HEMI,-14.130296099999999,False
ME,-13.69973042,False
AIXBT,-13.142276140000003,False
TURBO,-12.92000647,False
S,-12.553121610000002,False
WLFI,-12.405260839999999,False
AVAX,-12.1252927,False
BABY,-12.006672079999998,False
IP,-11.962059590000004,False
OP,-11.517356000000001,False
PROVE,-10.93264717,False
XLM,-10.472962520000001,False
EIGEN,-10.3208057,False
SCR,-10.15963192,False
CAKE,-9.540675870000001,False
VVV,-8.824709389999999,False
STX,-8.711492960000001,False
RSR,-7.6731570200000005,False
ETC,-7.196137790000002,False
ZEC,-6.642291899999999,False
SAGA,-6.525439339999999,False
SOL,-6.326523829999998,False
DOGE,-5.171424389999999,False
PNUT,-4.772856799999999,False
LTC,-4.56517545,False
PENGU,-3.46764527,False
SPX,-2.076818609999999,False
PAXG,-2.0718144599999997,False
ENA,-1.9222272399999998,False
USUAL,-1.8225413599999989,False
RENDER,-1.7589663899999994,False
SNX,-1.7032206700000003,False
ALT,-1.0415333399999995,False
CRV,-0.6840800799999998,False
CELO,-0.3818542399999991,False
