coin,fundingRate_avg_5d,isNew
OM,-930.1987317400002,False
DOOD,-498.65947556000003,False
ZORA,-303.22841105000003,False
BLAST,-275.15507188,False
IP,-272.42486166,False
MERL,-207.0802753,False
PROVE,-182.4650914,False
MOODENG,-181.01805109,False
YGG,-173.73643833,False
REZ,-172.11408633,False
GRASS,-141.67124819,False
YZY,-133.29613339,False
ME,-99.9906696,False
APT,-93.60286226999999,False
VVV,-86.47199159,False
BSV,-84.60297623999999,False
UMA,-82.30777155999998,False
ZETA,-73.37589159999999,False
0G,-70.13458429,False
BERA,-69.3804337,False
IO,-56.62096153000001,False
ATOM,-53.0794899,False
TIA,-52.73712209,False
BABY,-44.68906481,False
STRK,-42.77373534,False
SKY,-41.050309729999995,False
BIO,-40.646948959999996,False
HYPER,-37.603584070000004,False
ARK,-34.11040121000001,False
PENGU,-32.52177448,False
ENA,-32.23701388999999,False
IOTA,-31.311910440000002,False
LAYER,-29.59771641,False
VINE,-29.071119959999994,False
KAITO,-28.474464679999997,False
2Z,-25.05903777,False
BANANA,-24.838531050000004,False
INIT,-24.76495946,False
DOGE,-23.666573719999995,False
MORPHO,-22.408799049999995,False
MEW,-22.12697744,False
RESOLV,-21.979556130000002,False
TRUMP,-21.88590516,False
AVNT,-21.24737051,False
kPEPE,-21.19144375,False
STX,-18.1730434,False
S,-18.07347943,False
NXPC,-17.21197139,False
WLFI,-16.536710439999997,False
SEI,-16.18317363,False
ONDO,-15.922551949999999,False
WCT,-15.120174639999998,False
DYM,-15.10626011,False
AVAX,-13.481285219999998,False
CELO,-12.210386609999999,False
TURBO,-12.03974473,False
SOPH,-11.775466479999999,False
MOVE,-11.65172929,False
OP,-11.602109,False
W,-10.82257996,False
ANIME,-10.283890330000002,False
NOT,-10.023206600000002,False
VIRTUAL,-10.00619833,False
SAND,-9.0291437,False
kFLOKI,-8.866860319999999,False
USUAL,-7.8407329,False
PNUT,-6.31231803,False
MELANIA,-5.98169081,False
WLD,-5.913589839999999,False
DOT,-5.812331540000001,False
DYDX,-5.043550289999999,False
CFX,-4.48835682,False
ZK,-3.6902412499999993,False
INJ,-2.80322847,False
BNB,-2.5638132899999997,False
AR,-2.5433090499999995,False
GMX,-2.5335781499999994,False
BCH,-2.4523612699999995,False
SAGA,-2.1188556599999995,False
PROMPT,-2.0430728999999994,False
GOAT,-1.6997407599999999,False
MAVIA,-1.3788101300000006,False
RUNE,-0.12624619999999953,False
