coin,fundingRate_avg_5d,isNew
POLYX,-546.13829231,False
ANIME,-472.69653427,False
REZ,-292.84306021,False
BLAST,-258.46830337,False
STABLE,-209.10391852,False
ME,-130.06555562000003,False
BANANA,-108.31354852000001,False
AXS,-105.71115108000001,False
ZETA,-94.49742470999999,False
NXPC,-78.23187861000001,False
NEO,-76.25342312,False
GAS,-67.94447041000001,False
TURBO,-60.331894629999994,False
0G,-56.34405793,False
STRK,-52.951377089999994,False
ZORA,-51.932125539999994,False
IP,-48.13699569999999,False
HYPER,-47.164759800000006,False
TRUMP,-46.37682919,False
YZY,-39.34968932000001,False
VVV,-38.21513135,False
JTO,-36.911471799999994,False
LAYER,-35.15834176,False
XAI,-33.39973891,False
2Z,-33.02426268,False
POL,-27.503629649999997,False
MERL,-26.92019467,False
EIGEN,-26.380197609999996,False
FTT,-25.88028412,False
TAO,-25.624819160000005,False
MORPHO,-24.28303828,False
ALT,-22.172000920000002,False
MON,-21.11352939,False
MANTA,-20.83498475,False
kNEIRO,-20.81181601,False
SOPH,-16.28761035,False
BLUR,-15.184938779999998,False
MEW,-15.10334449,False
S,-14.271890549999997,False
kFLOKI,-14.21136552,False
USUAL,-13.957118929999998,False
FET,-13.955043540000004,False
OP,-13.664561939999999,False
ZRO,-13.537562379999999,False
SKY,-12.95424639,False
APT,-12.70003411,False
GRASS,-12.648926809999999,False
YGG,-12.314497750000001,False
BSV,-11.27745026,False
kLUNC,-11.130629009999998,False
TIA,-10.32966644,False
INIT,-9.739634449999999,False
AERO,-9.633541359999997,False
kSHIB,-9.279077449999999,False
MOVE,-8.761941069999999,False
DOOD,-8.625534000000002,False
COMP,-8.10353874,False
DOT,-8.072345109999997,False
PYTH,-7.979992080000001,False
IMX,-7.79910684,False
PNUT,-7.78985117,False
kPEPE,-7.2389705399999995,False
SEI,-6.66124489,False
AIXBT,-5.720788809999999,False
SAND,-4.9828318099999995,False
RESOLV,-4.648872140000003,False
SOL,-4.474736480000001,False
ATOM,-4.064786730000001,False
KAITO,-4.06346543,False
MOODENG,-3.963577339999998,False
SYRUP,-3.8922366299999998,False
kBONK,-3.83130426,False
WIF,-3.584744569999997,False
INJ,-3.415764899999999,False
MET,-2.8954274699999987,False
W,-2.7788471999999995,False
ICP,-2.6578482399999994,False
BNB,-2.26130275,False
MINA,-2.037454819999999,False
MEME,-1.8907021899999992,False
ADA,-0.6937387099999988,False
IO,-0.6370505599999995,False
BRETT,-0.44838278999999953,False
CELO,-0.015535859999998748,False
