coin,fundingRate_avg_5d,isNew
LAYER,-367.83119768999995,False
ACE,-154.67750927000003,False
0G,-70.7580605,False
AXS,-69.2806865,False
STABLE,-64.99826341,False
VVV,-63.02821314,False
CHIP,-60.53310818000001,False
S,-51.81039730999999,False
TRUMP,-48.316147189999995,False
RESOLV,-47.276292119999994,False
kLUNC,-41.18050012,False
MINA,-40.44512075,False
PROVE,-34.989679640000006,False
KAITO,-34.87760858,False
AVNT,-34.771647619999996,False
BABY,-31.98895259,False
2Z,-31.147688180000006,False
ANIME,-31.032572289999997,False
GAS,-27.524858050000002,False
BIO,-25.42134772,False
ADA,-25.200427089999998,False
USUAL,-24.880541819999998,False
ATOM,-24.353949020000005,False
YGG,-20.61577816,False
RSR,-19.559395889999998,False
MEME,-18.79885342,False
BLUR,-17.561299750000003,False
BIGTIME,-16.28286608,False
HYPER,-16.20726728,False
kSHIB,-15.676049929999998,False
BERA,-14.066891219999999,False
ZORA,-10.69161942,False
SUSHI,-10.12039223,False
DOT,-9.23815365,False
SNX,-8.27730429,False
INIT,-8.20500217,False
MORPHO,-7.99388325,False
INJ,-7.2444908,False
ARK,-7.213376739999998,False
TRX,-6.4394190600000005,False
ARB,-5.986690579999999,False
AVAX,-5.93421526,False
FIL,-3.4210464499999995,False
SOL,-3.1894269399999993,False
TIA,-3.18780634,False
OP,-2.73472819,False
SUPER,-2.7333747699999997,False
RUNE,-2.660977749999998,False
VIRTUAL,-1.63438021,False
SUI,-1.4849659999999998,False
CRV,-1.4712361600000003,False
DOGE,-1.40484266,False
STX,-1.3306126099999995,False
MET,-0.6614186899999994,False
