coin,fundingRate_avg_5d,isNew
BLUR,-403.92343794000004,False
ME,-146.68802135,False
STABLE,-76.18390157,False
ZETA,-39.29230402,False
HMSTR,-30.202831660000005,False
MINA,-28.0980869,False
CELO,-27.130523730000004,False
ATOM,-26.5224184,False
kNEIRO,-24.007261800000002,False
0G,-15.896323779999998,False
HYPER,-13.631425779999999,False
IOTA,-12.68888628,False
MANTA,-9.45805812,False
DYDX,-9.29429795,False
SNX,-8.80092088,False
AIXBT,-7.0875846000000005,False
TRUMP,-5.673391369999998,False
W,-5.095078069999998,False
MEME,-4.51088827,False
ZORA,-4.43990745,False
ANIME,-2.8858272399999993,False
TRX,-2.3510270499999972,False
BCH,-0.5503178000000001,False
STX,-0.31527312999999973,False
PYTH,-0.042958309999999764,False
