coin,fundingRate_avg_5d,isNew
YZY,-549.2181140033058,False
ZETA,-279.6175536991736,False
BIO,-130.8299527735537,False
FTT,-120.58757543801651,False
SAGA,-119.15666491239674,False
BLAST,-106.58715158677686,False
STABLE,-105.65018126280992,False
COMP,-98.2226474876033,False
BLUR,-95.96596434049587,False
ALT,-72.77642718347109,False
FET,-59.50980246942148,False
ACE,-55.95195670413222,False
0G,-54.00944914710743,False
DOT,-52.14723965950414,False
SUPER,-40.72893223140495,False
TRUMP,-37.85152344793388,False
kLUNC,-37.751293844628094,False
BERA,-36.78802469752066,False
TURBO,-36.01560626776859,False
XAI,-33.5434966214876,False
JTO,-29.332160647933893,False
KAITO,-29.13296114380165,False
POLYX,-25.00984705785124,False
AVNT,-21.783118433057858,False
REZ,-21.458578532231403,False
APE,-21.144046750413224,False
W,-20.747509061157025,False
S,-20.16411478016529,False
PROVE,-17.49922794049587,False
BANANA,-16.815153748760334,False
RESOLV,-16.468246889256207,False
EIGEN,-16.327212337190083,False
OP,-15.615271933884298,False
DYM,-14.037420009917353,False
HYPER,-13.434708119008267,False
IP,-12.47447239338843,False
ETH,-12.396745130578513,False
TIA,-12.229448677685951,False
UMA,-11.820883001652893,False
MEW,-11.60436186446281,False
SAND,-9.84472039338843,False
POL,-9.701669593388432,False
USUAL,-9.268675824793387,False
kNEIRO,-9.110930667768598,False
ME,-8.550310938842975,False
INIT,-8.42308460826446,False
MEME,-8.361057292561982,False
WLD,-8.326909943801649,False
WCT,-8.240705752066116,False
ANIME,-8.050530495867767,False
SEI,-7.007655391735535,False
GAS,-6.5225135603305775,False
APT,-6.441963550413223,False
AERO,-6.396427477685951,False
BTC,-6.101527507438018,False
BIGTIME,-5.672337461157023,False
ARK,-5.362940776859505,False
IO,-5.008517692561983,False
MOVE,-4.944179474380164,False
ARB,-4.2742617322314045,False
INJ,-3.8652725355371893,False
SUI,-3.0084330446280996,False
STRK,-2.503219229752065,False
IMX,-1.9261640033057843,False
2Z,-1.055616922314049,False
MELANIA,-0.8954747107438031,False
