coin,fundingRate_avg_5d,isNew
POLYX,-234.67275178999998,False
CHIP,-158.39478242,False
STABLE,-69.56398855,False
HYPER,-50.400845419999996,False
WLD,-47.24623875000001,False
BIO,-40.424401159999995,False
BSV,-38.5970929,False
0G,-29.27387454,False
APE,-26.072178490000002,False
SAGA,-24.48900632,False
kLUNC,-23.54388116,False
TRUMP,-20.42732355,False
BABY,-19.84389295,False
JTO,-18.91720029,False
LAYER,-18.86224954,False
POL,-18.64512856,False
MOVE,-17.122214239999998,False
MINA,-16.20277924,False
BCH,-16.05425782,False
ACE,-14.75107496,False
MON,-14.57449161,False
COMP,-13.261028159999999,False
CAKE,-13.19445362,False
APT,-12.74002205,False
BANANA,-12.50465837,False
W,-12.13112175,False
SKY,-11.35927888,False
AXS,-11.13120206,False
kSHIB,-10.92137889,False
2Z,-8.987534429999998,False
DASH,-8.41536627,False
SAND,-6.91726538,False
BLAST,-6.836568259999998,False
ATOM,-6.425388459999998,False
ANIME,-6.21359575,False
ALT,-5.8731244799999995,False
ICP,-5.558195909999999,False
PROVE,-5.52299604,False
TURBO,-5.49592983,False
IO,-5.158829699999999,False
EIGEN,-4.9149812299999995,False
PYTH,-4.7227751499999995,False
SEI,-4.42076028,False
STX,-4.32110871,False
PENGU,-3.7767564699999996,False
GAS,-3.57397926,False
AERO,-3.3233301100000006,False
YGG,-3.20666954,False
XRP,-2.6821411799999995,False
BLUR,-2.621352619999999,False
STRK,-1.4034943499999994,False
INIT,-1.35758611,False
SOL,-1.07682154,False
MERL,-0.9306346599999997,False
BERA,-0.7963190399999998,False
MEGA,-0.21302786999999948,False
NOT,-0.10967154999999942,False
SUSHI,-0.09952381999999978,False
