coin,fundingRate_avg_5d,isNew
STABLE,-127.45985639000001,False
POLYX,-120.23872777999998,False
CHIP,-109.18542255999999,False
MOVE,-79.40835172000003,False
kLUNC,-50.52768803000001,False
LAYER,-36.930705840000016,False
SAGA,-30.979026789999995,False
SKY,-25.84527843,False
BLAST,-25.681373719999996,False
COMP,-19.545668970000005,False
INJ,-16.722584500000004,False
BIO,-14.04792874,False
W,-13.623020559999999,False
TRUMP,-11.918779349999998,False
WLD,-11.81233221,False
BLUR,-11.173249329999999,False
ICP,-8.85120985,False
NOT,-8.50196544,False
KAITO,-7.974977710000001,False
MERL,-7.05332716,False
APE,-6.460235009999998,False
EIGEN,-6.17298001,False
BSV,-6.010592239999998,False
0G,-5.216582919999999,False
PENGU,-4.53451399,False
BABY,-4.305783819999999,False
ATOM,-4.11944986,False
TURBO,-3.3739716699999995,False
BANANA,-3.161902290000003,False
BERA,-2.931908489999998,False
APT,-2.3306746499999997,False
GALA,-2.1919271999999994,False
AXS,-2.1786171099999994,False
INIT,-1.5950317499999993,False
BCH,-0.5741931799999999,False
SAND,-0.044226319999999625,False
