coin,fundingRate_avg_5d,isNew
TNSR,-406.59920987,False
ACE,-153.30868687933884,False
VVV,-112.22313142809918,False
STABLE,-77.60463728925619,False
CHIP,-64.30744958677685,False
TRUMP,-52.79004339173554,False
AXS,-50.04406067107438,False
KAITO,-43.79295869752065,False
0G,-43.07616481983471,False
BLUR,-40.109671904132234,False
kNEIRO,-38.078695079999996,False
RESOLV,-37.87958513057851,False
LAYER,-37.435080287603306,False
MINA,-33.9488956661157,False
XAI,-33.89877421,False
ATOM,-32.48574182479339,False
kLUNC,-31.222478876033062,False
ME,-30.611993009999996,False
ANIME,-30.2819408429752,False
GAS,-28.503027371900824,False
ADA,-27.094186254545452,False
S,-23.711331262809917,False
AVNT,-21.19589943471074,False
IO,-21.17279006,False
HYPER,-20.854613454545458,False
BABY,-20.33378729256198,False
kSHIB,-18.84940818842976,False
RSR,-17.64334803966942,False
STRK,-16.397592149999998,False
AIXBT,-15.187525900000002,False
INIT,-15.121988370247934,False
USUAL,-13.891377054545455,False
YGG,-12.971312082644628,False
PROVE,-12.556691871074381,False
ICP,-11.351019768595041,False
XLM,-10.666013940000001,False
DOT,-10.146270000000001,False
ARK,-10.086292234710744,False
IOTA,-9.39857407,False
AVAX,-9.071416552066115,False
IP,-8.487221563636366,False
UMA,-6.935819059999999,False
MEME,-6.829381428099173,False
ALT,-6.288525870000001,False
SAGA,-6.069749249999999,False
SUSHI,-5.891695824793388,False
BCH,-5.868629514049586,False
TRX,-5.806652876033057,False
REZ,-5.701334309999999,False
BIGTIME,-4.963546314049586,False
BERA,-4.826398740495867,False
OP,-4.598770502479338,False
SUI,-4.399992347107437,False
MORPHO,-4.386886373553719,False
ARB,-2.151009312396694,False
BRETT,-1.8468861299999995,False
ZORA,-1.672801636363635,False
APT,-1.173986965289256,False
WIF,-0.8958178710743796,False
PENGU,-0.6924181399999997,False
TIA,-0.5502771371900826,False
CRV,-0.40973415867768603,False
VIRTUAL,-0.026927950413222424,False
