coin,fundingRate_avg_5d,isNew
VVV,-80.11551898512397,False
STABLE,-67.87775192727273,False
TRUMP,-65.81664482975208,False
CHIP,-44.404766509090905,False
kNEIRO,-38.64757722644628,False
0G,-32.75985018842976,False
IO,-27.674921404958674,False
LAYER,-27.58244476363636,False
ME,-26.722339457851238,False
HYPER,-25.96774943801653,False
BLUR,-25.95567801322314,False
ADA,-24.802474690909094,False
TRX,-24.390507818181817,False
MINA,-21.525908181818185,False
KAITO,-21.20311883305785,False
BRETT,-19.71332373223141,False
MOVE,-19.111691999999998,False
XAI,-17.91981001983471,False
GAS,-17.736454532231402,False
BABY,-15.956593388429756,False
kSHIB,-15.68068596694215,False
AVAX,-13.95886887272727,False
ATOM,-13.02000465123967,False
EIGEN,-12.759562611570251,False
DOT,-10.599114942148761,False
IP,-9.903963332231404,False
AXS,-9.481449709090906,False
USUAL,-8.53700442644628,False
ICP,-8.515168859504131,False
kLUNC,-7.933894353719008,False
INIT,-6.98038283305785,False
ANIME,-6.952076449586777,False
BCH,-5.422727414876033,False
POLYX,-5.1996985388429735,False
UMA,-5.04965494214876,False
SUSHI,-5.032437560330577,False
OP,-4.4318592,False
AVNT,-3.6197579702479312,False
XLM,-3.391599788429752,False
REZ,-2.786173021487602,False
IOTA,-2.4980015999999994,False
SAGA,-2.352459629752066,False
ARK,-2.1066967438016517,False
ZORA,-1.3028668363636349,False
ARB,-1.1769009322314046,False
AIXBT,-1.0272214909090904,False
MON,-0.9042050280991731,False
ALT,-0.818630687603305,False
STRK,-0.5861395636363633,False
SEI,-0.44619168595041253,False
APT,-0.241825229752066,False
