coin,fundingRate_avg_5d,isNew
BLAST,-246.78503098512402,False
CHIP,-206.23810621487607,False
0G,-127.88749483636367,False
YZY,-122.2305279173554,False
STABLE,-69.72457349752067,False
APE,-62.48016426446279,False
kLUNC,-61.13595529586775,False
TRUMP,-58.097998155371904,False
BERA,-57.018264446281,False
kNEIRO,-47.88277537190083,False
WLD,-41.81100000991734,False
REZ,-39.729001398347094,False
HYPER,-31.9060035768595,False
COMP,-26.501194343801654,False
BIO,-23.272293094214877,False
BANANA,-21.24564247933884,False
MERL,-19.64356589752066,False
STX,-17.900050066115703,False
AXS,-16.59558688264463,False
WLFI,-16.282912076033057,False
CAKE,-15.684276119008262,False
MON,-15.402868720661154,False
2Z,-14.988162357024791,False
MOVE,-14.288839249586777,False
KAITO,-14.140997236363635,False
AVNT,-13.771080535537186,False
INJ,-13.584393352066115,False
TST,-12.53394555371901,False
ALT,-11.354554899173555,False
SEI,-10.564030780165291,False
XAI,-9.972955209917357,False
SUI,-9.782552628099173,False
IMX,-9.542862376859505,False
DYM,-8.671586985123966,False
TRX,-8.302814876033057,False
STRK,-8.087176978512398,False
POL,-5.238099917355371,False
FET,-4.903456333884296,False
JTO,-4.383810238016528,False
TIA,-4.121042092561984,False
ARB,-2.224141557024793,False
ADA,-2.065335788429752,False
MANTA,-1.9041691636363633,False
EIGEN,-1.726286142148759,False
XRP,-1.7095386148760328,False
MINA,-1.187508495867768,False
USTC,-1.0670592198347089,False
BTC,-0.8999524462809918,False
PYTH,-0.781689550413223,False
PROVE,-0.5630218512396692,False
GAS,-0.5250331338842972,False
