coin,fundingRate_avg_5d,isNew
ANIME,-482.53993749,False
GMT,-444.86135321999996,False
AVNT,-352.02764523,False
POLYX,-276.83032333,False
HYPER,-266.17837430000003,False
0G,-178.63902343,False
BABY,-171.89560536,False
BLAST,-171.77155208,False
IP,-134.04021217,False
VVV,-103.76108675,False
BERA,-79.48309277,False
TNSR,-76.16219647999999,False
FTT,-72.11448007000001,False
kLUNC,-48.94822645,False
CELO,-45.718141429999996,False
ZETA,-40.26182067,False
WCT,-38.37274127,False
REZ,-34.52781958999999,False
ACE,-33.933309779999995,False
GAS,-30.211535449999996,False
ZK,-24.254738370000002,False
TRUMP,-21.588258609999997,False
XAI,-20.68055617,False
FOGO,-19.89436442,False
FET,-18.488453040000003,False
SKY,-17.74083157,False
STRK,-17.37128878,False
PROVE,-16.83239475,False
ZORA,-16.453380940000006,False
ATOM,-15.24370013,False
SCR,-15.183197730000002,False
MEW,-15.116396159999999,False
AR,-12.82617884,False
SUPER,-10.757388039999999,False
IO,-10.04077624,False
GMX,-9.55958725,False
USUAL,-9.255513779999998,False
USTC,-8.833527060000002,False
2Z,-8.18804427,False
MINA,-7.51039476,False
WLFI,-6.378203449999999,False
EIGEN,-5.6282999999999985,False
SAND,-5.5891654299999995,False
ARK,-5.500455099999996,False
MOODENG,-4.164073299999998,False
MON,-2.584469369999998,False
SOPH,-2.213976119999998,False
OP,-1.7186609,False
BSV,-1.1634506399999978,False
APT,-0.59326078,False
BIGTIME,-0.35364557999999935,False
