coin,fundingRate_avg_5d,isNew
AXS,-981.7412373000001,True
RESOLV,-774.3486022999999,False
BERA,-655.2911897199999,False
0G,-649.2107007100001,False
DASH,-198.25476948000002,True
AVNT,-195.76563154,False
MOODENG,-190.25671209,False
ME,-181.55979065999998,False
KAITO,-171.87123285,False
LAYER,-78.34041574,False
YZY,-76.75195690999999,False
ZORA,-73.6137621,False
FOGO,-66.18516019,False
BLAST,-61.40596042,False
DYM,-58.94396899000001,False
IP,-57.49606655,False
IO,-55.958158759999996,False
MOVE,-52.14268162999999,False
ACE,-49.48801691999999,False
ANIME,-49.035981209999996,False
REZ,-47.856553059999996,False
MANTA,-46.717574209999995,False
WLFI,-46.43308153,False
SUPER,-45.92403647,False
XAI,-40.28311112,False
SKY,-34.751935429999996,False
POPCAT,-31.567855009999995,False
EIGEN,-28.42045782,False
WCT,-27.306542059999998,False
ZETA,-25.67906911,False
APT,-25.067843760000002,False
STRK,-23.744331860000003,False
SAND,-22.90510269,False
kLUNC,-21.3242198,False
kPEPE,-21.16693692,False
TURBO,-20.821557130000002,False
AIXBT,-20.56255021,False
SOPH,-18.44331276,False
BABY,-18.37418322000001,False
kFLOKI,-17.96611979,False
POL,-17.25359015,False
ATOM,-15.454189790000001,False
TRUMP,-15.295575390000003,False
GOAT,-14.364642160000002,False
HEMI,-14.074807339999998,False
RSR,-13.480790280000003,False
ZEC,-12.682752819999997,False
AVAX,-12.58409989,False
LINEA,-11.999037739999999,False
NIL,-11.861123220000001,False
ETC,-10.89493829,False
PROVE,-10.49005255,False
SPX,-9.483954139999998,False
2Z,-9.132446730000002,False
RENDER,-8.89150293,False
SAGA,-8.737110849999999,False
TNSR,-8.513962260000001,False
BCH,-8.330335139999999,False
ENA,-8.32387537,False
ICP,-7.981041090000001,False
PENGU,-7.085949399999999,False
CAKE,-6.249086889999999,False
NOT,-6.065271429999999,False
PNUT,-5.4694395899999995,False
STX,-4.84410991,False
XLM,-4.2479875300000005,False
MERL,-4.06986388,False
PAXG,-3.7656998899999996,False
DOOD,-3.5672223800000014,False
LTC,-3.3060590399999996,False
SNX,-3.2840699799999995,False
STABLE,-2.4310540299999994,False
BRETT,-2.1980920499999996,False
BTC,-1.7749584999999999,False
MEW,-0.8784535299999997,False
SOL,-0.4579647700000001,False
JTO,-0.3537105499999998,False
VIRTUAL,-0.11899510999999979,False
CRV,-0.07655656000000018,False
