coin,fundingRate_avg_5d,isNew
TNSR,-153.54096153719007,False
IP,-107.19182542809916,False
FOGO,-76.18819089917355,False
TRUMP,-73.30227405619836,False
STABLE,-72.8106483768595,False
GAS,-72.22815181487604,False
BSV,-67.30846559008265,False
ZORA,-67.1830542446281,False
0G,-67.1275657983471,False
LAYER,-62.746585547107436,False
CELO,-56.15239636363635,False
S,-52.91469022809917,False
AVNT,-45.6575152859504,False
ME,-42.26914873388429,False
MANTA,-41.82803929586777,False
PROVE,-38.710403801652895,False
POLYX,-36.973759140495865,False
kNEIRO,-32.34882230082645,False
AIXBT,-31.332893970247934,False
USUAL,-28.995804158677682,False
IOTA,-28.056698856198352,False
SNX,-25.130360042975205,False
TRX,-22.0689391338843,False
kSHIB,-20.65960789090909,False
STRK,-20.27634196363637,False
XAI,-20.218397821487603,False
MON,-19.37295357024794,False
BIO,-18.542800224793393,False
ZETA,-17.70179389090909,False
MINA,-17.67375899504132,False
ADA,-17.4519811338843,False
APT,-16.148910138842975,False
NOT,-15.528957699173557,False
INJ,-15.064452545454548,False
ANIME,-14.830442538842973,False
AXS,-14.435110254545451,False
KAITO,-14.320333983471075,False
GMT,-12.443774747107442,False
OP,-12.266275428099172,False
POPCAT,-12.252929821487605,False
YGG,-11.493919983471073,False
MERL,-10.644013200000005,False
SOPH,-10.54808468429752,False
FIL,-10.130919728925619,False
XRP,-10.118666588429752,False
kPEPE,-10.043142357024795,False
SUSHI,-8.99841317355372,False
WLFI,-7.587996704132232,False
W,-7.4900743834710735,False
DOT,-6.982068952066116,False
ETH,-6.401677685950412,False
ALGO,-4.941416092561984,False
KAS,-4.733414598347106,False
ZK,-4.385280614876033,False
ATOM,-4.339987071074379,False
kFLOKI,-4.336606145454543,False
STX,-3.979025117355371,False
DOGE,-2.960572314049587,False
ARB,-2.697849778512397,False
MOODENG,-2.540807593388429,False
HYPER,-2.11439468429752,False
ALT,-1.3134852595041315,False
PYTH,-0.7813811404958675,False
kLUNC,-0.738401395041322,False
CHIP,-0.7246525388429729,False
