coin,fundingRate_avg_5d,isNew
BLAST,-179.96946449,False
IO,-67.77293647,False
kLUNC,-65.51321052,False
STABLE,-59.74228165999999,False
CHIP,-59.36434752,False
WIF,-53.53629178000001,False
HYPER,-53.035859259999995,False
COMP,-50.97241936,False
NIL,-30.76793196,False
STX,-29.793110400000003,False
MEGA,-24.98124094,False
BLUR,-22.59542136,False
XAI,-20.856480330000004,False
KAITO,-18.30598224,False
2Z,-18.165128010000004,False
BABY,-17.947446390000003,False
BANANA,-13.706060250000002,False
ATOM,-10.17490498,False
APE,-9.51601793,False
FTT,-8.63660737,False
DYM,-8.322800809999999,False
kNEIRO,-5.73332145,False
APT,-5.22773148,False
MINA,-5.126678309999998,False
BERA,-4.108115149999999,False
BIO,-3.9634671099999994,False
ARB,-3.7247140400000003,False
EIGEN,-3.512185489999998,False
ORDI,-3.1656661699999997,False
S,-2.59654941,False
USTC,-2.4882203299999994,False
YZY,-1.7745299900000002,False
MERL,-1.3588504699999997,False
SUI,-0.87775273,False
SCR,-0.6345364399999999,False
0G,-0.4125616899999985,False
