coin,fundingRate_avg_5d,isNew
DOOD,-480.9987155,False
0G,-245.44853437,False
REZ,-71.68951787,False
BLAST,-52.87001786,False
CELO,-36.68671428999999,False
APT,-29.148856199999997,False
KAITO,-29.066441389999998,False
BIO,-16.620861190000007,False
MAV,-8.1200455,False
2Z,-2.6466821600000014,True
ME,-1.0099571899999995,False
SUPER,-0.522467569999999,False
