coin,fundingRate_avg_5d,isNew
TRUMP,-87.4319281785124,False
SOPH,-84.12965722314051,False
MOVE,-47.24478095206611,False
TRX,-35.619890280991726,False
BRETT,-34.83513111074381,False
kNEIRO,-34.16251007603306,False
STABLE,-33.15215846280991,False
LAYER,-28.807918809917357,False
ME,-21.96160596694215,False
EIGEN,-21.177078466115702,False
IO,-18.87099688264463,False
GAS,-18.73483100826447,False
UMA,-17.17136865123967,False
XLM,-16.659670988429752,False
MINA,-15.966372733884299,False
HYPER,-14.721827226446282,False
0G,-11.023062019834711,False
AVAX,-10.570140337190082,False
IP,-10.559854214876033,False
CHIP,-10.266392042975205,False
MOODENG,-10.203600218181817,False
XAI,-9.54845067768595,False
ZORA,-9.143073352066116,False
SKR,-8.258546469421487,False
ALT,-7.170164251239669,False
ADA,-6.349621566942148,False
2Z,-5.8411042909090884,False
KAITO,-5.801735692561983,False
POLYX,-5.0156878611570255,False
NOT,-4.378780839669421,False
BABY,-3.993938112396693,False
ETC,-3.5854803074380146,False
kLUNC,-3.29309322644628,False
DOT,-3.033847904132231,False
IOTA,-1.6652036033057849,False
ORDI,-1.6162011768595042,False
OP,-1.5347100099173547,False
SEI,-1.4080708165289255,False
RENDER,-0.9413532198347098,False
BNB,-0.7082829223140498,False
APE,-0.6751281322314038,False
AIXBT,-0.14756111404958616,False
