coin,fundingRate_avg_5d,isNew
ALT,-328.80710388099163,False
SUPER,-296.8317413752066,False
GMT,-186.12611850247936,False
CHIP,-102.9679394876033,False
ME,-99.13580219504134,False
BLAST,-88.84390552066115,False
SAGA,-59.23371188429751,False
FOGO,-35.2662708,False
COMP,-31.823004386776862,False
TON,-26.662705576859505,False
BCH,-26.586311137190076,False
MINA,-23.82300243966942,False
ETC,-23.721642,False
MEGA,-22.755856343801653,False
STABLE,-21.645063728925624,False
OP,-20.608106330578515,False
kSHIB,-20.234690697520662,False
TRUMP,-18.993039609917354,False
TST,-15.625543576859505,False
BLUR,-15.567973725619837,False
SUSHI,-13.935796046280993,False
VVV,-13.908964383471073,False
AIXBT,-11.566265276033057,False
DASH,-10.94710196033058,False
STRK,-10.000423963636361,False
ADA,-9.921295100826445,False
SAND,-9.68821249586777,False
BSV,-9.336985001652893,False
SEI,-8.490354168595042,False
0G,-8.471232753719006,False
PURR,-8.364285461157031,False
POL,-8.355644191735536,False
STX,-7.675147120661157,False
HYPER,-7.242450178512397,False
SNX,-7.2008640694214865,False
kLUNC,-6.863320274380165,False
MOVE,-6.225021788429752,False
JUP,-5.757820581818183,False
KAITO,-4.910068323966942,False
W,-4.1306288628099175,False
kNEIRO,-4.100920879338843,False
NOT,-4.047400899173553,False
SOL,-3.909243391735538,False
BTC,-3.542767705785125,False
PENDLE,-3.3327608231404944,False
AXS,-3.058639428099172,False
MOODENG,-3.0001812694214873,False
PNUT,-2.725450294214876,False
SPX,-2.6084651999999986,False
BOME,-2.1936205586776856,False
MERL,-1.9083840991735528,False
INIT,-1.700171930578512,False
IO,-1.4508456793388413,False
TURBO,-1.13805214214876,False
XRP,-0.4325398413223139,False
SUI,-0.0934366214876034,False
