coin,fundingRate_avg_5d,isNew
BERA,-541.7070266,False
MOVE,-370.46889866000004,False
IP,-349.75604290999996,False
XAI,-336.03054202999994,False
BLUR,-317.43169474,False
KAITO,-253.67535478,False
ME,-128.21576774,False
BLAST,-122.28575144,False
ANIME,-106.44052693,False
VVV,-102.49456741000002,False
GMT,-84.13345192000003,False
LAYER,-65.7822491,False
IO,-47.54744623999999,False
FTT,-25.60803062,False
POLYX,-25.540850910000003,False
ACE,-25.136334549999997,False
BSV,-24.82698099,False
MEME,-23.13940495,False
USUAL,-18.681435840000002,False
ATOM,-14.63618099,False
kLUNC,-14.43468931,False
REZ,-9.455014019999998,False
TRUMP,-8.5299624,False
IMX,-8.122176369999998,False
MELANIA,-7.8083544799999975,False
ZEREBRO,-7.298942230000003,False
MEW,-6.809902089999999,False
kNEIRO,-3.3527987499999976,False
BCH,-3.0947641900000002,False
FIL,-2.915611239999999,False
NEO,-2.7604804,False
ADA,-2.41266606,False
APT,-1.9406130200000002,False
TURBO,-1.7342142800000002,False
GMX,-0.9911918099999993,False
ZETA,-0.9557335199999987,False
SCR,-0.5467553999999996,False
SAND,-0.24996732999999965,False
TRX,-0.14495171999999967,False
