coin,fundingRate_avg_5d,isNew
OM,-856.9089305,False
PROVE,-405.46334300999996,False
IP,-336.20463827,False
YZY,-309.68994545999993,False
BLAST,-297.44810242,False
ME,-214.14797762,False
DOOD,-203.16152215,False
REZ,-184.52996356,False
APT,-172.72241723000002,False
ZORA,-162.78753114000003,False
MOODENG,-153.20770464,False
ATOM,-138.65815274999997,False
GRASS,-138.62922942000003,False
0G,-117.85223806000002,False
IO,-108.95445202,False
BERA,-107.86997788999999,False
AVNT,-107.06853352,False
VVV,-93.66582039000001,False
ZETA,-91.03251329000001,False
BIO,-88.79448147999999,False
HYPER,-67.98462187,False
INIT,-64.80816849,False
USUAL,-58.13566627000001,False
SYRUP,-56.868176030000015,False
VINE,-56.47346941000001,False
TRUMP,-56.460198010000006,False
RESOLV,-55.774785679999994,False
PENGU,-54.41826829000001,False
KAITO,-52.02466253,False
SKY,-50.15660202,False
DYM,-46.72388579,False
SAGA,-45.399822009999994,False
TURBO,-43.91301787,False
SOL,-43.033941649999996,False
IOTA,-40.96835993,False
kFLOKI,-40.619749160000005,False
UMA,-40.29646501,False
BABY,-37.803297470000004,False
LAYER,-33.25260595,False
STX,-32.15998794,False
MEW,-30.955257989999996,False
S,-28.23491737,False
AVAX,-25.12358291,False
DOGE,-24.63887751,False
ANIME,-24.405616230000003,False
kPEPE,-24.12176668,False
MORPHO,-23.333009710000006,False
ONDO,-23.1353133,False
CELO,-22.41642609,False
ENA,-20.58264054,False
AR,-19.94432708,False
STRK,-19.938214789999996,False
W,-19.84476603,False
SAND,-19.199197830000003,False
PURR,-17.234872950000003,False
ALGO,-15.870254750000006,False
WCT,-14.64504027,False
NOT,-14.06895858,False
AI16Z,-13.315331400000002,False
GOAT,-13.127367349999998,False
NXPC,-13.024466549999998,False
WLFI,-11.720904090000001,False
PNUT,-11.377345649999999,False
AIXBT,-8.85034918,False
2Z,-8.509405600000001,False
MELANIA,-5.987078939999996,False
OP,-5.22242073,False
MOVE,-5.07267218,False
RENDER,-4.789237269999998,False
SOPH,-4.153015259999999,False
GMX,-3.8566111700000003,False
kNEIRO,-2.904403549999998,False
HYPE,-2.9033304500000003,False
XRP,-2.8462349600000008,False
HBAR,-2.452501429999999,False
MERL,-2.3093323699999995,False
INJ,-1.8387743700000003,False
APEX,-1.8232480000000033,False
MAVIA,-1.6502766899999992,False
CHILLGUY,-1.1701250300000043,False
SUI,-1.00510853,False
EIGEN,-0.9967602499999999,False
ZK,-0.5303953699999989,False
CFX,-0.38169801999999986,False
