coin,fundingRate_avg_5d,isNew
ACE,-266.19208050247937,False
POLYX,-50.70330931239669,False
GMT,-48.5014970677686,False
ME,-28.03828765289256,False
ZETA,-26.49553654214876,False
kNEIRO,-26.046835586776858,False
ZORA,-24.233812413223145,False
YGG,-22.973667590082645,False
W,-20.331354763636362,False
GAS,-20.029436657851242,False
SOPH,-16.609967038016528,False
TURBO,-16.571930538842974,False
NEO,-13.713360099173556,False
ATOM,-12.743248016528925,False
SEI,-12.347406783471076,False
STX,-11.841216337190083,False
SUPER,-11.059692575206611,False
AERO,-9.390488330578513,False
OP,-9.382292300826446,False
HYPER,-8.878864512396694,False
S,-8.396719904132231,False
AIXBT,-8.205327659504132,False
MERL,-8.109276069421488,False
MOVE,-7.979995120661159,False
TIA,-7.936754023140497,False
WCT,-7.853827953719008,False
CAKE,-7.2781511603305775,False
VIRTUAL,-6.284806978512397,False
SKR,-5.351682366942147,False
KAS,-5.209166578512397,False
MINA,-5.162534419834709,False
MORPHO,-4.69676232396694,False
TRB,-4.0219585289256194,False
FIL,-3.451251044628099,False
2Z,-3.1420672066115696,False
BLUR,-3.1202091966942134,False
BSV,-3.088056376859503,False
XAI,-3.0019202380165284,False
UMA,-2.752945110743801,False
SAND,-1.1419275371900817,False
AVNT,-0.6033301586776841,False
REZ,-0.14968812892561809,False
ALT,-0.12443978181818127,False
IO,-0.03370790082644625,False
