coin,fundingRate_avg_5d,isNew
DOOD,-498.8653012500001,False
0G,-234.22191254999998,False
REZ,-89.61717031,False
KAITO,-55.455956719999996,False
BLAST,-42.6794938,False
CELO,-36.16687763999999,False
APT,-32.3871581,False
BIO,-9.900011070000001,False
MAV,-6.334677199999997,False
