coin,fundingRate_avg_5d,isNew
MOVE,-360.3990954842975,False
BERA,-302.01515138181816,False
IP,-280.4236235603306,False
AVNT,-273.0882087867769,False
BLUR,-255.7567160231405,False
ANIME,-253.33143545454547,False
KAITO,-175.65448400330578,False
VVV,-156.13533834049588,False
HYPER,-151.73839317024797,False
GMT,-150.5238285818182,False
BLAST,-145.62226397355374,False
ME,-126.73492426115702,False
POLYX,-78.23699707438017,False
LAYER,-55.50924947107439,False
0G,-51.66035668760331,False
REZ,-47.59591143471075,False
IO,-37.17619405289256,False
ZORA,-36.64847717355373,False
XAI,-33.544481940495864,False
FTT,-25.305898135537195,False
MEME,-24.84045110082645,False
kLUNC,-18.704344760330578,False
BSV,-18.488155923966946,False
USUAL,-18.00182678677686,False
ACE,-16.97881443966942,False
ZEC,-15.946947976859501,False
TNSR,-13.5399678446281,False
ATOM,-13.094575418181817,False
WCT,-12.900261242975203,False
ZETA,-12.664490548760332,False
TRUMP,-9.656790882644627,False
MELANIA,-9.622298925619834,False
MEW,-8.773538181818182,False
IMX,-8.614174234710742,False
AR,-7.549049454545454,False
ZEREBRO,-7.148124525619836,False
WLFI,-6.293107983471075,False
2Z,-4.700284423140495,False
SCR,-4.480980357024792,False
FIL,-4.232520694214876,False
NOT,-4.079471186776858,False
GMX,-3.9207262314049585,False
STX,-3.8254369785123954,False
TURBO,-2.9438508495867763,False
APT,-2.5436136892561976,False
BCH,-2.4301333190082643,False
FOGO,-2.3839739107438,False
TRX,-2.314826380165289,False
USTC,-1.994966925619835,False
PROVE,-1.3042648165289257,False
SAND,-1.1051427768595035,False
ADA,-0.9512693950413221,False
SUPER,-0.871769861157023,False
NEO,-0.7369194347107426,False
SOPH,-0.5012406842975196,False
CELO,-0.4967072033057837,False
