coin,fundingRate_avg_5d,isNew
TRUMP,-87.0359074016529,False
SOPH,-81.58051894214877,False
MOVE,-46.73648159008264,False
TRX,-35.30505732892561,False
kNEIRO,-34.63489054214877,False
BRETT,-34.63234073057851,False
STABLE,-34.494171639669425,False
LAYER,-28.88977847603305,False
ME,-23.154827285950415,False
EIGEN,-20.72647347768595,False
IO,-18.953384320661158,False
GAS,-18.45040104793389,False
UMA,-16.33022910743802,False
MINA,-16.271775292561987,False
XLM,-16.101955814876035,False
HYPER,-14.62803006942149,False
0G,-11.68361959338843,False
AVAX,-10.970928436363636,False
IP,-10.243241028099172,False
CHIP,-9.950222647933884,False
MOODENG,-9.822121041322314,False
XAI,-9.548450677685953,False
ZORA,-9.143073352066116,False
SKR,-8.258546469421487,False
ALT,-7.2946380595041305,False
ADA,-6.982994181818182,False
KAITO,-6.277326952066115,False
2Z,-5.841104290909089,False
POLYX,-4.981926386776859,False
NOT,-4.362666783471075,False
BABY,-3.912275365289255,False
ETC,-3.5429754842975183,False
kLUNC,-3.417964492561983,False
DOT,-3.253391603305785,False
IOTA,-2.2049144429752063,False
ORDI,-1.8092353785123967,False
OP,-1.4814723768595033,False
SEI,-1.230013319008264,False
RENDER,-1.0372361256198341,False
APE,-0.8463716528925608,False
BNB,-0.6439193652892563,False
AIXBT,-0.10930742479338747,False
