coin,fundingRate_avg_5d,isNew
STABLE,-209.20076469999998,False
SUPER,-191.14287953,False
SKR,-166.47291205000002,False
BIO,-127.19893176000002,False
YZY,-110.74765249000001,False
BLAST,-110.29455025000001,False
UMA,-66.57497435,False
WLD,-64.48344331999999,False
BLUR,-63.635089150000006,False
kNEIRO,-59.11261651,False
MOVE,-51.939971580000005,False
COMP,-44.9133595,False
MEME,-37.26783298000001,False
AXS,-32.58359234,False
IP,-32.35511913,False
USTC,-31.610676809999998,False
2Z,-30.8071096,False
APE,-29.736144849999995,False
ALT,-29.4183576,False
REZ,-28.45053017,False
MORPHO,-26.26593509,False
AERO,-19.614651780000006,False
MET,-19.12526124,False
JTO,-18.72876685,False
JUP,-17.08389508,False
FET,-16.667825740000005,False
PNUT,-16.65172413,False
AVNT,-16.117326170000002,False
BOME,-15.619793210000008,False
BABY,-13.217211370000001,False
IMX,-12.42470658,False
W,-12.20683078,False
KAITO,-11.405038199999998,False
DYM,-10.904506399999999,False
SAND,-10.41333028,False
DOT,-10.2119919,False
BANANA,-9.839878780000001,False
kLUNC,-9.688912590000001,False
INIT,-9.013149400000001,False
MERL,-9.01255883,False
EIGEN,-8.081932930000002,False
AZTEC,-6.369539809999997,False
PROVE,-6.2254838,False
PYTH,-6.165287269999999,False
S,-6.15175015,False
ARB,-6.05052032,False
TAO,-5.1966750899999985,False
XAI,-4.792485769999999,False
CAKE,-4.51835471,False
0G,-3.702095719999998,False
MANTA,-2.558604009999999,False
SAGA,-2.1252271,False
TRUMP,-1.7460731299999999,False
TURBO,-1.7113820699999995,False
NOT,-1.1867836299999994,False
GMX,-1.17218363,False
USUAL,-0.9301820599999989,False
ETH,-0.9247596200000001,False
STRK,-0.7964336499999999,False
WLFI,-0.3142657299999992,False
TIA,-0.0083132399999999,False
