coin,fundingRate_avg_5d,isNew
SUPER,-1625.05579444,False
RESOLV,-1578.1494926000003,False
MERL,-977.63780291,False
TNSR,-916.02292306,False
TURBO,-598.1358492100001,False
OM,-436.16357622999993,False
ACE,-433.39893483,False
BANANA,-299.7429785999999,False
DYM,-222.92817087999995,False
COMP,-188.20977895,False
ALT,-138.90129531,False
KAITO,-138.75421563999998,False
LAYER,-137.14735716,False
ZORA,-121.91798911999999,False
ARK,-107.94099958999999,False
BLAST,-93.67966046000001,False
DOOD,-92.48192245,False
0G,-88.97408484000002,False
HEMI,-80.17629274000002,False
MEME,-79.88809092999999,False
REZ,-75.22619559,False
IP,-74.72087060999999,False
MOODENG,-58.61236064999999,False
IO,-58.21915782999999,False
ZETA,-53.23700492,False
XAI,-52.17095379999999,False
USUAL,-50.033206470000025,False
APT,-49.25016102,False
ME,-48.96926723999999,False
WLFI,-47.95252908,False
2Z,-47.0102188,False
MEW,-43.405176579999996,False
ZRO,-38.598190089999996,False
BRETT,-37.383873050000005,False
UMA,-32.88848340999999,False
FET,-32.55664731,False
AERO,-28.959170809999996,False
GRASS,-27.6412821,False
MINA,-25.46155393,False
GMX,-23.859758730000003,False
BABY,-22.97910133,False
ATOM,-22.60294182,False
HYPER,-21.245181239999997,False
WCT,-20.656953810000005,False
IMX,-18.19335127,False
TRUMP,-17.10512129,False
BERA,-16.95115845,False
AIXBT,-16.887665969999997,False
BSV,-16.721017920000005,False
AR,-15.906912429999998,False
AVAX,-15.00755608,False
ZK,-14.420470369999999,False
FXS,-13.43988765,False
PROMPT,-13.25075925,False
INJ,-12.746697170000001,False
ANIME,-12.56436726,False
MAV,-12.212179489999997,False
MANTA,-9.62992786,False
DOT,-8.63234417,False
PROVE,-8.23582058,False
GMT,-7.9171493,False
BIGTIME,-7.879694459999999,False
ADA,-7.840324100000001,False
SEI,-7.7659531600000005,False
STRK,-7.28381955,False
BCH,-6.8441442,False
VVV,-6.3202962,False
JUP,-6.29967005,False
GOAT,-6.066400009999998,False
kNEIRO,-5.970065559999998,False
PYTH,-5.96063761,False
W,-5.941635709999999,False
kFLOKI,-5.802356819999999,False
SUSHI,-5.59578215,False
kSHIB,-5.558702530000001,False
GAS,-5.415916719999999,False
SPX,-5.21734066,False
BIO,-5.041747919999999,False
kLUNC,-4.887576299999999,False
POLYX,-4.885279719999999,False
MORPHO,-4.79841775,False
ENA,-4.592493510000001,False
SKY,-2.844382219999999,False
TIA,-2.8194600199999993,False
INIT,-2.4381802899999983,False
FIL,-1.69333136,False
ICP,-1.6584066999999998,False
