coin,fundingRate_avg_5d,isNew
ZORA,-731.3988807499999,False
GAS,-527.0617563799999,False
0G,-309.21769459,False
SOPH,-231.40719461,False
ARK,-203.88365858999998,False
YZY,-173.04843012000003,False
INIT,-119.11628999999999,False
STABLE,-80.22046212,False
POLYX,-64.75614211999999,False
MERL,-63.93871513000001,False
AXS,-61.98540449,False
FET,-50.37950314,False
2Z,-50.0984984,False
XAI,-45.1861021,False
SKR,-44.563582190000005,False
RESOLV,-44.49031063,False
DYM,-44.04168475,False
TRX,-43.685545489999996,False
YGG,-40.40992745,False
ZETA,-38.41325992,False
IMX,-38.190499689999996,False
STRK,-38.00866034,False
kLUNC,-36.49130059000001,False
WLFI,-35.62080114,False
MINA,-32.941509149999995,False
BANANA,-28.338065640000003,False
SOL,-27.46525209,False
ICP,-26.557050330000003,False
MANTA,-25.139775770000004,False
NEO,-25.025462880000003,False
SKY,-24.53467731,False
W,-22.82543414,False
PYTH,-22.2053663,False
STX,-20.42412761,False
PROVE,-19.573727250000005,False
XRP,-18.758501940000002,False
MEME,-18.277934910000003,False
SUSHI,-18.24902764,False
POPCAT,-16.094978680000004,False
JTO,-15.69142665,False
APT,-15.23932597,False
JUP,-14.723270720000002,False
AR,-14.085931810000002,False
TAO,-14.085204,False
ATOM,-13.510292500000002,False
EIGEN,-13.346307490000001,False
TON,-13.25957254,False
TIA,-13.250370160000001,False
USTC,-12.58796451,False
MNT,-12.305912220000002,False
SEI,-12.29364019,False
kSHIB,-12.13367967,False
kBONK,-11.731717580000002,False
AVAX,-11.00705972,False
RSR,-10.944792909999999,False
CAKE,-10.61647979,False
ETH,-10.30137456,False
OP,-9.669537659999998,False
DASH,-9.159581560000001,False
ADA,-8.81529896,False
KAS,-8.151782980000002,False
WLD,-7.70145255,False
BLUR,-7.697167449999999,False
LINEA,-7.41664816,False
DOGE,-6.251074679999999,False
FIL,-5.711963839999999,False
BSV,-5.482939479999997,False
ENS,-5.0016504799999995,False
BNB,-4.325879259999999,False
RUNE,-3.9183691699999983,False
kFLOKI,-3.4032264199999998,False
ETHFI,-2.9159171099999988,False
ZEN,-2.8569228900000003,False
ARB,-2.28707905,False
DOOD,-2.256903039999998,False
GMT,-2.2402312999999996,False
SUPER,-2.0541404300000004,False
ALT,-2.050329099999999,False
MON,-0.5233793399999992,False
ETC,-0.18839036999999925,False
GMX,-0.15869104999999997,False
DOT,-0.1234327799999998,False
WIF,-0.023730109999999895,False
