coin,fundingRate_avg_5d,isNew
YZY,-375.30122272,False
0G,-205.80585225000002,False
TRUMP,-157.78724941000002,False
STABLE,-146.69266123,False
BLAST,-141.36438393000003,False
BIO,-119.08567161000002,False
FET,-105.21663228999999,False
DOT,-104.95731731,False
REZ,-81.84074384,False
JTO,-69.07001215000001,False
AXS,-59.24231853,False
BERA,-55.29767228,False
SUPER,-54.83276521,False
POL,-52.09805307999999,False
COMP,-47.867556349999994,False
W,-42.41808445,False
TURBO,-40.68112902,False
IMX,-39.244502159999996,False
POLYX,-36.59331809,False
GAS,-35.719592039999995,False
RESOLV,-35.5028492,False
BLUR,-32.80920395,False
HYPER,-32.42079942,False
EIGEN,-32.34100823000001,False
APT,-31.749975410000005,False
AVNT,-30.232236059999995,False
MOVE,-28.823333140000003,False
SEI,-28.255505559999996,False
ZETA,-28.0402125,False
2Z,-25.55402084,False
WLFI,-25.54610399,False
SAND,-24.288250480000002,False
KAITO,-23.60105476,False
kLUNC,-21.45505989,False
OP,-21.18867778,False
XAI,-19.97843487,False
APE,-19.84111165,False
ARK,-19.62328257,False
STX,-19.537911260000005,False
NEO,-19.3460366,False
PROVE,-19.235835799999997,False
kNEIRO,-19.150066640000002,False
IP,-19.07583951,False
SAGA,-18.777263669999996,False
MEW,-18.06031899,False
BABY,-17.259422120000004,False
BSV,-16.53442481,False
IOTA,-16.01805201,False
S,-15.184170819999999,False
ME,-14.453146629999999,False
DYM,-12.676415689999999,False
HBAR,-12.5157259,False
GMT,-12.41980171,False
GRIFFAIN,-10.136842780000002,False
ALT,-9.240770699999999,False
USTC,-9.016404469999996,False
NOT,-8.220132149999998,False
XLM,-8.047133830000002,False
STRK,-7.48383882,False
USUAL,-7.4057989,False
kFLOKI,-6.95824904,False
ADA,-5.933909389999999,False
ARB,-5.506470299999999,False
ICP,-5.0028871,False
IO,-4.84223016,False
BIGTIME,-4.61923122,False
SUI,-4.60164041,False
ZEN,-4.284867129999999,False
MINA,-4.147755609999998,False
SUSHI,-3.94371039,False
KAS,-3.359186249999999,False
INJ,-3.2349738300000004,False
TIA,-3.2237179599999997,False
ANIME,-3.12400507,False
CHILLGUY,-3.000648209999999,False
MORPHO,-2.31832378,False
BCH,-2.19538302,False
TNSR,-2.173739979999999,False
kSHIB,-1.8300238599999994,False
MELANIA,-1.5670800499999988,False
PYTH,-1.42808221,False
ETH,-1.27700068,False
AERO,-1.2081032799999987,False
AIXBT,-1.036075129999999,False
PENGU,-1.0209619399999992,False
DASH,-0.757405659999998,False
INIT,-0.3539310099999991,False
BTC,-0.27648896000000006,False
