coin,fundingRate_avg_5d,isNew
YZY,-487.8135647999999,False
BERA,-425.16914697000004,False
ARK,-409.1682266,False
AXS,-335.91752416,False
RESOLV,-275.29165342,False
WCT,-206.88130723,False
0G,-206.57703155,False
PROVE,-189.78538247999998,False
WLFI,-171.43766103,False
ZORA,-143.39142968000002,False
SKR,-129.46052139999998,False
STABLE,-125.21527063999999,False
SOPH,-106.2502955,False
AVNT,-73.73009927999999,False
HYPER,-71.73078039,False
INIT,-70.67347029,False
ANIME,-68.79318447,False
OM,-62.14531172,False
2Z,-60.414415289999994,False
LINEA,-54.48190823,False
BSV,-52.90278683000001,False
DYM,-50.26942133000001,False
FOGO,-45.32482108,False
JTO,-44.51445976,False
MINA,-43.25715959,False
FET,-41.735807470000005,False
GAS,-38.764116900000005,False
SOL,-38.34825561,False
AERO,-38.29414655,False
ZETA,-34.7047694,False
ICP,-32.663474050000005,False
XAI,-31.303859999999997,False
POLYX,-29.54832023,False
MANTA,-28.769218239999997,False
IP,-28.0285982,False
kLUNC,-26.6765725,False
PYTH,-25.60628592,False
LAYER,-24.57944748,False
RSR,-24.19024068,False
JUP,-22.67003101,False
USTC,-21.965159799999995,False
NXPC,-20.27540033,False
W,-20.18283414,False
kFLOKI,-19.84494853,False
STRK,-19.41282065,False
APT,-19.2189509,False
AR,-18.929781840000004,False
XRP,-18.730741499999997,False
MEME,-18.47765999,False
NEO,-18.32758951,False
SUSHI,-18.04396918,False
BABY,-17.89460753,False
ZEN,-17.82099433,False
DASH,-15.93370416,False
kSHIB,-14.093024490000001,False
KAS,-13.604428190000002,False
ENS,-13.462100820000002,False
YGG,-12.52707448,False
FIL,-11.865768209999997,False
VVV,-9.98577001,False
SEI,-8.30544798,False
DOT,-7.85075069,False
CFX,-7.15998746,False
IMX,-7.073808039999999,False
SNX,-7.0294364499999995,False
TRX,-7.021425430000002,False
KAITO,-6.972741729999999,False
TAO,-6.40637853,False
ETC,-6.334518790000001,False
SUI,-5.6764624800000005,False
MON,-5.35476827,False
BTC,-5.292754039999999,False
TON,-5.20326699,False
ACE,-5.011386489999999,False
BIGTIME,-4.6311586899999995,False
STX,-4.548787679999999,False
DOGE,-3.61022449,False
ONDO,-3.0388118799999995,False
COMP,-3.035296929999999,False
BNB,-2.5419585500000004,False
BLUR,-2.250465899999999,False
GMX,-1.8096765699999993,False
ARB,-1.26925319,False
ALT,-0.9578103699999997,False
ADA,-0.45821807999999997,False
LTC,-0.4135501099999999,False
