coin,fundingRate_avg_5d,isNew
PROVE,-433.56893066,False
CHIP,-226.70892994000002,False
ALT,-131.58995549,False
HYPER,-52.85554634000001,False
FOGO,-50.51630660000001,False
LAYER,-43.27328893999999,False
TST,-37.64491813,False
WLD,-31.87951682999999,False
BIO,-25.23966605,False
TRUMP,-23.288944720000003,False
BABY,-22.459381480000005,False
STABLE,-22.220894860000005,False
JTO,-22.01155203,False
POL,-19.58598322,False
MINA,-16.829923700000002,False
SAGA,-15.52715767,False
BSV,-14.903823080000008,False
CAKE,-13.20442031,False
MERL,-12.95439531,False
ACE,-12.797569410000001,False
IO,-10.610048489999999,False
kLUNC,-10.100469799999999,False
MOVE,-8.59058306,False
0G,-7.794983070000002,False
BCH,-7.165176299999999,False
ICP,-6.269249489999999,False
BLAST,-6.095026960000001,False
STX,-6.009805300000001,False
SKY,-5.972563619999998,False
POLYX,-5.939061729999997,False
SNX,-5.18063407,False
ZORA,-4.91860641,False
BLUR,-4.79755416,False
BIGTIME,-4.460935829999999,False
W,-4.299322589999998,False
BANANA,-3.5672888100000026,False
YGG,-3.498174599999999,False
2Z,-3.2481554399999992,False
ANIME,-2.8845592299999985,False
kFLOKI,-2.2028071199999997,False
OP,-1.2468560599999998,False
APT,-1.1065770699999995,False
MOODENG,-0.21279499999999973,False
GAS,-0.1392832699999991,False
MEGA,-0.10831958999999944,False
