coin,fundingRate_avg_5d,isNew
YZY,-357.96379955702474,False
ZETA,-283.5100582512396,False
BLUR,-218.899998446281,False
FTT,-190.58445968925622,False
SUPER,-181.54550581487604,False
BLAST,-147.42961703801652,False
MOVE,-139.05244930909092,False
COMP,-130.65404328595042,False
STABLE,-118.97963544793389,False
SAGA,-90.8737966115703,False
FET,-78.0757949752066,False
WLD,-74.96012287933885,False
UMA,-63.30711695206612,False
ACE,-62.98914849917356,False
MEME,-57.383371834710736,False
IP,-57.26324110413223,False
ALT,-53.140627279338844,False
BIO,-49.55289688264462,False
kNEIRO,-49.05161782809917,False
AXS,-34.032779543801645,False
KAITO,-33.16137239008264,False
BOME,-30.392704165289246,False
0G,-26.938964122314044,False
XAI,-25.108357239669427,False
JTO,-22.484105216528928,False
kLUNC,-21.901647748760332,False
BANANA,-21.01754076694216,False
BERA,-17.42637369917356,False
2Z,-16.3813940231405,False
TRUMP,-15.858375689256205,False
PROVE,-15.768839077685952,False
USTC,-14.832336436363637,False
DYM,-14.0633640892562,False
S,-13.741284952066115,False
PNUT,-13.702564304132233,False
OP,-13.03209996694215,False
TIA,-12.308534826446282,False
AERO,-12.08131707768595,False
SAND,-12.008265193388429,False
ARB,-11.860550598347109,False
W,-11.026390095867768,False
TAO,-10.765820638016528,False
USUAL,-10.70291008264463,False
EIGEN,-10.476995474380164,False
PYTH,-10.164977305785124,False
IO,-9.889091603305785,False
ETH,-9.76751438677686,False
TURBO,-9.50616376859504,False
DASH,-8.555987563636362,False
JUP,-8.198264638016528,False
GAS,-7.40637149752066,False
IMX,-5.293135160330578,False
INIT,-5.061344112396693,False
ANIME,-4.845308757024793,False
TON,-4.5025466082644625,False
REZ,-3.9980792033057853,False
BTC,-3.644764512396694,False
STRK,-3.223074039669421,False
APE,-2.965536555371903,False
YGG,-2.382485434710744,False
LAYER,-2.311024105785124,False
MANTA,-2.0068682181818174,False
AVNT,-1.935682720661157,False
APT,-1.6405547008264465,False
ENA,-1.6134247636363628,False
ARK,-1.4456975504132217,False
DOT,-0.9614519900826446,False
SOL,-0.9512874942148758,False
IOTA,-0.4978452793388424,False
SCR,-0.017681444628097988,False
