coin,fundingRate_avg_5d,isNew
TRUMP,-75.99897055537191,False
STABLE,-62.488300928925604,False
kNEIRO,-40.75977249917356,False
MOVE,-38.84014736528926,False
VVV,-32.82198103140496,False
TRX,-32.78103056528926,False
LAYER,-30.041620016528917,False
IO,-29.86631576528926,False
BRETT,-26.36342850247934,False
0G,-24.32938401322314,False
ME,-24.16976884958677,False
EIGEN,-20.278644178512398,False
GAS,-19.14468896528926,False
MINA,-17.747857735537192,False
KAITO,-16.777289553719008,False
HYPER,-16.7346797553719,False
XAI,-16.533782548760332,False
CHIP,-15.59818776198347,False
AVAX,-15.585708019834712,False
IP,-14.968594978512396,False
ADA,-14.203361196694216,False
BLUR,-13.081797401652892,False
kSHIB,-9.225399976859505,False
ZORA,-8.108985034710745,False
SKR,-7.728191454545456,False
DOT,-7.716345907438018,False
XLM,-7.615604459504131,False
ATOM,-7.305563444628098,False
kLUNC,-6.778265018181818,False
UMA,-6.724875352066114,False
BABY,-5.171222023140495,False
POLYX,-4.932589487603305,False
2Z,-4.253777811570246,False
BCH,-3.9258055834710737,False
INIT,-3.7711619008264456,False
MOODENG,-3.0309303173553714,False
ORDI,-2.7080888429752066,False
STRK,-2.5698850016528927,False
IOTA,-1.9291648462809914,False
OP,-1.6998041553718994,False
SUSHI,-1.5418903140495868,False
ETC,-1.4934576495867753,False
SEI,-1.3103960925619829,False
RENDER,-1.277976852892561,False
ICP,-1.0262383438016511,False
NOT,-1.0261637752066108,False
BNB,-0.7222163900826446,False
APE,-0.6029218413223131,False
ALT,-0.25980639669421424,False
ARB,-0.06626831404958686,False
