coin,fundingRate_avg_5d,isNew
MOVE,-314.13511694,False
SOPH,-232.73350167999996,False
STABLE,-129.30885879000002,False
LAYER,-113.62491026000001,False
ME,-75.62681885999999,False
TRX,-56.406161950000005,False
TRUMP,-55.69793639000001,False
ZEC,-55.03812735,False
IO,-43.60947,False
HMSTR,-41.424190180000004,False
CHIP,-38.77120228,False
EIGEN,-34.88619849,False
AVNT,-34.88140384999999,False
kNEIRO,-31.10531679,False
kLUNC,-30.4739084,False
UMA,-30.321869839999994,False
MERL,-25.49537337,False
ALT,-24.474663279999998,False
ZORA,-24.352681009999998,False
IP,-23.066527589999996,False
POL,-21.84738233,False
TON,-20.72022072,False
0G,-20.483671520000005,False
SNX,-19.301366440000002,False
SEI,-19.16297012,False
JUP,-17.631819940000003,False
W,-16.90786726,False
AIXBT,-16.585150320000004,False
XLM,-16.539829,False
WLD,-14.591084510000004,False
S,-14.57187967,False
ZK,-13.855698569999998,False
SAGA,-13.107350020000002,False
BRETT,-12.94355992,False
MOODENG,-12.62794515,False
OP,-12.069254979999998,False
MINA,-11.60759349,False
STRK,-11.46285712,False
VIRTUAL,-9.094909399999997,False
AVAX,-9.09475245,False
ETC,-8.885828639999998,False
AERO,-7.81294034,False
PNUT,-7.38529758,False
APT,-7.359316149999998,False
SAND,-6.95893013,False
ADA,-6.337265779999998,False
BABY,-6.249627089999998,False
FIL,-6.126768089999999,False
HYPER,-5.910316519999999,False
PYTH,-5.184937419999998,False
TIA,-3.9668652600000005,False
INJ,-3.399841409999999,False
SOL,-3.1915366400000003,False
SUSHI,-3.1424127499999996,False
MORPHO,-2.78908034,False
XRP,-2.11282951,False
ZEN,-1.9417569299999997,False
KAS,-1.537939179999999,False
XAI,-1.3847136399999989,False
POPCAT,-1.23116398,False
ICP,-1.1877559900000003,False
ALGO,-1.1606277299999992,False
KAITO,-1.0323221999999996,False
NOT,-0.9079469899999978,False
2Z,-0.7622309599999992,False
PROVE,-0.43536104999999947,False
ARB,-0.3929677599999999,False
APE,-0.36973039999999985,False
JTO,-0.35797885999999973,False
