coin,fundingRate_avg_5d,isNew
TNSR,-192.33608132,False
0G,-122.59565469,False
IP,-107.67987859,False
FOGO,-79.83935466999999,False
TRUMP,-78.76812858000001,False
ZORA,-77.72242329000001,False
LAYER,-77.23458181,False
ME,-70.46927907000001,False
S,-63.146903840000014,False
STABLE,-61.124268750000006,False
BSV,-56.20353293,False
CELO,-51.35720163,False
AVNT,-43.72064973,False
AIXBT,-40.126724679999995,False
PROVE,-39.94563212,False
USUAL,-37.48281287,False
kNEIRO,-35.72468525,False
POLYX,-35.3143194,False
GAS,-33.21807841,False
IOTA,-30.372085079999998,False
SNX,-30.199021060000003,False
SUSHI,-28.44245271999999,False
CHIP,-28.00029172,False
STRK,-26.452804140000005,False
MERL,-25.9780355,False
kSHIB,-25.26859887,False
MINA,-23.466866160000002,False
ADA,-22.38768672,False
NOT,-21.24596015,False
XAI,-20.542501490000003,False
MON,-19.667140970000002,False
BIO,-18.2767691,False
KAITO,-17.883383780000006,False
ANIME,-17.550822789999998,False
AXS,-16.79567721,False
POPCAT,-14.885562129999999,False
TRX,-14.439419709999997,False
ZETA,-14.14968709,False
APT,-13.31865874,False
GMT,-12.529167390000001,False
INJ,-12.24871161,False
YGG,-11.829596709999999,False
SOPH,-11.523452959999998,False
VVV,-11.400550160000007,False
XRP,-10.776663690000001,False
kPEPE,-8.970751,False
KAS,-8.9653636,False
FIL,-8.055657309999997,False
W,-8.01174927,False
ETH,-7.62452004,False
ATOM,-7.57592832,False
kLUNC,-7.37872101,False
WLFI,-7.223803329999999,False
DOT,-6.43757727,False
2Z,-5.679817559999999,False
STX,-5.537635460000001,False
kFLOKI,-5.4456773599999995,False
OP,-5.3883417,False
SKY,-5.009495789999998,False
ZK,-3.7809510499999988,False
VIRTUAL,-3.719114939999998,False
ARB,-3.2410043599999994,False
DOGE,-3.0539988,False
ALT,-2.5524537599999992,False
MOODENG,-2.324725149999999,False
AVAX,-1.7580400199999995,False
IO,-1.4027402599999987,False
ALGO,-0.49783663999999933,False
PYTH,-0.40043565999999986,False
MNT,-0.06789218999999874,False
PENGU,-0.05495074999999954,False
