coin,fundingRate_avg_5d,isNew
ACE,-154.28118204999998,False
VVV,-113.45635034000001,False
STABLE,-77.94637853,False
CHIP,-62.60859892,False
TRUMP,-55.044606099999996,False
AXS,-47.39850142,False
0G,-41.18092059999999,False
BLUR,-41.05587306,False
KAITO,-37.29139884,False
RESOLV,-31.813719009999996,False
GAS,-30.75931723,False
ATOM,-29.54616527,False
MINA,-27.84863276,False
ANIME,-27.80758048,False
ADA,-27.35275909,False
HYPER,-26.39867683,False
kLUNC,-26.37417584,False
BABY,-21.68871756,False
LAYER,-21.37547602,False
kSHIB,-19.19057799,False
S,-15.832174299999997,False
AVNT,-14.585412409999998,False
TRX,-14.440061380000001,False
INIT,-13.935008689999998,False
USUAL,-12.28054472,False
ICP,-12.16749035,False
RSR,-11.582444989999999,False
DOT,-11.564452679999999,False
YGG,-9.252233890000001,False
IP,-8.63452833,False
AVAX,-8.255209379999998,False
ARK,-8.18781286,False
BCH,-7.048085029999999,False
PROVE,-6.38219655,False
SUSHI,-5.6513074099999985,False
MORPHO,-5.06688328,False
MEME,-5.029572979999999,False
BERA,-3.625647929999999,False
OP,-3.4959656199999998,False
ARB,-1.92867606,False
APT,-1.9267371799999997,False
ZORA,-1.777991649999999,False
SUI,-1.3477325699999998,False
WIF,-0.8825042999999996,False
MON,-0.021700709999999256,False
BIGTIME,-0.0017016299999995264,False
