coin,fundingRate_avg_5d,isNew
ME,-292.08330541000004,False
MANTA,-126.99314476000002,False
CELO,-118.05002207,False
STABLE,-93.53189459,False
GAS,-46.079633050000005,False
TRX,-32.301437119999996,False
TNSR,-32.24529647000001,False
PYTH,-27.739321099999994,False
IOTA,-25.931144679999996,False
ZETA,-24.64741194,False
kNEIRO,-22.04732349,False
BSV,-21.899594850000003,False
MINA,-15.884824090000002,False
0G,-14.412803179999997,False
HYPER,-13.139812390000001,False
PROVE,-11.764112059999999,False
TRUMP,-10.966057079999999,False
ALT,-9.833854819999999,False
INJ,-9.59916712,False
OP,-8.80646888,False
HMSTR,-8.729956119999997,False
AVNT,-8.269045069999995,False
kSHIB,-6.617263119999998,False
ATOM,-6.14422458,False
POPCAT,-5.505749059999999,False
LAYER,-5.309409720000001,False
BLUR,-4.58010541,False
TIA,-4.182659829999999,False
ALGO,-3.183795719999998,False
ANIME,-1.942097839999998,False
IO,-1.8842752699999992,False
DYDX,-0.7989733199999992,False
POLYX,-0.5765744399999989,False
GMT,-0.41402314999999895,False
APT,-0.3827368099999987,False
UMA,-0.023558559999999618,False
