coin,fundingRate_avg_5d,isNew
ANIME,-342.36208824793385,False
GMT,-339.1548263702479,False
AVNT,-316.33826901818185,False
POLYX,-208.99474283305787,False
BLAST,-190.55824701818182,False
0G,-171.8714099504132,False
BABY,-163.35897840991737,False
IP,-148.80621411570246,False
ZK,-94.6397162677686,False
VVV,-84.43378415206612,False
BERA,-75.17476387438016,False
FTT,-71.42799676363637,False
TNSR,-61.90716470082645,False
kLUNC,-50.32246867438016,False
GAS,-46.436525434710745,False
REZ,-45.26545750413224,False
CELO,-35.790464132231406,False
WCT,-34.97875239669421,False
ACE,-31.045757821487598,False
XAI,-26.43439319008265,False
TRUMP,-19.698750277685953,False
SKY,-17.795950859504128,False
ATOM,-16.975509530578513,False
SCR,-14.821670231404955,False
STRK,-14.344807685950412,False
ZETA,-13.487682228099175,False
PROVE,-12.367068277685949,False
ZORA,-11.024982704132233,False
USUAL,-10.512954188429752,False
FOGO,-9.135800380165293,False
SUPER,-8.489756895867767,False
FET,-7.30045296198347,False
USTC,-6.93511028429752,False
MINA,-6.118645705785123,False
GMX,-5.837158671074379,False
HYPER,-5.6501790049586775,False
BSV,-5.272667166942146,False
ARK,-5.196652809917353,False
2Z,-4.991776680991736,False
WLFI,-3.7917927867768593,False
SAND,-3.465130938842976,False
MOODENG,-3.393210614876033,False
SOPH,-3.0730724330578503,False
MON,-2.8849981289256186,False
OP,-1.293138168595041,False
EIGEN,-1.1656360066115696,False
AR,-0.8826098181818178,False
