coin,fundingRate_avg_5d,isNew
LAYER,-305.2282513289256,False
STABLE,-128.43229443966945,False
MOVE,-82.32589431074382,False
CHIP,-80.11348463801652,False
kLUNC,-55.89145913057851,False
BANANA,-49.64413409256199,False
BLAST,-48.897855213223146,False
SKY,-23.12348458512397,False
KAITO,-13.293129867768595,False
INJ,-12.996593732231405,False
W,-12.620920046280995,False
EIGEN,-12.417858178512395,False
COMP,-10.849234661157022,False
BLUR,-8.703208413223141,False
MERL,-8.400262274380166,False
NOT,-6.449478327272726,False
ICP,-6.442502181818182,False
WLD,-5.972654152066116,False
WLFI,-5.848349028099172,False
TRUMP,-4.549967166942148,False
ATOM,-3.4013646545454543,False
JTO,-2.7573446578512377,False
BABY,-2.627774122314049,False
BERA,-2.2727472495867764,False
BSV,-1.057602763636362,False
APE,-0.5847111768595027,False
