coin,fundingRate_avg_5d,isNew
PROVE,-438.6024179,False
ALT,-227.17952152,False
CHIP,-212.94390175,False
GMT,-93.40285103000001,False
TST,-61.70920753,False
FOGO,-52.74911526000001,False
STABLE,-51.76822521,False
ME,-43.41822971,False
LAYER,-38.31378646999998,False
TRUMP,-22.54634419,False
MERL,-21.030700669999998,False
MINA,-18.01961857,False
POL,-17.449395860000006,False
SAGA,-16.11654507,False
JTO,-15.584049490000002,False
BIO,-14.725765860000003,False
WLD,-13.113072490000006,False
BLAST,-12.3256047,False
CAKE,-11.71526995,False
BSV,-11.200467380000001,False
COMP,-10.526699279999999,False
BABY,-10.216249990000001,False
SNX,-9.40020562,False
BLUR,-9.30402885,False
ZORA,-8.834792879999998,False
OP,-8.71532035,False
ICP,-7.499014059999998,False
ACE,-6.106184280000003,False
BCH,-5.77952826,False
IO,-5.716936599999998,False
kFLOKI,-4.96509865,False
W,-4.776153479999998,False
DASH,-3.4700002499999996,False
YGG,-3.1807260699999995,False
STX,-2.4383934499999995,False
MOVE,-2.3037763399999998,False
MEGA,-1.0586562199999996,False
TURBO,-1.0041171899999999,False
kLUNC,-0.9646592299999993,False
MOODENG,-0.9019682899999999,False
SKY,-0.7475951899999994,False
XRP,-0.25252670999999993,False
ZEC,-0.04592283999999904,False
