coin,fundingRate_avg_5d,isNew
AVNT,-359.95710932231407,False
GMT,-358.31697524628106,False
ANIME,-343.8090426049587,False
HYPER,-299.8144547702479,False
POLYX,-264.163918244628,False
BERA,-220.71534844958677,False
BLUR,-181.9445506016529,False
VVV,-157.7802933123967,False
BLAST,-139.64939480330577,False
IP,-133.53786931239668,False
0G,-92.82390871735538,False
REZ,-57.94661449586777,False
TNSR,-42.92556159669421,False
MOVE,-39.241642780165286,False
ZETA,-37.073165593388424,False
ZORA,-24.92406638677686,False
MEW,-20.2667580892562,False
CELO,-19.362420575206613,False
FTT,-19.023067586776854,False
FOGO,-18.526741914049587,False
AR,-18.404975742148768,False
IO,-16.987504938842974,False
MEME,-15.511120601652893,False
kLUNC,-14.369680294214875,False
XAI,-14.050335580165289,False
ATOM,-12.08904542479339,False
TRUMP,-11.460511080991733,False
WCT,-11.234462538842976,False
GMX,-10.805498370247935,False
ACE,-10.553046753719006,False
BSV,-8.834286247933882,False
PROVE,-7.744889752066116,False
SCR,-7.634586872727274,False
NOT,-6.337672492561983,False
USTC,-6.164968730578512,False
SKY,-6.038749438016525,False
SUPER,-5.341137788429752,False
2Z,-4.543130747107437,False
ME,-4.14507417520661,False
FET,-3.7788410181818164,False
SAND,-3.1678237785123957,False
BIO,-2.661610165289256,False
ZEREBRO,-2.332521580165285,False
APT,-1.9485244462809923,False
IMX,-1.7696561057851237,False
BABY,-1.7375213851239653,False
STX,-1.5877753388429743,False
TURBO,-1.1923221520661151,False
ZEC,-1.0474056892561978,False
TRX,-1.0403774181818177,False
ETC,-1.005219411570247,False
MELANIA,-0.5704359966942139,False
BCH,-0.4262934545454546,False
SOPH,-0.35312935537190004,False
