coin,fundingRate_avg_5d,isNew
SUPER,-533.8399290199999,False
REZ,-471.78705500999996,False
BLUR,-387.73977521,False
ZETA,-209.32882129999996,False
TNSR,-174.65259344,False
POLYX,-140.42275766,False
FTT,-140.13219284000004,False
ALT,-131.01377087000003,False
BERA,-102.14306803000001,False
2Z,-97.78968091,False
SOPH,-89.31942229,False
ME,-89.14811245999998,False
BLAST,-88.67017708,False
NIL,-75.04534320000002,False
DYM,-73.00200823000002,False
TURBO,-68.16228854,False
AXS,-61.61873644,False
STABLE,-54.410983619999996,False
JTO,-54.26827227000001,False
MOODENG,-46.90231385,False
BSV,-45.59714101,False
APT,-44.65502271999999,False
POL,-41.14668871,False
AVNT,-40.22390739000001,False
XAI,-35.18924995999999,False
0G,-32.985934029999996,False
TRUMP,-32.945265729999996,False
GAS,-32.93061097999999,False
MOVE,-31.92275108,False
EIGEN,-29.566739589999997,False
STRK,-27.199987609999997,False
CELO,-26.372276380000006,False
LAYER,-24.44709264,False
ANIME,-23.183853920000004,False
ZORA,-21.113481210000003,False
MERL,-18.89215326,False
FET,-17.59878087,False
ZEC,-17.570611629999995,False
MEW,-14.397162200000007,False
AIXBT,-13.717047479999998,False
SEI,-13.256037880000003,False
W,-13.104514699999998,False
AERO,-12.997858050000003,False
OP,-12.845468360000002,False
PROVE,-12.780895480000002,False
HYPER,-12.623673919999998,False
BANANA,-12.540229810000001,False
IMX,-12.479334669999998,False
KAS,-12.05562953,False
kNEIRO,-11.72788581,False
S,-11.127177569999997,False
kLUNC,-10.788385300000002,False
DASH,-10.2140067,False
DOT,-8.301371660000001,False
TIA,-7.10788663,False
kBONK,-6.067038029999998,False
kSHIB,-5.009688509999999,False
BABY,-4.695768069999999,False
MEME,-4.068303139999999,False
IO,-3.8905926699999984,False
INIT,-3.8133316599999985,False
ARK,-3.49179586,False
ICP,-3.132611039999999,False
HBAR,-2.4601525600000005,False
BRETT,-2.0067188999999996,False
PENGU,-1.5799995900000001,False
ACE,-1.4343974399999977,False
kFLOKI,-1.1034460999999998,False
SOL,-0.5109759099999998,False
VIRTUAL,-0.49406472999999956,False
VVV,-0.27285647999999935,False
XRP,-0.22147834999999996,False
BTC,-0.15369858000000006,False
ETHFI,-0.0366569499999996,False
