coin,fundingRate_avg_5d,isNew
RESOLV,-964.4761576799997,False
WCT,-889.15500369,False
ZORA,-484.06021504999995,False
KAITO,-298.90412829999997,False
BIO,-177.99526927999997,False
IP,-114.43699219,False
LAYER,-104.96463629,False
BSV,-96.76245995,False
OM,-95.07202815000001,False
ME,-93.42100102,False
REZ,-89.83136399,False
TNSR,-79.85682795000001,False
BLAST,-68.71110107999999,False
MOVE,-63.56564497999999,False
YZY,-62.103497319999995,False
IO,-55.18266808,False
MOODENG,-49.21921850999999,False
MEW,-46.940572419999995,False
DYM,-46.869847099999994,False
MORPHO,-46.824522859999995,False
BERA,-45.07750511,False
TURBO,-42.191299,False
GOAT,-39.86593072,False
GAS,-38.81093617999999,False
ZETA,-38.68778956,False
POPCAT,-38.23206223999999,False
ZEN,-36.57561705,False
USUAL,-36.188417019999996,False
PROVE,-35.35185527,False
XAI,-32.77612035,False
ZK,-30.550967200000002,False
MERL,-24.544222060000006,False
AIXBT,-22.21463657,False
CAKE,-21.71936296,False
SUPER,-21.45207492,False
ANIME,-20.947029530000002,False
HYPER,-17.225725320000002,False
STX,-17.199519780000003,False
TST,-17.13948239,False
APT,-16.757480689999998,False
MANTA,-15.829753620000002,False
COMP,-14.252089300000002,False
BRETT,-13.628249550000001,False
ETHFI,-13.11477485,False
SOPH,-13.09410271,False
BANANA,-12.747145390000002,False
kLUNC,-12.61254872,False
INIT,-12.2333473,False
YGG,-12.222140340000001,False
MAV,-11.74469406,False
kFLOKI,-11.694129150000002,False
ALGO,-11.104349010000002,False
SAND,-10.98660585,False
VVV,-9.42759157,False
MAVIA,-9.390296600000001,False
DOOD,-7.707269189999999,False
GMT,-7.598155359999999,False
PROMPT,-7.566817919999999,False
GRASS,-7.33531521,False
PYTH,-7.272076769999997,False
BABY,-7.260119369999999,False
FXS,-6.76867826,False
APE,-6.4892547,False
SEI,-6.24704362,False
W,-5.685613029999999,False
INJ,-5.051774469999999,False
BLUR,-4.465830479999999,False
OP,-4.245331789999999,False
GMX,-4.20405905,False
MINA,-3.6838296599999993,False
RSR,-3.46780295,False
XLM,-3.37828597,False
ALT,-3.1603576099999997,False
FIL,-2.92349305,False
ETC,-2.621135079999999,False
NXPC,-2.2562577200000002,False
ACE,-1.8865360799999988,False
SUSHI,-1.6986793399999995,False
ATOM,-1.6513694999999993,False
NEO,-1.2662441299999998,False
CELO,-1.134014849999999,False
ADA,-0.9085864699999999,False
PNUT,-0.8153939399999994,False
TRB,-0.24579830000000027,False
WLD,-0.16432810999999956,False
