coin,fundingRate_avg_5d,isNew
POLYX,-223.70046562000002,False
CHIP,-161.14971846999998,False
STABLE,-129.38008342999998,False
kLUNC,-41.99496769,False
SAGA,-36.580600759999996,False
WLD,-30.741837379999996,False
BSV,-29.997876859999998,False
APE,-22.53559494,False
COMP,-21.501059379999997,False
0G,-21.40391025,False
SKY,-18.527241590000003,False
INJ,-18.4833372,False
BIO,-17.186328680000003,False
TRUMP,-14.590807110000002,False
EIGEN,-14.158817200000001,False
W,-13.505561369999999,False
APT,-13.126454120000002,False
AXS,-12.7174468,False
POL,-12.01746221,False
BLUR,-11.13346141,False
ATOM,-9.93918579,False
ICP,-9.51537188,False
MON,-9.142625849999998,False
TURBO,-8.91869762,False
BCH,-8.00136575,False
PENGU,-7.532368490000001,False
JTO,-7.23834931,False
MOVE,-7.05209638,False
MINA,-6.651404489999999,False
BLAST,-6.520935969999998,False
NOT,-6.446255509999999,False
ALT,-6.25188352,False
INIT,-5.849535989999998,False
SAND,-5.12201434,False
kSHIB,-4.728596169999999,False
GALA,-3.4735502399999993,False
CAKE,-2.9597134599999992,False
SEI,-2.25847108,False
MEGA,-2.21169195,False
DASH,-2.079616699999998,False
PYTH,-1.9293834299999997,False
2Z,-1.3867036199999998,False
BANANA,-0.9848495699999975,False
BABY,-0.8334723899999998,False
SOL,-0.77483806,False
SUI,-0.7561274299999999,False
ADA,-0.6594221399999998,False
XRP,-0.1187593199999999,False
KAITO,-0.084574879999999,False
BERA,-0.03641531999999971,False
PROVE,-0.019508519999999297,False
