coin,fundingRate_avg_5d,isNew
YZY,-417.18742730578504,False
ZETA,-286.1677046975206,False
BLUR,-276.4934806909091,False
FTT,-193.79767257520663,False
SUPER,-160.26652827768598,False
MOVE,-136.63243559999998,False
BLAST,-136.57438503471076,False
COMP,-128.1522763338843,False
STABLE,-104.3457550016529,False
SAGA,-101.02953465123971,False
ALT,-89.04268946776858,False
FET,-77.3684177355372,False
ACE,-63.342316224793386,False
WLD,-61.82334525619835,False
MEME,-55.11494015206611,False
kNEIRO,-42.17598649586776,False
IP,-36.37829633057851,False
AXS,-30.597378307438014,False
kLUNC,-29.877944122314048,False
XAI,-29.075498439669424,False
BOME,-27.953639266115697,False
KAITO,-27.932377080991735,False
0G,-27.917320016528926,False
BIO,-27.081823795041323,False
JTO,-21.051200885950415,False
BANANA,-19.354256400000008,False
OP,-18.734028128925623,False
BERA,-18.63101921652893,False
TRUMP,-17.690164085950414,False
PROVE,-16.289751391735535,False
UMA,-15.992701963636366,False
AERO,-15.40629236033058,False
W,-15.385664370247934,False
TIA,-14.903336598347106,False
S,-13.965944201652892,False
TURBO,-13.639891933884295,False
IO,-13.225026297520664,False
USUAL,-12.610722971900827,False
ANIME,-12.483799259504131,False
SAND,-12.421871127272729,False
PNUT,-12.274039973553721,False
ETH,-11.882348519008262,False
2Z,-10.436316495867768,False
USTC,-9.93211623471074,False
DYM,-9.792025011570248,False
EIGEN,-9.760148747107436,False
TAO,-9.754139097520664,False
ARB,-9.496624056198346,False
AVNT,-8.748499061157023,False
INIT,-8.393491735537188,False
PYTH,-8.015599814876033,False
DASH,-7.606501299173552,False
APE,-6.902339196694216,False
GAS,-6.2805971107438,False
WCT,-4.517880228099176,False
STRK,-4.070087127272727,False
BTC,-4.064506790082644,False
JUP,-3.1853886644628093,False
MOODENG,-2.507935150413223,False
DOT,-2.3947443669421484,False
LAYER,-2.0548954611570243,False
TON,-1.97493548429752,False
REZ,-1.6178054876033048,False
YGG,-1.5327538512396688,False
IOTA,-1.392901537190082,False
ENA,-1.351911252892561,False
SOL,-0.9990425256198345,False
ARK,-0.9075671305785111,False
APT,-0.6553037454545456,False
MANTA,-0.25868641983470964,False
TNSR,-0.10927991404958634,False
IMX,-0.06618288595041286,False
