coin,fundingRate_avg_5d,isNew
YZY,-540.7826155338844,False
ZETA,-293.9674834512397,False
BLUR,-272.56554736859505,False
FTT,-193.91150406942148,False
BIO,-141.0621648892562,False
COMP,-130.64086925950411,False
BLAST,-129.3653473785124,False
MOVE,-128.4096654049587,False
SAGA,-105.98930837355375,False
FET,-87.10715588429753,False
STABLE,-85.31885835371901,False
ALT,-84.17682149752065,False
ACE,-63.49137305454545,False
WLD,-39.35675280000001,False
kLUNC,-36.55802691570248,False
IP,-35.71416163636363,False
XAI,-33.93027089256197,False
0G,-33.808160112396685,False
TURBO,-30.604932178512392,False
KAITO,-28.970468211570246,False
BERA,-27.565582125619834,False
MEME,-23.150287289256195,False
AXS,-22.434008876033054,False
TRUMP,-22.202836095867767,False
kNEIRO,-22.19115633719008,False
W,-21.05589074380165,False
OP,-19.65385925950413,False
JTO,-18.65245225785124,False
BANANA,-18.303681183471078,False
AERO,-17.58916418181818,False
SUPER,-17.34830979173554,False
S,-17.18384549752066,False
BOME,-16.829797428099173,False
PROVE,-16.290120614876034,False
TIA,-15.928309447933882,False
UMA,-15.62978674710744,False
EIGEN,-15.464932234710743,False
IO,-14.559869305785124,False
USUAL,-13.506573421487602,False
ETH,-13.233873897520661,False
DOT,-12.760007127272726,False
DYM,-12.533451084297521,False
SAND,-12.22792617520661,False
ANIME,-11.383406429752066,False
AVNT,-11.354018439669417,False
APE,-10.46530196033058,False
INIT,-10.090469523966942,False
RESOLV,-8.68908454214876,False
WCT,-8.424381233057852,False
REZ,-7.330541028099172,False
GAS,-7.211713438016528,False
ARB,-7.159980208264463,False
STRK,-6.336315054545454,False
TAO,-5.498665031404958,False
BTC,-4.944648604958677,False
PNUT,-4.846032723966942,False
DASH,-4.349209685950412,False
2Z,-3.9328910479338846,False
HYPER,-3.7124402181818184,False
PYTH,-3.3400461024793375,False
MEW,-2.5694723404958673,False
YGG,-2.472386925619834,False
SPX,-1.6752088264462803,False
SEI,-1.4329122942148755,False
ARK,-1.4102065190082633,False
SUI,-1.2349543933884295,False
SOL,-1.0531221322314048,False
IOTA,-1.0328481619834708,False
MOODENG,-1.0024683371900818,False
INJ,-0.746420052892562,False
APT,-0.7360209917355374,False
LAYER,-0.6056859471074375,False
IMX,-0.024397685950412838,False
