coin,fundingRate_avg_5d,isNew
BLAST,-186.99435961000003,False
CHIP,-71.91434619,False
IO,-67.44735136,False
kLUNC,-60.932734270000005,False
STABLE,-58.408243159999984,False
WIF,-53.78320917000001,False
HYPER,-53.03585926,False
COMP,-51.58367172,False
NIL,-30.617390629999996,False
STX,-30.151151310000003,False
XAI,-22.091188459999998,False
BABY,-21.24020994,False
MEGA,-20.97788809,False
BLUR,-19.71604951,False
2Z,-19.013356620000003,False
KAITO,-18.023810230000002,False
YZY,-18.019746320000003,False
REZ,-13.273039579999999,False
BANANA,-13.127319900000003,False
ATOM,-10.34570965,False
BIO,-9.873641280000001,False
APE,-9.51601793,False
FTT,-8.63660737,False
DYM,-7.6285854099999995,False
kNEIRO,-6.53089536,False
APT,-6.484126449999999,False
ARB,-5.800702639999998,False
MINA,-5.126678309999999,False
BERA,-4.610847899999999,False
EIGEN,-3.640281509999998,False
WLD,-3.162812599999997,False
USTC,-3.057431989999999,False
ORDI,-2.9086163800000002,False
S,-2.5965494099999993,False
TRUMP,-1.5253890199999978,False
SUI,-1.3172514200000003,False
MERL,-0.45600836999999955,False
0G,-0.41256168999999854,False
SCR,-0.17828643999999977,False
