coin,fundingRate_avg_5d,isNew
TNSR,-522.21916998,False
LAYER,-392.34119807999997,False
ACE,-154.86514993,False
0G,-131.65911276999998,False
ME,-80.55766591,False
CHIP,-75.58169099,False
VVV,-56.708466630000004,False
S,-55.820262490000005,False
AXS,-52.38344804,False
STABLE,-50.554883450000005,False
kNEIRO,-48.14007192,False
AIXBT,-46.82207955,False
TRUMP,-46.5288641,False
MINA,-44.56382893000001,False
RESOLV,-43.60044939,False
2Z,-43.11229766,False
PROVE,-38.64354937,False
kLUNC,-38.286058149999995,False
KAITO,-35.61845638,False
BIO,-34.788312059999996,False
SUSHI,-34.71946576,False
AVNT,-32.882915700000005,False
USUAL,-28.598539860000002,False
ADA,-27.2571123,False
XAI,-24.783278080000002,False
BABY,-24.776156930000006,False
ATOM,-23.843906049999998,False
STRK,-23.33509532,False
GAS,-21.29811208,False
MEME,-20.88988513,False
ZORA,-20.888260879999997,False
ANIME,-20.8527201,False
IOTA,-20.670289450000002,False
kSHIB,-19.72989834,False
YGG,-16.941053789999998,False
BIGTIME,-16.927037060000004,False
SNX,-15.86023623,False
MERL,-12.482084579999997,False
RSR,-12.018127240000005,False
HYPER,-11.677315060000002,False
INIT,-9.638221389999998,False
VIRTUAL,-9.124582439999998,False
BLUR,-8.99843625,False
INJ,-8.36198721,False
TRX,-7.72589879,False
SOL,-7.670223880000001,False
IO,-7.240499890000001,False
kFLOKI,-7.110630700000001,False
DOT,-7.077641999999999,False
AVAX,-7.04456862,False
BERA,-6.81339733,False
ALT,-6.43993225,False
ARB,-6.358528489999999,False
SUPER,-6.125051860000001,False
XLM,-6.1013224799999985,False
NOT,-6.049953109999999,False
STX,-5.80968529,False
RUNE,-5.067512539999999,False
ETC,-5.038078209999999,False
RENDER,-4.9992152,False
MORPHO,-4.69279843,False
SKY,-4.229536779999999,False
UMA,-4.147954169999999,False
PENGU,-3.883920469999999,False
TIA,-3.5609013099999998,False
ARK,-3.1954749899999992,False
DOGE,-2.38652695,False
CRV,-2.22203021,False
FIL,-2.0781647299999997,False
OP,-1.2132607299999998,False
MET,-0.4527124199999993,False
