coin,fundingRate_avg_5d,isNew
HYPER,-352.99318045999996,False
BLAST,-223.81921691,False
CHIP,-136.37624648000002,False
STABLE,-131.82980282999998,False
YZY,-127.41773101,False
APE,-120.82760199,False
0G,-119.75669345000001,False
AXS,-79.21918828,False
TRUMP,-79.13935767,False
SKR,-66.15051074000002,False
BERA,-46.40656866,False
kLUNC,-37.72583206,False
COMP,-33.45626646,False
kNEIRO,-31.509399529999996,False
TRX,-29.18306473,False
REZ,-28.568029509999995,False
2Z,-27.37290855,False
INJ,-26.59285683,False
WLD,-25.787487979999998,False
AZTEC,-24.835939550000006,False
MINA,-21.783565730000007,False
BANANA,-21.351394050000003,False
TST,-19.70435126,False
BIO,-16.90632696,False
ALT,-16.46147007,False
AVNT,-15.244281209999995,False
POL,-15.20885723,False
STRK,-12.770136010000002,False
DYM,-12.62554418,False
CAKE,-12.40937439,False
MON,-11.773358969999999,False
JTO,-11.53374158,False
KAITO,-11.473118000000001,False
MOVE,-10.979538719999999,False
MORPHO,-10.974672540000002,False
EIGEN,-9.270905099999998,False
SUI,-8.44659129,False
ZK,-7.793465399999999,False
TIA,-6.96554539,False
BLUR,-5.87733074,False
PROVE,-5.28909382,False
JUP,-4.9013565099999985,False
WLFI,-4.810029859999998,False
BABY,-4.493190879999999,False
W,-3.581828950000002,False
SOL,-3.561613059999999,False
NOT,-3.3726138699999995,False
SEI,-3.1128630800000003,False
FET,-2.879506899999998,False
STX,-2.4406681299999997,False
XAI,-1.96854282,False
ADA,-1.8223654299999998,False
ENA,-1.5465254399999993,False
IMX,-1.3557793599999994,False
PURR,-0.8912088199999992,False
ETC,-0.3487042099999996,False
S,-0.18278396999999996,False
PNUT,-0.16024230000000006,False
