coin,fundingRate_avg_5d,isNew
BLUR,-667.37916336,False
VINE,-74.66080913000002,False
STABLE,-59.564605500000006,False
BANANA,-44.119058910000014,False
kNEIRO,-37.13366555,False
0G,-37.11833993,False
IOTA,-32.89855084,False
SNX,-29.064095899999995,False
ME,-23.242981,False
MINA,-22.24262185,False
ATOM,-19.42198653,False
ANIME,-15.437945099999999,False
SAND,-14.375073129999999,False
AIXBT,-14.067976,False
ZETA,-13.899119700000004,False
STX,-12.8725937,False
INJ,-12.46779848,False
ZORA,-11.69169022,False
KAS,-11.645291420000001,False
W,-11.591767820000003,False
HYPER,-11.04621035,False
ALT,-6.80098441,False
OP,-6.715302849999998,False
UMA,-5.614176689999999,False
BIO,-5.486552249999998,False
XAI,-5.39683525,False
MEME,-2.966689339999998,False
CELO,-2.39168878,False
FIL,-1.7078539799999992,False
POLYX,-1.3966746899999996,False
APE,-0.25395604999999893,False
CHIP,-0.183581859999999,False
SEI,-0.025747830000000117,False
