coin,fundingRate_avg_5d,isNew
BERA,-1136.5296751438016,False
ME,-532.7649618247934,False
AVNT,-382.40429938,False
XAI,-377.8572730512396,False
IP,-343.29598605619833,False
RESOLV,-306.31905658,False
KAITO,-275.30840544793386,False
MOVE,-154.14940507438016,False
MEME,-146.7173769123967,False
MOODENG,-133.1052614181818,False
LAYER,-131.6127963272727,False
BLUR,-118.02881925619836,False
IO,-74.09961432396695,False
FOGO,-67.05759487,False
BLAST,-63.77698670082645,False
0G,-57.61263514,False
ANIME,-57.26838633719008,False
ACE,-43.19169401652893,False
WLFI,-41.29882217000001,False
ZEC,-41.17729615,False
GMT,-40.620134479338844,False
EIGEN,-36.277652618181826,False
TURBO,-35.68445365289256,False
DYM,-31.57189572892562,False
BSV,-31.278301795041315,False
ZORA,-30.59710539,False
kLUNC,-27.048662489256202,False
BABY,-24.229638050000002,False
STABLE,-24.144850740000006,False
TRUMP,-24.015783976859506,False
WCT,-21.18798063,False
REZ,-20.654546638016523,False
POLYX,-20.473833629752065,False
AERO,-18.736861089999998,False
SUPER,-18.646328945454542,False
ATOM,-18.497432836363636,False
MEW,-17.970197395041325,False
IMX,-17.048192191735538,False
kFLOKI,-16.655031808264464,False
SKY,-16.063410559999998,False
USUAL,-15.881461547107442,False
APT,-15.337878208264463,False
FIL,-14.550491761983473,False
TNSR,-14.538502145454546,False
ZRO,-12.930490482644629,False
FET,-12.643005381818183,False
SAND,-12.41283601983471,False
LINEA,-11.757631850000001,False
ADA,-11.129273038016528,False
POPCAT,-10.21590910413223,False
kNEIRO,-9.32887150413223,False
BRETT,-9.027245157024794,False
STRK,-8.785207080991734,False
BCH,-8.632077213223141,False
XLM,-8.51335242644628,False
AIXBT,-8.470940995041323,False
PURR,-8.071753586776858,False
PNUT,-7.282766449586777,False
RENDER,-6.870800300826446,False
kBONK,-6.583587411570248,False
MELANIA,-6.576128380165287,False
JTO,-6.526882700826446,False
RSR,-6.48568825785124,False
NOT,-6.4406314512396685,False
DOOD,-6.439263569999999,False
ETC,-6.083124991735538,False
AVAX,-5.140549715702479,False
PENGU,-4.862152571900826,False
2Z,-4.644105970000001,False
GOAT,-3.544233738842974,False
VVV,-3.400119431404958,False
NEO,-2.9630533487603303,False
SYRUP,-2.4117718099999994,False
GMX,-1.841154357024793,False
SNX,-1.509801927272727,False
SEI,-1.311728915702479,False
PYTH,-1.111219755371901,False
ENS,-0.9655547107438012,False
SPX,-0.1584886710743791,False
BIGTIME,-0.09270903471074304,False
