coin,fundingRate_avg_5d,isNew
GMT,-398.30327306,False
AVNT,-367.31248743,False
ANIME,-351.05008398,False
HYPER,-304.7203587699999,False
POLYX,-265.62300781999994,False
BERA,-167.16452062000002,False
VVV,-159.24772026,False
BLAST,-139.63482267,False
IP,-136.98627755,False
0G,-105.89350873000001,False
BLUR,-92.43705154,False
REZ,-55.13077165,False
TNSR,-46.38483948,False
ZETA,-37.37054471,False
FTT,-30.355067319999996,False
MOVE,-25.742168850000002,False
FOGO,-23.573793640000005,False
MEW,-21.03569752,False
CELO,-20.77470792,False
AR,-19.051718850000004,False
kLUNC,-18.33972211,False
ZORA,-18.1108912,False
IO,-17.02356788,False
WCT,-15.716224750000004,False
XAI,-14.967636760000003,False
MEME,-13.48475345,False
ATOM,-12.36493418,False
TRUMP,-11.67700554,False
ACE,-11.397773969999998,False
GMX,-11.36112432,False
FET,-8.975904070000002,False
PROVE,-8.39534602,False
BSV,-8.07181732,False
SCR,-7.822095999999999,False
SKY,-7.36310996,False
USTC,-6.83640912,False
SUPER,-6.4263819899999985,False
NOT,-6.421376379999999,False
2Z,-5.516722419999999,False
SAND,-4.4467438999999995,False
BIO,-2.8437412799999997,False
TURBO,-2.0505123299999997,False
BABY,-2.028511589999998,False
IMX,-1.8756532399999992,False
ZEREBRO,-1.7522905399999977,False
ETC,-1.5523172599999993,False
APT,-1.3479245599999996,False
STX,-1.2615655599999998,False
EIGEN,-1.0432218299999982,False
STRK,-0.948332779999999,False
SOPH,-0.47938588999999915,False
ZEN,-0.39150994999999955,False
BCH,-0.33985076999999975,False
MELANIA,-0.3096732999999994,False
MON,-0.08681451999999833,False
