coin,fundingRate_avg_5d,isNew
BLAST,-197.4838096264463,False
CHIP,-175.98974802644628,False
0G,-86.02665694214878,False
STABLE,-68.87840455537189,False
APE,-60.64125058512397,False
BERA,-59.747530770247934,False
kLUNC,-58.36165750413223,False
WLD,-57.54820390413223,False
TRUMP,-47.43635491239669,False
kNEIRO,-43.90845748760331,False
REZ,-37.54965746776858,False
MERL,-32.50369041322313,False
COMP,-25.074470519008266,False
BIO,-21.60921071404958,False
MON,-21.5875032892562,False
CAKE,-20.721001011570245,False
WLFI,-19.844053338842976,False
SEI,-17.833274251239672,False
XAI,-17.630489662809918,False
KAITO,-17.552970178512396,False
STX,-16.50792896528926,False
AXS,-15.067914555371903,False
IMX,-13.20888473057851,False
TST,-12.753502284297522,False
2Z,-12.49979892892562,False
BANANA,-10.40178906446281,False
ALT,-9.740548066115702,False
SUI,-9.044649322314052,False
MOVE,-8.71976843305785,False
GRIFFAIN,-6.4458056429752055,False
DYM,-5.092550707438015,False
FET,-4.436405712396692,False
STRK,-4.421648370247932,False
ARB,-4.323568224793388,False
TIA,-3.581050353719008,False
XRP,-3.2962888165289255,False
BTC,-3.0422538842975206,False
TURBO,-2.865528485950413,False
GAS,-2.7221019471074377,False
INJ,-2.5049690578512394,False
MANTA,-1.2617049719008262,False
USTC,-1.2057560826446256,False
ZEN,-0.5967007933884296,False
POLYX,-0.4437403338842975,False
SAND,-0.3608888330578509,False
PYTH,-0.15181369586776858,False
GALA,-0.05797020495867734,False
