coin,fundingRate_avg_5d,isNew
AXS,-629.78523573,False
0G,-351.3120401,False
ZORA,-347.27995737,False
GAS,-209.51156220000001,False
YZY,-196.28463818,False
SOPH,-156.61003243000002,False
ARK,-153.25516778000002,False
RESOLV,-107.11478413000002,False
JTO,-104.87217303000001,False
INIT,-79.1676167,False
SKR,-71.71323192,False
2Z,-68.81054606,False
FOGO,-67.68175874,False
ZETA,-59.955711029999996,False
DYM,-56.40393690999999,False
FET,-48.59043592999999,False
XAI,-41.267836589999995,False
MERL,-40.823775399999995,False
POLYX,-40.34321202,False
MANTA,-38.41904517,False
TRX,-37.78961362,False
YGG,-32.36846207,False
IMX,-29.035358719999998,False
BANANA,-28.420335180000002,False
STRK,-27.79774008,False
ATOM,-26.513551089999996,False
EIGEN,-25.1990671,False
POPCAT,-25.11589455,False
MINA,-25.04415745,False
DOT,-24.31172436,False
CC,-22.670320090000004,False
kFLOKI,-22.417113020000002,False
APT,-21.89841517,False
MEME,-20.70713547,False
WLD,-18.01104983,False
SEI,-16.769703810000003,False
SUSHI,-16.51955398,False
PYTH,-16.27900365,False
RSR,-16.187725180000005,False
kLUNC,-15.119416900000001,False
NEO,-14.913967889999999,False
DASH,-14.60166367,False
W,-13.92773132,False
SKY,-13.38808539,False
KAS,-12.96594756,False
AVAX,-12.610671889999999,False
OP,-11.882929050000001,False
XRP,-11.143708420000001,False
SOL,-10.989706159999999,False
PROVE,-10.70028598,False
kBONK,-10.45148957,False
DOGE,-9.91096545,False
WLFI,-9.71497213,False
ENS,-9.420906229999998,False
ADA,-8.74429624,False
BLUR,-8.35807879,False
CAKE,-8.06383331,False
BSV,-7.977867779999999,False
STABLE,-6.361466009999998,False
AR,-6.061413379999999,False
SUPER,-6.0148006899999995,False
TIA,-5.69421316,False
TON,-5.65268054,False
ALT,-5.26498484,False
TAO,-4.447436669999999,False
STX,-4.34284957,False
ETC,-4.313984639999999,False
BNB,-4.0663263,False
FIL,-3.4383883299999995,False
SAGA,-3.0415355099999997,False
ICP,-2.97252131,False
USTC,-2.9167777799999994,False
RUNE,-2.5537852799999996,False
MON,-1.4698988000000002,False
ETHFI,-1.4396008799999997,False
HEMI,-0.9474443699999986,False
JUP,-0.7020701999999992,False
