coin,fundingRate_avg_5d,isNew
VINE,-56.21033580000001,False
IOTA,-35.75308517,False
kNEIRO,-34.50615976,False
SNX,-31.288228509999996,False
STABLE,-29.57282998,False
BLUR,-25.346588420000007,False
ATOM,-20.349928950000002,False
POLYX,-19.29100409,False
TRUMP,-16.80408681,False
UMA,-11.97423672,False
BIGTIME,-11.727315679999998,False
ME,-11.645273169999998,False
AVNT,-11.612280090000002,False
KAS,-10.983397499999999,False
NXPC,-10.97222996,False
STX,-10.587704650000001,False
0G,-9.315435829999998,False
XAI,-7.169392049999998,False
PENGU,-6.97868904,False
CHIP,-6.148019119999998,False
MINA,-5.903445029999999,False
CELO,-5.887263119999998,False
OP,-5.672967239999999,False
ANIME,-5.39521757,False
HYPER,-5.1996666299999985,False
TRX,-3.8853863100000003,False
PROVE,-2.003787219999999,False
BIO,-1.9813594299999975,False
TNSR,-1.9641664699999986,False
ADA,-1.1326825999999999,False
SUPER,-0.04710981999999922,False
