coin,fundingRate_avg_5d,isNew
POLYX,-547.331393890909,False
ANIME,-460.112718138843,False
REZ,-271.476554846281,False
BLAST,-250.47637553057857,False
STABLE,-173.27973207999997,False
AXS,-156.73197382,False
ME,-129.8207298247934,False
RESOLV,-127.90386083305786,False
DOOD,-124.25969431735534,False
TRUMP,-123.29980319999999,False
YZY,-99.23745341000003,False
VVV,-79.07922474049589,False
BANANA,-78.85620310413223,False
NEO,-76.75234503471076,False
NXPC,-72.66565879338843,False
ZETA,-71.03262538512398,False
GAS,-70.00778574545454,False
TURBO,-55.90352621157025,False
HYPER,-52.18897852561984,False
STRK,-51.06815752066116,False
ZORA,-42.5884181553719,False
0G,-42.179571550000006,False
DOT,-38.631803434710726,False
XAI,-37.15112669752067,False
LAYER,-35.49476924628099,False
MERL,-32.749722614876035,False
TAO,-32.69906881983471,False
SOPH,-31.236838036363647,False
YGG,-31.103701963636365,False
JTO,-31.043929080991735,False
MOODENG,-30.64441371570248,False
2Z,-29.70383213,False
POL,-28.534425094214882,False
IP,-27.148380971900824,False
MORPHO,-26.020358667768594,False
ALT,-22.944106571900825,False
BLUR,-22.270083213223145,False
EIGEN,-22.26930712066116,False
MANTA,-20.75760622809917,False
kNEIRO,-18.43043259173554,False
WIF,-17.54380620495868,False
kLUNC,-17.159038046280994,False
USUAL,-16.1196539107438,False
SKY,-16.11757364,False
ZRO,-15.76119109090909,False
APT,-14.859561937190085,False
FET,-13.920891738842975,False
OP,-13.404157438016526,False
GRASS,-12.532966026446282,False
kSHIB,-11.913253943801653,False
TIA,-10.763640773553718,False
S,-10.577829590082642,False
MEW,-10.475675682644626,False
MEME,-8.992821976859503,False
kPEPE,-8.615162449586775,False
COMP,-8.398045487603303,False
PNUT,-8.326857818181818,False
SOL,-8.299538925619835,False
PYTH,-7.377041424793388,False
ICP,-6.844457369999999,False
ATOM,-5.921689775206611,False
UMA,-5.906082495867766,False
INIT,-5.784778938842975,False
DYM,-5.457731940495867,False
kBONK,-5.200202419834709,False
MON,-5.1751780499999995,False
KAITO,-4.762610013223139,False
BRETT,-4.559750132231404,False
kFLOKI,-4.143299732231405,False
SEI,-3.342978168595042,False
BNB,-2.7458198280991732,False
AIXBT,-2.717144945454545,False
IMX,-2.442440033057851,False
SYRUP,-1.7647764599999993,False
HBAR,-1.6976937917355353,False
SAND,-1.459266138842975,False
W,-1.4542794545454538,False
AVNT,-0.5355696099999999,False
MELANIA,-0.14694719008264298,False
RSR,-0.06875369256198362,False
