coin,fundingRate_avg_5d,isNew
LAYER,-304.907417414876,False
STABLE,-126.25344642644626,False
MOVE,-81.871523246281,False
kLUNC,-59.78332803966943,False
CHIP,-59.582750826446265,False
BANANA,-49.64413409256199,False
BLAST,-48.89785521322314,False
ACE,-47.12119255537186,False
SKY,-20.149731004958678,False
KAITO,-14.1694288661157,False
W,-13.582196112396693,False
INJ,-12.154019285950412,False
EIGEN,-11.582406842975207,False
JTO,-9.280569877685952,False
COMP,-8.825179467768594,False
MERL,-8.700322680991736,False
NOT,-6.356670833057851,False
WLFI,-5.912881993388429,False
BLUR,-5.904913289256199,False
ICP,-5.387544069421487,False
TRUMP,-4.020198565289255,False
WLD,-2.5417407867768587,False
ATOM,-2.47043438677686,False
BERA,-2.1766942115702483,False
GRIFFAIN,-1.1883055834710734,False
BSV,-1.0061446413223132,False
DYM,-0.2888859768595034,False
