coin,fundingRate_avg_5d,isNew
BERA,-779.2487197586777,False
IP,-414.13135796033055,False
MOVE,-373.31857225785126,False
XAI,-361.4378830710744,False
BLUR,-339.8164829256198,False
ME,-332.9225663603306,False
KAITO,-293.89305964958675,False
AVNT,-291.34274523,False
BLAST,-120.46972809917357,False
VVV,-82.4902196033058,False
LAYER,-80.42809967603306,False
ANIME,-64.28628730909091,False
IO,-52.98698122314049,False
GMT,-38.92658105454545,False
BSV,-33.07683187438017,False
ZEC,-32.97693458999999,False
ZORA,-27.892301360000005,False
ACE,-22.251779157024796,False
ATOM,-20.791474849586777,False
STABLE,-20.18824928,False
kLUNC,-19.007713695867768,False
FTT,-18.61289180826447,False
WLFI,-18.411803770000002,False
0G,-16.66126523,False
USUAL,-15.652370171900833,False
MEME,-14.544589983471074,False
TRUMP,-13.727159633057852,False
POLYX,-11.831826485950412,False
FOGO,-11.594700959999999,False
MELANIA,-10.648230307438014,False
REZ,-9.803135732231405,False
WCT,-8.31543,False
SAND,-7.004257814876033,False
PURR,-6.92253787438016,False
TURBO,-6.558717699173553,False
kNEIRO,-6.394742806611568,False
FIL,-4.84105617520661,False
MEW,-3.9273707999999985,False
kFLOKI,-3.5557643603305777,False
ADA,-3.4987859900826446,False
RENDER,-3.0682095471074375,False
APT,-2.602765408264463,False
POPCAT,-1.4433844760330568,False
BCH,-1.2305613619834708,False
kBONK,-0.9588276099173549,False
IMX,-0.24111719008264412,False
SUPER,-0.05765745123966858,False
