coin,fundingRate_avg_5d,isNew
YZY,-403.881187,False
0G,-205.24850528,False
STABLE,-145.53772385000002,False
TRUMP,-141.19459688000003,False
BIO,-122.46247640999998,False
BLAST,-118.79406581,False
FET,-105.45678039,False
DOT,-105.34557948999998,False
REZ,-76.72603169000001,False
BLUR,-74.00370109,False
JTO,-66.27927617,False
AXS,-55.855121450000006,False
SUPER,-52.13816147000001,False
BERA,-51.56054750999999,False
POL,-46.164997789999994,False
ALT,-44.424572669999996,False
COMP,-43.56862577,False
TURBO,-42.61159066,False
W,-38.08697036,False
POLYX,-36.15632329999999,False
RESOLV,-34.28018534,False
IMX,-34.242010719999996,False
AVNT,-34.106227069999996,False
APT,-30.314223819999995,False
HYPER,-29.110632669999998,False
EIGEN,-29.013809120000005,False
MOVE,-27.64490144,False
SAGA,-27.57148242,False
ZETA,-27.44156651,False
GAS,-26.377032330000002,False
kLUNC,-26.306067570000003,False
SEI,-25.89885897,False
WLFI,-23.383271670000003,False
2Z,-23.246358710000003,False
SAND,-22.43395558,False
XAI,-21.889144169999998,False
OP,-21.68320679,False
KAITO,-21.44761024,False
kNEIRO,-20.69319247,False
APE,-20.531559520000002,False
MEW,-18.73692022,False
PROVE,-18.419084790000003,False
STX,-18.074527710000005,False
IP,-17.74229157,False
ARK,-17.21324159,False
BABY,-15.51991753,False
NEO,-15.421122250000002,False
ME,-15.332207520000003,False
S,-14.919965569999999,False
IOTA,-13.989157900000004,False
BSV,-13.374611050000002,False
DYM,-12.572001600000002,False
WCT,-10.73388861,False
AERO,-10.41454865,False
GRIFFAIN,-10.114532520000001,False
HBAR,-9.834912589999998,False
USUAL,-8.58847774,False
ANIME,-8.177596509999999,False
NOT,-8.069080549999999,False
GMT,-7.950228519999998,False
XLM,-7.6724095,False
kFLOKI,-6.95824904,False
STRK,-6.75944157,False
USTC,-6.116101330000002,False
ZEN,-4.92480119,False
INJ,-4.780962719999999,False
BIGTIME,-4.61923122,False
SUI,-4.155549089999999,False
ADA,-3.529608399999999,False
ETH,-3.43117228,False
INIT,-3.2429242599999997,False
CHILLGUY,-3.0041186299999993,False
TIA,-3.0015672799999993,False
MORPHO,-2.8728098799999997,False
KAS,-2.6307520999999996,False
IO,-2.610855219999999,False
ICP,-2.50289625,False
SUSHI,-2.493104759999999,False
BCH,-2.2527208699999997,False
kSHIB,-1.4669284299999996,False
ARB,-1.17511823,False
PYTH,-1.1607175199999997,False
MINA,-1.1485097299999987,False
MELANIA,-1.0905893399999986,False
BTC,-1.04270353,False
TNSR,-0.34645288999999874,False
SOL,-0.017521459999999784,False
