coin,fundingRate_avg_5d,isNew
BERA,-1066.22979918,False
ME,-623.46783836,False
IP,-407.74696551,False
MOVE,-385.97148599,False
XAI,-378.02467240999994,False
KAITO,-320.76452872,False
BLUR,-164.84435724000002,False
LAYER,-140.25695057,False
MOODENG,-94.27782392,False
BLAST,-84.26135084000002,False
IO,-82.13978834,False
ANIME,-53.57178511,False
ACE,-39.277174769999995,False
GMT,-38.41521632,False
BSV,-35.44483975000001,False
TURBO,-29.078477630000002,False
EIGEN,-25.41374769,False
kLUNC,-23.489018010000002,False
DYM,-22.517925289999997,False
TRUMP,-21.071387950000002,False
USUAL,-20.436690180000006,False
ATOM,-20.38741591,False
FIL,-18.17753655,False
MEME,-17.35280664,False
POLYX,-16.34303049,False
MEW,-15.820684829999998,False
VVV,-15.622454060000006,False
IMX,-15.105373890000001,False
kFLOKI,-14.763732429999997,False
SUPER,-13.839638569999996,False
REZ,-11.452124659999999,False
TNSR,-11.37929694,False
APT,-11.131734960000001,False
AIXBT,-9.873487249999998,False
ZRO,-9.47222377,False
SAND,-9.159124579999999,False
ADA,-8.8799755,False
POPCAT,-8.5767408,False
BRETT,-8.56565794,False
MELANIA,-8.548240139999999,False
kNEIRO,-8.195253019999999,False
RENDER,-8.12967566,False
PURR,-7.812760759999994,False
kBONK,-7.43335275,False
JTO,-7.38007151,False
XLM,-6.974428029999999,False
PNUT,-6.182269259999999,False
RSR,-5.370094619999999,False
BCH,-4.60527727,False
NOT,-4.392391019999999,False
GMX,-3.8097239999999992,False
NEO,-3.0345581699999995,False
AVAX,-2.0384008999999996,False
STRK,-1.4693323199999992,False
ETC,-1.3652138799999998,False
ONDO,-0.8097875400000003,False
PENGU,-0.6299374399999996,False
