coin,fundingRate_avg_5d,isNew
0G,-764.5756754699999,False
AXS,-687.54180862,False
AVNT,-384.75338098,False
RESOLV,-354.0566868,False
YZY,-346.7618946200001,False
LAYER,-207.99478572,False
BERA,-203.65690672,False
BLAST,-197.53648452000002,False
KAITO,-159.34159972000003,False
MOVE,-148.19051757000003,False
ZORA,-138.05608233,False
DASH,-131.26224389,False
SUPER,-116.92508695999999,False
MOODENG,-108.88974555,False
WCT,-83.16219349,False
MANTA,-53.58212191,False
FOGO,-50.74218612,False
ZETA,-46.88420182,False
DYM,-45.97839373000001,False
ME,-44.01621869999998,False
XAI,-43.82086705,False
IO,-41.92739305,False
ANIME,-41.08166834,False
REZ,-40.04683859,False
SOPH,-37.82734221,False
kPEPE,-34.34894623,False
POPCAT,-33.59456715,False
ACE,-30.329953129999993,False
SKY,-29.79789336,False
IP,-28.452085800000003,False
POL,-26.932535320000003,False
LINEA,-26.24105231,False
APT,-25.966331410000002,False
ATOM,-25.59683534,False
PURR,-24.61466049,False
kFLOKI,-24.613793979999997,False
AIXBT,-20.289355009999998,False
SAND,-19.920464110000005,False
WLFI,-18.858644070000004,False
ICP,-18.52251995,False
kLUNC,-16.96896315,False
TRUMP,-16.76927822,False
STRK,-16.17537139,False
JTO,-15.67391395,False
HEMI,-15.280799459999999,False
SAGA,-14.172523680000003,False
TURBO,-14.02840708,False
PROVE,-13.79322444,False
STX,-13.14911259,False
MERL,-13.050704939999997,False
AVAX,-12.426268050000001,False
HYPER,-12.011014849999999,False
ENA,-9.89787363,False
CAKE,-9.83268609,False
EIGEN,-9.767285389999998,False
ETC,-9.508321539999999,False
RSR,-8.92803578,False
S,-8.80736094,False
ZEC,-7.654526689999999,False
2Z,-7.370283670000002,False
VVV,-6.896968459999998,False
BRETT,-6.724589179999999,False
XLM,-6.39612933,False
SOL,-6.056827520000001,False
LTC,-5.96357586,False
PENGU,-5.811814699999999,False
SPX,-5.709778219999999,False
PNUT,-5.3460031599999995,False
RENDER,-4.959725849999999,False
GMT,-4.366422729999999,False
OP,-4.141441109999999,False
BABY,-3.56982921,False
PAXG,-3.28656147,False
SNX,-2.9403115200000003,False
GOAT,-1.6021828299999983,False
ALT,-1.5834634400000003,False
STABLE,-1.462590039999999,False
BNB,-1.0460389,False
BCH,-0.8840044499999999,False
CRV,-0.7634602800000001,False
BTC,-0.7059282500000003,False
SCR,-0.5922256399999983,False
NIL,-0.31638272999999806,False
CELO,-0.2869980399999987,False
DOGE,-0.2072761999999996,False
VIRTUAL,-0.10711216999999995,False
