coin,fundingRate_avg_5d,isNew
ACE,-257.29044472,False
POLYX,-49.88085036,False
kBONK,-32.005407519999984,False
GMT,-30.60496165,False
STABLE,-26.320328119999992,False
W,-26.04365082,False
kNEIRO,-25.50924994,False
OP,-25.27865535,False
TURBO,-24.378006900000003,False
SUPER,-24.217711310000002,False
AERO,-22.66029719,False
NEO,-21.461801440000002,False
ZETA,-20.02167715,False
UMA,-18.42984937,False
TRB,-17.94244151,False
ATOM,-17.301241630000003,False
ZORA,-16.807192230000002,False
ME,-16.45570234,False
S,-15.81917227,False
MET,-13.332231630000006,False
WCT,-12.93806083,False
TRX,-12.54589753,False
YGG,-11.9000658,False
MOODENG,-11.823697580000003,False
HYPER,-11.192191370000002,False
VIRTUAL,-10.312420190000001,False
TIA,-9.957275919999999,False
ZK,-9.594151289999997,False
XAI,-9.209215720000001,False
GAS,-8.02264744,False
SEI,-7.6980879799999995,False
AIXBT,-6.54031893,False
MEME,-6.383714949999997,False
POPCAT,-6.238385089999999,False
PYTH,-4.940637809999999,False
MINA,-4.75443671,False
SOPH,-4.458770649999999,False
IO,-3.0019300899999997,False
KAS,-2.9780627399999995,False
MERL,-2.8087874199999994,False
REZ,-2.386991959999999,False
MOVE,-1.9625298100000002,False
kFLOKI,-1.8240276399999984,False
RENDER,-1.77642653,False
TRUMP,-1.4625637599999999,False
BSV,-1.43073649,False
ANIME,-0.8525429099999999,False
STRK,-0.706277189999999,False
ALT,-0.1453481099999994,False
