coin,fundingRate_avg_5d,isNew
OM,-1388.98009872,False
INIT,-897.66744755,False
YZY,-862.8501033900001,False
VVV,-618.1373973399999,False
AXS,-604.30535442,False
BERA,-448.4227837799999,False
JTO,-349.51174038,False
MOVE,-317.58031179,False
MOODENG,-286.12331969,False
COMP,-276.01131662,False
0G,-257.78245230999994,False
BLAST,-212.07279275,False
ACE,-193.99800078,False
SUPER,-128.09853047000001,False
SOPH,-126.30909241999998,False
RESOLV,-120.041711,False
UMA,-105.34697817,False
ZORA,-90.68651957000002,False
AVNT,-88.33828404,False
ARK,-81.51539379,False
TNSR,-59.933699340000004,False
NXPC,-49.18763798,False
DYM,-43.09369945,False
SKR,-43.03938672,False
XAI,-34.484853980000004,False
AZTEC,-33.94323851,True
REZ,-30.11638871,False
MINA,-27.97776392,False
2Z,-25.557748950000004,False
PYTH,-25.273633680000003,False
APT,-22.42163537,False
FET,-21.873619259999998,False
MERL,-21.64317359,False
LAYER,-20.87546909,False
SKY,-20.629090440000002,False
BSV,-19.807391490000004,False
TAO,-19.464198050000004,False
IO,-19.29161583,False
IP,-19.147248109999996,False
BIGTIME,-18.834878190000005,False
YGG,-17.966132930000004,False
BABY,-17.88171062,False
SPX,-16.00631288,False
CELO,-15.770191460000005,False
XRP,-14.82140827,False
SAGA,-14.58104336,False
TRUMP,-14.428890919999997,False
SOL,-14.31199748,False
POLYX,-13.814011189999999,False
KAS,-12.24056043,False
DASH,-10.97851964,False
LINEA,-10.670839970000001,False
XLM,-10.6630151,False
kLUNC,-10.46869348,False
BLUR,-10.300259120000002,False
MANTA,-9.458549410000002,False
CAKE,-9.261942159999998,False
MEME,-8.977786739999999,False
RSR,-7.995260759999998,False
DOT,-7.4743692600000005,False
NEO,-6.69342986,False
kFLOKI,-6.18820051,False
SEI,-6.187684399999998,False
NIL,-5.628662079999997,False
USTC,-5.216309169999999,False
KAITO,-5.145069930000001,False
S,-4.745392739999999,False
AIXBT,-3.9803943499999987,False
EIGEN,-3.5438601899999997,False
WCT,-3.2239909799999995,False
IOTA,-2.605643019999999,False
STX,-1.82752945,False
JUP,-1.6608660699999998,False
ZETA,-1.5602414099999982,False
ADA,-1.4439524099999999,False
UNI,-1.4077612,False
ENS,-1.1694782499999987,False
kSHIB,-0.76971054,False
ATOM,-0.4900570299999996,False
PENGU,-0.3869459899999999,False
SUI,-0.1107548699999999,False
