coin,fundingRate_avg_5d,isNew
0G,-1127.7148795338842,False
GAS,-960.8675967272728,False
POLYX,-632.7203307966942,False
KAITO,-425.95265579504127,False
TST,-290.1457444958678,False
TNSR,-213.41176650247934,False
AVNT,-202.17876275702477,False
WCT,-173.71915892231405,False
MERL,-164.72325863801652,False
ANIME,-147.13207676033056,False
GMT,-140.6979581157025,False
BLAST,-118.18333986446281,False
RESOLV,-117.2006618876033,False
INIT,-104.88830379173555,False
LAYER,-90.54485137190083,False
DYM,-82.58665055206612,False
BIGTIME,-82.36055133223141,False
TURBO,-70.55717819504132,False
ZORA,-69.9751326644628,False
MOVE,-67.59959586446281,False
ARK,-67.35285345123968,False
USTC,-62.20240276363637,False
BIO,-60.2234369553719,False
NIL,-58.40912512066116,False
SOPH,-55.74037374545454,False
HMSTR,-50.84349320330581,False
SUPER,-50.21114138181818,False
MANTA,-49.598665348760335,False
MOODENG,-41.01121924958677,False
REZ,-40.4104056,False
IMX,-39.62073865785124,False
kLUNC,-39.581220198347104,False
VVV,-38.88011902809918,False
HYPER,-35.30009091570248,False
FXS,-35.06684541818181,False
CELO,-32.03287878347108,False
IO,-31.351271871074378,False
XAI,-23.638210601652894,False
EIGEN,-23.22975496859504,False
OM,-22.874166297520656,False
BLUR,-21.9212592892562,False
BABY,-20.541135768595044,False
ME,-20.280968836363638,False
CFX,-20.0441614214876,False
BANANA,-19.072848277685953,False
FET,-18.306766730578513,False
ZRO,-17.21149379504132,False
kFLOKI,-16.428819649586778,False
PROVE,-15.832433057851244,False
2Z,-13.596822416528926,False
NOT,-12.917126052892563,False
UMA,-12.410941398347108,False
WIF,-11.668714561983471,False
MEW,-11.351111712396694,False
SEI,-10.601039970247934,False
SAGA,-10.385398452892563,False
ZETA,-10.376070138842975,False
SUSHI,-10.218093312396693,False
ETC,-9.894968042975208,False
FIL,-9.571487305785125,False
DOT,-9.43786907107438,False
IP,-9.373016112396696,False
NEO,-9.076491560330577,False
CC,-7.902119444628102,False
SKY,-7.533356023140494,False
STX,-7.4727585421487595,False
BSV,-6.789033302479339,False
MEME,-6.699219411570246,False
ALT,-6.51874748429752,False
JUP,-6.467344383471073,False
GMX,-6.353966092561983,False
USUAL,-4.460863487603305,False
kSHIB,-4.242482479338843,False
POL,-3.490262727272727,False
XLM,-2.4933522842975204,False
ADA,-1.8686976793388432,False
S,-1.843475395041322,False
AR,-0.9915849421487599,False
ATOM,-0.5915671438016518,False
TRUMP,-0.23750893884297475,False
