coin,fundingRate_avg_5d,isNew
STABLE,-299.63529484000003,False
MOVE,-267.81765792,False
AVNT,-67.64138317,False
ME,-64.27246090999999,False
TRX,-58.432355789999995,False
ZEC,-56.760162310000005,False
SNX,-53.66442941000001,False
ZK,-48.738889459999996,False
SEI,-47.71136555000001,False
UMA,-46.573983209999994,False
IO,-45.85630269,False
BSV,-41.75434873999999,False
kNEIRO,-38.45192729,False
MERL,-36.477130560000006,False
PROVE,-33.300150120000005,False
MEME,-32.63838395,False
GMT,-31.576234680000002,False
W,-29.40042296,False
SAGA,-27.32711419,False
JTO,-24.71526982,False
AERO,-23.361743240000003,False
STRK,-23.117205650000002,False
POPCAT,-22.931111129999998,False
STX,-22.06611588,False
MOODENG,-21.911519400000003,False
MON,-20.928475850000005,False
kLUNC,-20.18087774,False
ALT,-18.9795985,False
ICP,-17.69677534,False
ADA,-15.358665639999996,False
CAKE,-14.605990380000005,False
JUP,-14.519671529999998,False
SOL,-13.792847029999999,False
WIF,-13.66498753,False
COMP,-13.445599170000001,False
TURBO,-12.13777643,False
TON,-11.74812725,False
INJ,-11.60021611,False
2Z,-9.7135114,False
WLD,-9.66216247,False
ATOM,-9.50717763,False
OP,-9.0614024,False
APT,-8.53982032,False
FIL,-7.8688525,False
ZEN,-7.827885630000002,False
AVAX,-7.6696858699999995,False
ETC,-7.62321188,False
kSHIB,-6.80597323,False
CHIP,-6.427244849999998,False
PUMP,-5.742980079999998,False
SUSHI,-5.695245379999999,False
HMSTR,-5.263342339999998,False
MEGA,-4.304373459999999,False
PNUT,-3.23864719,False
PYTH,-3.12007183,False
MINA,-2.7400060899999996,False
kFLOKI,-2.557073929999999,False
POL,-2.5409095399999995,False
ARB,-2.3757952200000005,False
kBONK,-2.149534639999999,False
CRV,-1.6861554599999993,False
XRP,-1.6228338000000002,False
ALGO,-1.0843930999999996,False
TAO,-1.05853723,False
XAI,-1.0467827699999996,False
DOGE,-0.7736488900000001,False
DASH,-0.6676244199999982,False
PENDLE,-0.5567797599999993,False
ONDO,-0.29708809999999947,False
XLM,-0.17712136000000006,False
RENDER,-0.09048057999999984,False
