coin,fundingRate_avg_5d,isNew
POLYX,-223.61758278347105,False
CHIP,-161.92941373884295,False
STABLE,-126.82996881322313,False
kLUNC,-41.190359077685955,False
BSV,-31.62983190743801,False
WLD,-30.906250839669426,False
SAGA,-30.70905961983472,False
APE,-23.96705665785124,False
0G,-22.600337385123968,False
COMP,-21.55008578181818,False
SKY,-18.682784300826448,False
INJ,-18.534840932231404,False
BIO,-16.953797038016535,False
EIGEN,-14.056086049586778,False
APT,-13.592787024793392,False
TRUMP,-13.481662442975207,False
POL,-12.842626958677688,False
AXS,-12.522347603305786,False
W,-12.448956902479342,False
BLUR,-10.889485051239669,False
MON,-9.836645990082644,False
ATOM,-9.542085560330579,False
ICP,-9.161978300826446,False
TURBO,-9.154003080991735,False
BCH,-8.846873861157023,False
PENGU,-8.032200376859505,False
JTO,-7.276955890909092,False
MINA,-7.203064204958679,False
MOVE,-7.079039256198347,False
ALT,-6.333233127272727,False
INIT,-6.085155719008264,False
NOT,-5.536786958677685,False
kSHIB,-5.534872790082644,False
SAND,-5.234128234710743,False
BLAST,-4.284329940495866,False
GALA,-3.354347345454545,False
MEGA,-2.9132284958677688,False
CAKE,-2.8447571504132227,False
DASH,-2.349400869421486,False
SEI,-2.342367530578512,False
PYTH,-2.2719783966942146,False
2Z,-2.1002346148760327,False
KAITO,-1.8605110611570241,False
PROVE,-1.3859543504132223,False
BANANA,-1.2281556198347086,False
ADA,-0.8419576264462809,False
BABY,-0.79693774214876,False
SOL,-0.7862309950413222,False
SUI,-0.6116181322314049,False
