coin,fundingRate_avg_5d,isNew
LAYER,-307.53956256000004,False
STABLE,-116.19262685999999,False
MOVE,-81.69338384999999,False
kLUNC,-68.23838373999999,False
BLAST,-54.930162540000005,False
BANANA,-52.08967049000001,False
ACE,-49.80837011999997,False
JTO,-24.493281200000002,False
BLUR,-14.11032257,False
KAITO,-13.729915190000002,False
CHIP,-13.555105009999998,False
MERL,-12.736262550000001,False
SKY,-10.743218740000001,False
GRIFFAIN,-9.526437219999998,False
W,-9.147869440000001,False
MEGA,-8.877657020000001,False
ATOM,-6.31735795,False
WLFI,-6.01930917,False
NOT,-4.986163529999999,False
DYM,-4.304704879999999,False
COMP,-4.033736179999999,False
EIGEN,-3.90269388,False
BERA,-1.8461897099999989,False
