coin,fundingRate_avg_5d,isNew
ALT,-363.56184744,False
SUPER,-296.59689687,False
GMT,-191.93927522000004,False
CHIP,-104.10359544999999,False
ME,-98.97271234,False
BLAST,-89.37218669,False
SAGA,-58.29528077000001,False
STABLE,-43.307469730000015,False
COMP,-37.55552086999999,False
FOGO,-29.1634051,False
BCH,-25.52504933,False
OP,-24.208101590000005,False
TON,-23.917542609999998,False
MINA,-22.00226497,False
ETC,-20.5680639,False
kSHIB,-19.605215070000003,False
BLUR,-16.54571791,False
TRUMP,-15.37901001,False
TST,-14.79563051,False
MEGA,-13.261039110000002,False
PURR,-12.419469560000005,False
DASH,-11.372867100000002,False
VVV,-11.2969325,False
SUSHI,-10.2588652,False
AIXBT,-9.47126747,False
SEI,-9.45452857,False
POL,-9.179220749999999,False
SNX,-8.717013219999998,False
kLUNC,-7.091960220000001,False
ADA,-7.04996697,False
SAND,-6.723331389999999,False
STRK,-6.666660029999998,False
MOVE,-6.62566177,False
MERL,-6.446982589999998,False
STX,-4.6465084,False
0G,-4.430401389999998,False
BTC,-3.9067271299999993,False
SOL,-3.35868401,False
NOT,-3.2416212100000004,False
BOME,-3.1560338199999993,False
AXS,-3.1390036499999985,False
KAITO,-2.6393967599999995,False
HYPER,-1.8651828499999992,False
MOODENG,-1.7889832599999993,False
SUI,-1.5531268299999998,False
SPX,-1.5343023199999988,False
BSV,-1.3124107899999995,False
ZEC,-1.0215006799999995,False
JUP,-0.9951031499999999,False
PNUT,-0.9695217600000001,False
UNI,-0.9059380299999992,False
ICP,-0.7431341599999991,False
kNEIRO,-0.7050471399999997,False
XRP,-0.2450697600000001,False
W,-0.17619498999999986,False
INIT,-0.006213759999998883,False
