coin,fundingRate_avg_5d,isNew
BLUR,-661.3912663735537,False
VINE,-73.25393188760329,False
STABLE,-59.99222508099174,False
BANANA,-43.66394272066117,False
0G,-37.43482834710745,False
kNEIRO,-35.31722576528925,False
IOTA,-33.49848397685951,False
SNX,-28.14297978842975,False
MINA,-24.5298671107438,False
ME,-22.319079847933885,False
ATOM,-19.855604955371906,False
ZETA,-17.144830195041326,False
ANIME,-16.00198683966942,False
AIXBT,-14.53396142479339,False
SAND,-13.383225381818182,False
HYPER,-12.896984568595041,False
STX,-12.782347299173551,False
INJ,-12.444532016528928,False
W,-11.828009008264466,False
ZORA,-11.504568813223141,False
KAS,-10.885278079338844,False
OP,-5.876595322314049,False
ALT,-5.739386211570247,False
XAI,-5.261737438016528,False
BIO,-5.1444207669421465,False
UMA,-4.36295202644628,False
MEME,-4.213313127272726,False
CELO,-3.110894638016529,False
FIL,-1.4812349157024787,False
POLYX,-0.8289160859504126,False
APE,-0.16136137190082578,False
