coin,fundingRate_avg_5d,isNew
POLYX,-730.68846446,False
TST,-238.07151644999982,False
REZ,-132.22394151,False
IP,-108.37338516000001,False
BLAST,-107.52398782,False
kLUNC,-106.97330502000003,False
GAS,-103.70848587,False
MANTA,-69.27831473,False
USTC,-51.63233352,False
ANIME,-47.55804876,False
DYM,-38.264108509999986,False
VVV,-30.891372769999993,False
kNEIRO,-28.824164609999986,False
TURBO,-27.89445924,False
USUAL,-26.882939119999993,False
IMX,-26.833683099999995,False
CELO,-26.617632299999997,False
XAI,-22.907211660000005,False
SUPER,-22.533300549999996,False
UMA,-21.433900840000003,False
MERL,-18.863726330000002,False
LAYER,-18.46159999,False
NEO,-16.863199290000004,False
MOODENG,-15.966000090000005,False
TNSR,-14.998296760000002,False
TRUMP,-13.941248000000005,False
MELANIA,-13.760305089999997,False
MEME,-11.77694035,False
FET,-11.610288650000003,False
XLM,-11.43237378,False
ZETA,-11.401559019999999,False
MINA,-9.478574770000002,False
CFX,-8.821396649999999,False
ATOM,-8.548381759999998,False
ACE,-8.151677129999998,False
WIF,-7.964654779999997,False
OM,-7.848453380000002,False
SAGA,-7.67835462,False
SCR,-7.272186999999999,False
ETC,-6.528069529999999,False
EIGEN,-5.854828489999998,False
BSV,-4.689603220000001,False
BLUR,-4.68947912,False
IO,-3.6964542799999998,False
ALT,-3.156459409999997,False
FTT,-2.541119779999997,False
SUSHI,-2.0258733699999993,False
kFLOKI,-1.7500457899999988,False
PYTH,-1.6983194499999994,False
ZRO,-1.6275152899999987,False
SEI,-1.082908279999999,False
FIL,-1.0704238199999998,False
DOT,-0.6850984299999999,False
OP,-0.3397857999999997,False
