coin,fundingRate_avg_5d,isNew
BLAST,-161.1747172958678,False
CHIP,-134.6527870909091,False
STABLE,-82.24615297190083,False
WLD,-45.488812165289254,False
REZ,-39.62120778842976,False
kLUNC,-38.89246990413223,False
kNEIRO,-37.23159272727273,False
TRUMP,-36.51363036694215,False
APE,-36.23078372231405,False
BERA,-34.990048452892566,False
MERL,-34.49776903140496,False
WLFI,-26.221774234710747,False
YZY,-22.82546142148758,False
XAI,-22.765606006611574,False
COMP,-22.296643388429754,False
BIO,-21.357420079338844,False
KAITO,-18.00192814214876,False
SEI,-15.886703067768595,False
2Z,-15.781604786776857,False
MON,-15.564216337190087,False
IMX,-13.984752138842977,False
CAKE,-12.97528086942149,False
USTC,-12.023666866115702,False
0G,-9.682076876033056,False
ALT,-9.664346201652894,False
ICP,-9.436219150413223,False
BABY,-8.860682082644626,False
STX,-8.659540899173553,False
SUI,-7.560825500826447,False
GRIFFAIN,-7.4500397355371915,False
ARB,-6.6830923239669415,False
AXS,-6.257682109090906,False
GAS,-4.021333021487601,False
XRP,-3.3076131074380166,False
DYM,-3.1849564561983463,False
BANANA,-3.0550333487603285,False
TURBO,-2.9758299173553713,False
GALA,-2.8799347041322316,False
TIA,-2.6878988528925625,False
MOVE,-1.843295851239669,False
BTC,-1.3371307438016529,False
SUSHI,-1.1820063471074378,False
STRK,-0.837269940495867,False
