coin,fundingRate_avg_5d,isNew
YZY,-510.7759182347108,False
ZETA,-275.4784660066116,False
BIO,-139.50965108429753,False
SAGA,-119.1566649123967,False
FTT,-116.45582008264464,False
STABLE,-112.85533483636365,False
BLAST,-104.08880248264462,False
BLUR,-93.60023005289256,False
ALT,-70.5899557983471,False
COMP,-69.39376549090908,False
DOT,-64.5131727570248,False
0G,-58.76625439338843,False
FET,-58.363016390082656,False
ACE,-56.10867093223139,False
TRUMP,-41.845537576859506,False
SUPER,-41.12193117024793,False
TURBO,-37.608276347107434,False
kLUNC,-37.39404584132231,False
BERA,-33.61669836694215,False
XAI,-32.091086449586776,False
JTO,-31.71856925950413,False
KAITO,-30.08665727603305,False
POLYX,-25.648633497520663,False
REZ,-24.67434846942149,False
AVNT,-23.882985272727275,False
APE,-21.985660492561983,False
W,-20.48803713719008,False
S,-20.16008807603306,False
PROVE,-17.402058545454544,False
BANANA,-16.758876902479336,False
DYM,-16.639019831404962,False
RESOLV,-16.375887530578517,False
EIGEN,-14.925720932231405,False
OP,-14.667762099173553,False
HYPER,-13.757402628099179,False
MEW,-12.570759996694218,False
ETH,-11.272803828099173,False
POL,-10.965253983471076,False
TIA,-10.662839960330578,False
kNEIRO,-10.431308816528926,False
UMA,-9.779146363636364,False
ME,-8.877703269421488,False
SAND,-8.424019249586776,False
MEME,-8.410706945454546,False
WCT,-8.294587715702482,False
APT,-7.87574894876033,False
IP,-7.6019555107438,False
USUAL,-7.533437107438016,False
SEI,-7.373336885950413,False
BIGTIME,-6.468374588429751,False
INIT,-6.3905387305785135,False
GAS,-6.254994019834711,False
ANIME,-5.8324594016528915,False
MOVE,-5.3466247338842985,False
BTC,-5.303649332231406,False
ARK,-4.690204631404958,False
IO,-4.556666757024793,False
INJ,-4.061972181818181,False
IMX,-3.8936643471074364,False
ARB,-3.330614985123967,False
SUI,-2.7352122644628096,False
2Z,-2.34330723966942,False
AERO,-1.6029294148760331,False
MELANIA,-0.8954747107438041,False
STRK,-0.6630849421487597,False
XLM,-0.3136007603305774,False
WLFI,-0.14045682644627996,False
