coin,fundingRate_avg_5d,isNew
DOOD,-461.79390835000004,False
0G,-282.2315269,False
REZ,-69.39437305,False
BLAST,-53.62935948,False
CELO,-39.52020053,False
BIO,-30.66495451,False
KAITO,-30.366853170000002,False
APT,-23.88517514,False
2Z,-10.374312510000003,True
SUPER,-9.697283500000001,False
MAV,-8.334789599999999,False
ME,-2.916476289999999,False
GMX,-1.2559963899999997,False
