coin,fundingRate_avg_5d,isNew
PROVE,-432.39451541999983,False
SUPER,-279.28128738000004,False
ALT,-277.80964825999996,False
GMT,-186.90907225000004,False
CHIP,-112.38302258,False
ME,-86.72783031,False
BLAST,-86.43363447,False
SAGA,-64.54850822,False
STABLE,-57.64086424,False
TST,-31.653751920000005,False
FOGO,-31.066047899999997,False
COMP,-30.08342994,False
OP,-24.32907135,False
MINA,-21.42848351,False
BCH,-18.386157410000003,False
POL,-16.92102186,False
BLUR,-14.73698888,False
MERL,-12.839259710000002,False
kSHIB,-12.3755586,False
ETC,-12.00794082,False
ICP,-10.798273879999998,False
TRUMP,-10.65645167,False
SUSHI,-7.8064353099999995,False
kLUNC,-7.539270639999999,False
AIXBT,-6.4725741999999995,False
SNX,-6.02756839,False
TON,-5.830945809999999,False
STRK,-5.186420049999999,False
SAND,-5.137476469999999,False
ADA,-5.050745900000001,False
DASH,-4.797464369999999,False
SUI,-3.0507094200000004,False
STX,-2.53954809,False
AXS,-2.4896657299999987,False
CAKE,-2.213859319999999,False
kFLOKI,-1.92897463,False
BOME,-1.4612008499999996,False
KAITO,-1.0934867099999999,False
UNI,-0.77995098,False
NOT,-0.7548871599999997,False
MOODENG,-0.6777458699999995,False
BTC,-0.66188662,False
MEGA,-0.4201879999999991,False
SEI,-0.29387171999999984,False
