coin,fundingRate_avg_5d,isNew
BLUR,-608.3132759900826,False
STABLE,-68.82154998347107,False
ME,-58.168535702479346,False
ZETA,-42.725511431404954,False
BANANA,-39.786434419834706,False
HMSTR,-29.883947256198343,False
ATOM,-27.408184472727278,False
MINA,-26.709859715702482,False
kNEIRO,-25.98528029752066,False
0G,-22.182926280991733,False
IOTA,-18.14722903140496,False
SNX,-15.387957173553716,False
W,-12.979674624793388,False
CELO,-12.378892105785123,False
HYPER,-12.317593100826448,False
ANIME,-10.147521738842974,False
AIXBT,-9.769322856198349,False
DYDX,-5.992319990082643,False
MANTA,-5.504445907438016,False
MEME,-4.940802892561983,False
ZORA,-4.685692145454545,False
TRUMP,-3.751690085950411,False
INJ,-3.6057492099173545,False
STX,-3.029288360330578,False
KAS,-0.9488339702479325,False
ALT,-0.37665610909090835,False
